MANUFACTURE,BRAND,ITEMDESC,QTY,UNIT,PACKSIZE,PACKTYPE,MATCHED,RESULT,nitemcode,company,brand,itemdesc,qty,uomdesc,pack_size,packaging,ERROR,ProductName,Suggestion
SMITHKLINE BEECHAM (PVT) LTD,SENSODYNE,SENSODYNE SOFT 1 NO SAVE 95/=,1,NO,1 NO,BRUSH,1,2,,,,,,,,,MANUFACTURE,,63964
IDEA AFFIX MARKETING ,IDEA TEA,IDEA TEA/ PLPCH/ 100GM,100,GM,100GM,PLPCH,1,2,,,,,,,,,MANUFACTURE,,
IDEA AFFIX MARKETING ,IDEA TEA,IDEA TEA /PLPCH /50GM ,50,GM,50GM,PLPCH,1,2,,,,,,,,,MANUFACTURE,,
UNILEVER SRI LANKA LTD,SUNSILK,SUNSILK NOURISHING SOFT & SMOOTH SHAMPOO WITH EGG PROTEIN 80 ML FREE LIFEBIOY GLOWING SIKN SAKURA AND PINK CLAY 75 GM ,80,ML,80 ML,PLBOT,0,2,63972,UNILEVER SRI LANKA LTD,SUNSILK,SUNSILK NOURISHING SOFT & SMOOTH SHAMPOO 5 NATURAL OILS EGG PROTEIN & VITAMIN C ACTIVE MIX 80 ML PLBOT + FREE LIFEBUOY GLOWING SKIN SAKURA AND PINK CLAY SOAP 75 GM EWRPK,80,ML,80.00 ML,PLBOT,,"1. SUNSILK NOURISHING SOFT & SMOOTH SHAMPOO
   2. LIFEBUY GLOWING SKIN SAKURA AND PINK CLAY SOAP",
FREELAN ENTERPRISES,FREELAN,FREELAN MALDIVE FISH FLAVOUR 70 GM SAVE 10/=,70,GM,70 GM,PLPCH,0,2,34284,FREELAN ENTERPRISES,FREELAN,FREELAN MALDIVE FISH FLAVOUR 70 GM,70,GM,70.00 GM,PLPCH,,Freelan Maldivian Fish Flavor,
UNILEVER SRI LANKA LTD,SUNSILK,SUNSILK STUNNING BLACK SHINE AMLA EXTRACT SHAMPOO 80 ML FREE LIFEBUOY MILD CARE 75 GM,80,ML,80 ML,PLBOT,2,2,,,,,,,,,ITEMDESC,"1. SUNSILK STUNNING BLACK SHINE AMLA EXTRACT SHAMPOO
   2. LIFEBUOY MILD CARE SOAP",63973
PELWATTE DAIRY INDUSTRIES (PVT) LTD,PELWATTE,PELWATTE FULL CREAM MILK POWDER 400 GM PLPCH SAVE 50/=,400,GM,400 GM ,PLPCH,0,2,63955,PELWATTE DAIRY INDUSTRIES (PVT) LTD,PELWATTE,PELWATTE FULL CREAM MILK POWDER 400 GM PLPCH + SAVE RS 50,400,GM,400.00 GM,PLPCH,,PELWATTE FULL CREAM MILK POWDER,
SMITHKLINE BEECHAM PVT LTD,SENSODYNE ,SENSODYNE  SOFT ,1,,1,1,1,2,,,,,,,,,MANUFACTURE,,63964
SUGANDHI DISTRIBUTORS,SUGANDHI,SUGANDHI/PURE CEYLON TEA/PLPCH,100,GM,100 GM,PLPCH,0,2,64206,SUGANDHI DISTRIBUTORS,SUGANDHI,SUGANDHI PURE CEYLON TEA 100 GM PLPCH,100,GM,100.00 GM,PLPCH,,SUGANDHI PURE CEYLON TEA,
SWADESHI INDUSTRIAL WORKS LTD,KHOMBA,KHOMBA BABY/  FLORAL BABY COLOGNE KHOMBA WHITH RATHMAL AND ROSE WATER /30 ML /GBT ,30,ML,30ML,GBT ,1,2,,,,,,,,,PACKTYPE,,64009
NESTLE LANKA,MAGGI COCONUT MILK POWDER,MAGGI/800/GM/PLPCH /REAL COCONUT MILK POWDER ,800,GM,800 GM,PLPCH ,0,1,64209,NESTLE LANKA,MAGGI COCONUT MILK POWDER,MAGGI REAL COCONUT MILK POWDER 800 GM PLPCH,800,GM,800.00 GM,PLPCH,,Maggi Real Coconut Milk Powder,
SMITHKLINE BEECHAM(PVT)LTD,SENSODYNE ,SENSODYNE /1/ NO/SOFT /SENSITIVE /SAVE RS.95/=,1,NO,1 NO,,1,1,,,,,,,,,MANUFACTURE,,
SMITHKLINE BEECHAM(PVT)LTD,SENSODYNE ,SENSODYNE/1 NO /SOFT/SENSITIVE /EFFECTIVE AND GENTLY CLEANING ,1,NO,1 NO,,1,2,,,,,,,,,MANUFACTURE,,
HEMAS MARKETING,VELVET,VELVET GLOW PERFECT SHEA BUTTER & SAFFRON EXTRACT BODY LOTION/200 ML/PLBOT,200,ML,200 ML,PLBOT,0,2,63984,HEMAS MARKETING,VELVET,VELVET GLOW PERFECT SHEA BUTTER & SAFFRON EXTRACT BODY LOTION 200 ML PLBOT,200,ML,200.00 ML,PLBOT,,VELVET GLOW PERFECT SHEA BUTTER & SAFFRON EXTRACT BODY LOTION,
ICL BRANDS (PVT) LTD,SECRETS FLORAL ,SECRETS FLORAL DREAMS COLOGNE SPRAY 30 ML CDBOX 30% OFF,30,ML,30 ML,CDBOX,1,2,,,,,,,,,MANUFACTURE,,
UNILEVER SRI LANKA LTD,AYUSH ,"AYUSH / 70 / GM / CDBOX / PURIFING WELLNESS WITH KOHOMBA, PANCHAVALKADI TAILAM AND MINT ",70,GM,70 GM,CDBOX ,1,2,,,,,,,,,BRAND,,64082
UNILEVER SRI LANKA LTD,LUX,LUX/ 100 / GM / EWRPK  / SANDAL & CREAM  SANDALWOOD  & AROMATIC FLOWERS OIL  / SAVE 1O,100,GM,100 GM,EWRPK ,0,2,36624,UNILEVER SRI LANKA LTD,LUX,LUX SANDAL & CREAM SANDALWOOD & AROMATIC FLOWERS 100 GM,100,GM,100.00 GM,EWRPK,,Lux Sandal & Cream Sandalwood & Aromatic Flowers,
UNILEVER SRI LANKA LTD,AYUSH ,"AYUSH/ 70  / GM / CDBOX  / GLOWING RADIANCE WITH SANDALWOOD, KUNKUMADI  TAILAM AND SAFFRON ",100,GM,100 GM,CDBOX ,1,2,,,,,,,,,BRAND,,64081
UNILEVER SRI LANKA LTD,LUXMI,LUX / 100 / GM  / EWRPK  /  SANDAL & CREAM  SANDALWOOD  & AROMATIC FLOWERS OIL,100,GM,100 GM,EWRPK ,1,2,,,,,,,,,BRAND,,36624
UNILEVER SRI LANKA LTD,AYUSH ,"AYUSH/ 70 / GM / CDBOX  / EXFOLIATING WELLNESS WITH VENIVEL, ALMOND OIL AND COCONUT SHELL POWDER ",70,GM,70 GM,CDBOX ,1,2,,,,,,,,,BRAND,,64132
FONTERRA BRANDS LANKA (PVT)LTD,RED COW,REDC0OW / 18 / GM / PLPCH  / SUGAR ADDED MILK MIX ,18,GM,18 GM,PLPCH ,0,2,63829,FONTERRA BRANDS LANKA (PVT)LTD,RED COW,RED COW - SUGAR ADDED MILK MIX 18 GM PLPCH,18,GM,18.00 GM,PLPCH,,RED COW - SUGAR ADDED MILK MIX,
UNILEVER SRI LANKA LTD,LUXSOFT & GLOW JASMINE  & VITAMIN E  /SAVE / 10,LUX / 100 / GM  / EWRPK  / SOFT & GLOW JASMINE  & VITAMIN E  /SAVE / 10,100,GM,100 GM,,1,0,,,,,,,,,BRAND,,
ASEAN HARDWARE PTE LTD,ALDEGO,ALDEGO/3/GM/SUPER GLUE ,3,GM,3GM,,1,2,,,,,,,,,MANUFACTURE,,
SANJEEWAKA AYURVEDIC PRODUCTS,CHANDANALEPA,CHANDANALEPA/180/ML/PBT/GOTUKOLA ANTI-DANDRUFF SHAMPOO ,180,ML,180ML ,PBT,1,2,,,,,,,,,PACKTYPE,,64208
KANDASAMI ENTERPRISES,CLOREX,CLOREX/250/ML/PBT/ORIGINAL WHITE & WHITE ,250,ML,250ML ,PBT,1,2,,,,,,,,,MANUFACTURE,,
SHELLO COSMETICS CO (PVT)LTD,SHELLO,SHELLO/1000/ML/PBT/HERBAL SHAMPOO ,1000,ML,1000ML ,PBT,1,2,,,,,,,,,PACKTYPE,,64210
SMITHKLINE BEECHAM (PVT)LTD,SENSODYNE,SENSODYNE\1\NO\SENSITIVE SOFT\SAVE RS 95,1,,1,NO,1,0,,,,,,,,,MANUFACTURE,,
SHAW WALLACE CEYLON LTD,RENUKA THICK COCONUT MILK,RENUKA\400\ML\TIN\REAL THICK COCONUT MILK\SHAW WALLACE CEYLON LTD,400,ML,400ML,TIN,1,2,,,,,,,,,BRAND,,64201
UNILEVER SRI LANKA LTD,LEVER AYUSH,AYUSH/GLOWING/RADIANCE/SANDALWOOD/KUMKUMADI TAILAM/AND/SAFFRON/70 GM/CDBOX,70,GM,70 GM,CDBOX,2,2,,,,,,,,,ITEMDESC,Kumkumadi Tailam,64081
UNILEVER SRI LANKA LTD,LEVER AYUSH,AYUSH/PURIFYING/WELLNESS/KOHOMBA/ PANCHAVALKADI/TAILAM AND MINT/70 GM/CDBOX,70,GM,70 GM,CDBOX,2,2,,,,,,,,,ITEMDESC,Kohomba Panchavalkadi Tailam and Mint,64082
HEMAS MARKETING,FEMS,FEMS/10/NO/PLPCH/DRYTEX WINGS 3X PROTECTION ,10,NO,10 NO,PLPCH ,1,2,,,,,,,,,PACKTYPE,,51411
HEMAS MARKETING,FEMS,FEMS/10/NO/PLPCH/COTTON FEEL 3X PROTECTION ,10,NO,10 NO,PLPCH ,1,2,,,,,,,,,PACKTYPE,,51410
UNILEVER SRI LANKA LTD,LIFEBUOY,LIFEBUOY /TOTAL 10 /WITH PURE OLIVE OIL AND HONEY/ FOR MOISTURISED SOFT SKIN /SOAP/ 200/ GM /(100*2) /+/ SAVE /RS/ 50,200,GM,200 GM,PLPCH,1,2,,,,,,,,,PACKTYPE,,63686
UNILEVER SRI LANKA LTD,SUNLIGHT,SUNLIGHT /WITH REAL LEMON/ EWRPK/ 200/ GM/ (100*2)/ + /SAVE/ RS/ 80,200,GM,200 GM,EWRPK,1,0,,,,,,,,,PACKSIZE,,63341
NEW NOORI PACKETTING TEA FACTORY,NOORI KAHATA,NEW/ NOORI /PURE CEYLON TEA / 40 /GM/ PLPCH,40,GM,40 GM,PLPCH,1,,,,,,,,,,BRAND,,64205
SWADESHI INDUSTRIAL WORKS LTD,SWADESHI KHOMBA,SWADESHI/ KHOMBA/ LEMONGRASS/ FOR A PLAYFUL CITRUSY SENSATION/ 67 /GM/EWRPK ,67,GM,67 GM,EWRPK,1,,,,,,,,,,BRAND,,63961
UNILEVER SRI LANKA LTD,AYUSH ,AYUSH/15G/CD BOX/NATURAL GLOW & PROTECT FACE CREAM,15,GM,15G,CD BOX,1,,,,,,,,,,BRAND,,64188
SWADESHI INDUSTRIAL WORKS LTD,KHOMBA BABY,KHOMBA BABY/100/ML/PBT/FLORAL KOHOMBA & ROSE WATER,100,ML,100ML,PBT,1,,,,,,,,,,PACKSIZE,,63475
SANJEEWAKA AYURVEDIC PRODUCTS,CHANDANALEPA,CHANDANALEPA/180/ML/PBT/GOTUKOLA ANTI DANDRUFF SHAMPOO ,180,ML,180ML,PBT,1,,,,,,,,,,PACKTYPE,,64208
UNILEVER SRI LANKA LTD,AYUSH ,AYUSH/25G/CD BOX/ANTI MARK & OIL CONTROL FACE CREAM,25,GM,25G,CD BOX,1,,,,,,,,,,BRAND,,64084
SANJEEWAKA AYURVEDIC PRODUCTS,CHANDANALEPA,CHANDANALEPA/75/G/CD BOX/VRNIVEL,75,GM,75G,CD BOX,1,,,,,,,,,,PACKSIZE,,64208
SANJEEWAKA AYURVEDIC PRODUCTS,CHANDANALEPA,CHANDANALEPA/75/G/CD BOX/KOHOMBA,75,GM,75G,CD BOX,1,,,,,,,,,,PACKSIZE,,64208
CEYLON BISCUITS LIMITED,MUNCHEE ,MUNCHEE CAROL COOKIES NEW LOOK AND TASTE 85GM,85,GM,85GM,PLPCH,1,,,,,,,,,,BRAND,,64092
CEYLON BISCUITS LIMITED,MUNCHEE ,MUNCHEE CAROL COOKIES NEW LOOK AND TASTE 85GM,85,GM,85GM,PLPCH,1,,,,,,,,,,BRAND,,64092
NESTLE LANKA,NESTOMALT,NESTOMALT/400/G/CDBOX/1ST CUP MALTED FOOD/WITH MAGGI PAPARE KOTTU 75G FREE,400,GM,400G ,CDBOX ,0,,63993,NESTLE LANKA,NESTOMALT,NESTOMALT 1 ST CUP MALTED FOOD 400 GM CDBOX + FREE MAGGI PAPARE KOTTU 75 GM PLPCH,400,GM,400.00 GM,CDBOX,,NESTOMALT 1 ST CUP MALTED FOOD,
UNILEVER SRI LANKA LTD,AYUSH,AYUSH/25/GM/CDBOX/NATURAL GLOW & PROTECT FOR A GOLDEN GLOW FACE CREAM,25,GM,25GM,CDBOX,1,,,,,,,,,,BRAND,,64188
UNILEVER SRI LANKA LTD,AYUSH,AYUSH/15/GM/CDBOX/ANTI MARK & OIL CONTROL FOR SPOTLESS & OIL CLEAR SKIN FACE CREAM,15,GM,15GM,CDBOX,1,,,,,,,,,,BRAND,,64084
EMAMI LANKA PVT LTD ,FAIR & HANDSOME,EMAMI FAIR & HANDSOME/30/GM/CDBOX/NATURAL FIRST HEALTHY RADIANCE CREAM,30,GM,30GM,CDBOX,1,,,,,,,,,,MANUFACTURE,,54228
UNILEVER SRI LANKA LTD,AYUSH,AYUSH/15/GM/CDBOX/NATURAL GLOW & PROTECT FOR GOLDEN FACE CREAM,15,GM,15GM,CDBOX,1,,,,,,,,,,BRAND,,64188
CEYLON BISCUITS LIMITED,MUNCHEE CAROL,MUNCHEE CAROL COOKIES 85 GM ,85,GM,85 GM,PLPCH,1,,,,,,,,,,BRAND,,64092
SUPER WHITE LANKA PVT LTD,SUPER WHITE,SUPER WHITE DISHWASH LEMON LIQUID 500 ML PLBOT,500,ML,500 ML,PLBOT,1,,,,,,,,,,PACKTYPE,,40495
AKILA INDUSTRIES,SASEEBRIGHT,SASEEBRIGHT LEMON SOAP 90 GM ,90,GM,90 GM,EWRPK,1,,,,,,,,,,MANUFACTURE,,
KMT TRADERS ,KMT BRIGHT ,KMT BRIGHT LIFE DISH WASH  EXTRA POWER OF LIME 4 L,4,LTR,4 L,PLCAN,1,,,,,,,,,,MANUFACTURE,,
PURE DALE CEYLON (PVT) LTD,PUREDALE,PUREDALE/400/GM/FULL CREAM MILK POWDER/CDBOX ,400,GM,400GM,CDBOX ,1,,,,,,,,,,MANUFACTURE,,52305
DARLEY BUTLER & COMPANY ,DARLEY ,DARLEY / CORN FLOUR / 100GM / CDBOX,100,GM,100GM,CDBOX,1,,,,,,,,,,MANUFACTURE,,
GODAKANDA HERBALS (PVT) LTD - (VENDOL LANKA),VENDOL BABY,VENDOL BABY/ ROSE AND JASMINE /MOISTURISING SOAP /90G /CDBOX,90,GM,90G,CDBOX,1,,,,,,,,,,BRAND,,64165
GODAKANDA HERBALS (PVT) LTD - (VENDOL LANKA),VENDOL BABY,VENDOL BABY/ SANDUN SEPALIKA /MOISTURISING SOAP /90G /CDBOX,90,GM,90G,CDBOX,1,,,,,,,,,,BRAND,,60952
HEMAS MARKETING,FEMS,FEMS/10/NO/PLPCH/DRYTEX WINGS 3X PROTECTION ,10,NO,10 NO,PLPCH ,1,,,,,,,,,,PACKTYPE,,51411
NESTLE LANKA,MAGGI COCONUT MILK POWDER,MAGGI/25/GM/PLPCH/REAL COCONUT MILK POWDER ,25,GM,25 GM,PLPCH,0,,63953,NESTLE LANKA,MAGGI COCONUT MILK POWDER,MAGGI REAL COCONUT MILK POWDER 25 GM PLPCH,25,GM,25.00 GM,PLPCH,,Maggi Real Coconut Milk Powder,
HEMAS MARKETING,FEMS,FEMS/10/NO/PLPCH/COTTON FEEL 3X PROTECTION ,10,NO,10 NO,PLPCH ,1,,,,,,,,,,PACKTYPE,,51410
GLAXO SMITHKLINE BEECHAM,SENSODYNE,SENSODYNE/SOFT/SENSITIVE/TOOTH BRUSH/1 NOS,1,NOS,1 NOS,NONE,1,,,,,,,,,,PACKSIZE,,63964
DUMBARA NATURAL FOODS (PVT) LTD,DUMBARA,DUMBARA/200/ML/PET/FRUIT PUNCH/MANGO DRINK,200,ML,200 ML,PET,1,,,,,,,,,,MANUFACTURE,,14605
DUMBARA NATURAL FOODS (PVT) LTD,DUMBARA,DUMBARA/200/ML/PET/FRUIT PUNCH/PAPAYA DRINK ,200,ML,200 ML,PET,1,,,,,,,,,,MANUFACTURE,,14606
NESTLE LANKA,NESTOMALT,NESTOMALT/400/GM/CDBOX/1 ST CUP/MALTED FOOD DRINK+FREE MAGGI PAPARE KOTTU 75 GM,400,GM,400 GM,CDBOX ,2,,,,,,,,,,ITEMDESC,Malted Food Drink,63993
LAKMEE EXPORTS,LAKMEE,LAKMEE/130/GM/PLPCH/MAGIC MIX/INSTANT NOODLES+FREE LAKMEE SAUCE 15GM SACHET ,130,GM,130 GM,PLPCH ,1,,,,,,,,,,PACKSIZE,,60513
SWADESHI INDUSTRIAL WORKS LTD,KHOMBA,KHOMBA/67/GM/EWRPK/LEMONGRASS,67,GM,67 GM,EWRPK ,2,,,,,,,,,,ITEMDESC,LEMONGRASS,63961
RECKITT BENCKISER (LANKA) LTD,HARPIC,HARPIC/500 ML/PLBOT/POWER PLUS 10X ADVANCED ORIGINAL ,500,ML,500 ML,PLBOT,1,,,,,,,,,,PACKTYPE,,40351
RECKITT BENCKISER (LANKA) LTD,HARPIC,HARPIC/200 ML/PLBOT/POWER PLUS 10X ADVANCED ORIGINAL ,200,ML,200ML,PLBOT,1,,,,,,,,,,PACKTYPE,,40351
LAKJAYA PRODUCTS ,LAKJAYA NOODLES,LAKJAYA NOODLES\500\G\PPP\NOODLES,500,GM,500G,PPP,1,,,,,,,,,,MANUFACTURE,,
KEELLS FOOD PRODUCTS LTD,ELEPHANT HOUSE,ELEPHANT HOUSE/300/GM/PLPCH/CHICKEN SAUSAGES ,300,GM,300GM ,PLPCH ,2,,,,,,,,,,ITEMDESC,CHICKEN SAUSAGES,21130
CEYLON BISCUITS LIMITED,MUNCHEE,MUNCHEE/85 GM/PLPCH/CAROL COOKIES,85,GM,85 GM,PLPCH ,1,,,,,,,,,,BRAND,,64092
PELWATTE DAIRY INDUSTRIES (PVT) LTD,PELWATTE,PELWATTE/PLPCH/400/G/FULL CREAM MILK POWDER SAVE 50/-,400,GM,400G,PLPCH ,0,,63955,PELWATTE DAIRY INDUSTRIES (PVT) LTD,PELWATTE,PELWATTE FULL CREAM MILK POWDER 400 GM PLPCH + SAVE RS 50,400,GM,400.00 GM,PLPCH,,PELWATTE FULL CREAM MILK POWDER,
NESTLE LANKA,MAGGI COCONUT MILK POWDER,MAGGI/125 GM/ REAL COCONUT MILK POWDER/CDBOX,125,GM,125 GM,CDBOX,0,,64057,NESTLE LANKA,MAGGI COCONUT MILK POWDER,MAGGI REAL COCONUT MILK POWDER 125 GM CDBOX,125,GM,125.00 GM,CDBOX,,Maggi Real Coconut Milk Powder,
UNILEVER SRI LANKA LTD,SUNSILK,SUNSILK/80/ML/PLBOT/DAMAGE RESTORE SHAMPOO ACTIV-MIX + FREE LIFEBUOY/75/GM/EWRPK/GLOWING SKIN SAKURA AND PINK CLAY ,80,ML,80ML ,PLBOT ,0,,63972,UNILEVER SRI LANKA LTD,SUNSILK,SUNSILK NOURISHING SOFT & SMOOTH SHAMPOO 5 NATURAL OILS EGG PROTEIN & VITAMIN C ACTIVE MIX 80 ML PLBOT + FREE LIFEBUOY GLOWING SKIN SAKURA AND PINK CLAY SOAP 75 GM EWRPK,80,ML,80.00 ML,PLBOT,,"1. SUNSILK NOURISHING SOFT & SMOOTH SHAMPOO
   2. LIFEBUY GLOWING SKIN SAKURA AND PINK CLAY SOAP",
HEMAS MARKETING,DIVA,DIVA/1000/GM/FRESH 3 IN 1 ROSE & LIME DETERGENT POWDER + FREE DIVA ROSE & LIME 200 GM DETERGENT POWDER,1200,GM,1200 GM,PLPCH,1,,,,,,,,,,PACKSIZE,,59950
CROWN GRINDING MILLS,CROWN,CROWN/250/GM/CURRY POWDER,250,GM,250 GM,PLPCH,1,,,,,,,,,,MANUFACTURE,,
LANKA TRADERS,SUPREME,SUPREME/100/ML/CLOROX,100,ML,100 ML,PLBOT,1,,,,,,,,,,BRAND,,64200
SUNIL GRINDING MILLS,SUNIL,SUNIL/1000/GM/CHILLI PIECES,1000,GM,1000 GM,PLPCH,1,,,,,,,,,,MANUFACTURE,,
CROWN GRINDING MILLS,CROWN,CROWN/250/GM/CHILLY POWDER,250,GM,250 GM,PLPCH,1,,,,,,,,,,MANUFACTURE,,
CROWN GRINDING MILLS,CROWN,CROWN/1000/GM/CHILLI PIECES,1000,GM,1000 GM,PLPCH,1,,,,,,,,,,MANUFACTURE,,
CEYLON BISCUITS LIMITED,MUNCHEE ,MUNCHEE CAROL COOKIES NEW LOOK AND TASTE 85GM,85,GM,85GM,PLPCH,1,,,,,,,,,,BRAND,,64092
UNILEVER SRI LANKA LTD,VASELINE ,VASELINE /100ML/PET/NATURAL ALOE EXTACT,100,ML,100ML,PET,1,,,,,,,,,,PACKTYPE,,
UNILEVER SRI LANKA LTD,WONDERLIGHT ,WONDERLIGHT /110G*2/POCH /JASMINE ,110,GM,110G*2,POCH ,1,,,,,,,,,,PACKSIZE,,63595
SUNSHINE COUNSUMER LANKA LTD,WATAWALA CEYLON ,WATAWALA / 50 GM / PLPCH  / WATAWALA CEYLON  TEA ,50,GM,50 GM,PLPCH ,1,,,,,,,,,,BRAND,,48509
UNILEVER SRI LANKA LTD,VASELINE ,VASELINE  / 100 ML / PLBOT / HEALTHY BRIGHT IN 2 WEEKS SARUM  IN LOTION ,100,ML,100 ML,PLBOT ,2,,,,,,,,,,ITEMDESC,Vaseline,61843
CEYLON BISCUITS LIMITED,MUNCHEE ,MUNCHEE/ 85 GM / PLPCH  / CAROL COOKIE'S ,85,GM,85 GM,PLPCH ,1,,,,,,,,,,BRAND,,64092
CEYLON BISCUITS LIMITED,MUNCHEE ,MUNCHEE  / 340 GM / PLPCH  / CAROL COOKIE'S,340,GM,340 GM,PLPCH ,1,,,,,,,,,,BRAND,,56462
PELWATTE DAIRY INDUSTRIES (PVT) LTD,PELWATTE,PELWATTE /400 GM / PLPCH  / FULL  CREAM MILK POWDER  /  (SAVE RS.50 /=)  ,400,GM,400 GM,PLPCH ,0,,63955,PELWATTE DAIRY INDUSTRIES (PVT) LTD,PELWATTE,PELWATTE FULL CREAM MILK POWDER 400 GM PLPCH + SAVE RS 50,400,GM,400.00 GM,PLPCH,,PELWATTE FULL CREAM MILK POWDER,
BELLOSE LANKA (PVT)LTD,BODY DOO,BODY DOO/ 200 / ML / RESTORING CARE BODY LOTION,200,ML,200 ML,PLBOT ,1,,,,,,,,,,MANUFACTURE,,63968
PURE HERBS INTERNATIONAL LTD,O'NELLE NATURALS,"O,NELLE NATURE'S/100 / ML / PLBOT  /SHEA BATTER AND BEE HONEY PERFUMS BODY  LOTION ",100,ML,100 ML,PLBOT ,2,,,,,,,,,,ITEMDESC,Shea Batter and Bee Honey Perfums Body Lotion,39506
MACKSONS CARE ( PVT) LTD ,MACRON ,MACRON/ 200 / ML / PLBOT  / BODY LOTION  SEA WEED NORMAL SKIN ,200,ML,200 ML ,PLBOT ,1,,,,,,,,,,MANUFACTURE,,
MACKS MARKETING PVT LTD,MACRON,MACRON /200/ML/PLBOT/ CONDITIONER KERATIN ,200,ML,200 ML ,PLBOT ,1,,,,,,,,,,MANUFACTURE,,
BELLOSE LANKA (PVT)LTD,BODY DOO,BODY DOO / 200 / ML /PLBOT/ ALOE HYDRATION BODY LOTION,200,ML,200 ML,PLBOT ,1,,,,,,,,,,MANUFACTURE,,63967
BELLOSE LANKA (PVT)LTD,BODY DOO,BODY DOO  / 200 ML / PLBOT / EXTRA BRIGHT BODY LOTION ,200,ML,200 ML,PLBOT ,1,,,,,,,,,,MANUFACTURE,,64198
PRINT EXCEL PVT LTD,PROMATE,PROMATE/50/PGS/BOOK/NOTE BOOK A6,50,PGS,50 PGS,BOOK,1,,,,,,,,,,PACKSIZE,,64203
RICHARD TRADING CO (PVT) LTD,RICHARD COLOURAY,RICHARD COLOURAY/80/PGS/BOOK/NOTE BOOK A7,80,PGS,80 PGS,BOOK,1,,,,,,,,,,PACKSIZE,,64204
IMPORTED,COLORES ,COLORES / (IMPORTED) / NEW ELITE /12 COLOUR PACK /1 NO CDBOX,12,COLOUR,12 COLOUR ,CDBOX,1,,,,,,,,,,BRAND,,63952
HEMAS PHARMACEUTICALS (PVT) LTD,ENFAGROW A + 4,ENFAGROW A+4/400/G/TIN/PRO VANILLA NUTRITIONL SUPPLEMENT /300/- SAVE,400,GM,400G,TIN,2,,,,,,,,,,ITEMDESC,ENFAGROW A+4/400/G/TIN/PRO VANILLA NUTRITIONL SUPPLEMENT,64148
HEMAS PHARMACEUTICALS (PVT) LTD,ENFAGROW A + 3,ENFAGROW A+3/400/G/TIN/PRO VANILLA NUTRITIONL SUPPLEMENT /300/- SAVE,400,GM,400G,TIN,2,,,,,,,,,,ITEMDESC,ENFAGROW A+ Nutrition Supplement,63985
CIC HOLDINGS (PVT) LTD,ENSURE,ENSURE/400/G/TIN/GOLD ALMOND FLAVOUR,400,GM,400G,TIN,0,,64190,CIC HOLDINGS (PVT) LTD,ENSURE,ENSURE (CIC) GOLD ALMOND FLAVOUR 400 GM TIN,400,GM,400.00 GM,TIN,,ENSURE  GOLD ALMOND FLAVOR,
