CATEGORY,MANUFACTURE,BRAND,ITEMDESC,PACKTYPE,qty,uomdesc
134,LIFE FOOD & BEVERAGE-NEPAL,FARM FRESH COCO,FARM FRESH COCO \180ML\CAN\COCONUT FLAVOUR ,CAN,180.0,ML
118,VARUN BEVERAGE -NEPAL,MIRINDA ORANGE,MIRINDA ORANGE PBT 2.25 L 250ML MOUNTAIN DEW FREE,PBT,2250.0,ML
134,R.R PROCESSED DRINKING WATER ,R.R DRINKING WATER ,R.R ,PET,1000.0,ML
134,BAUDDHA GRAMEEN PROCESSED DRINKING WATER,PROCESSED DRINKING WATER ,BG AQUA FRESH ,PET,1000.0,ML
134,BAUDDHA GRAMEEN PROCESSED DRINKING WATER,PROCESSED DRINKING WATER ,BG AQUA FRESH ,PET,1000.0,ML
134,BAUDDHA GRAMEEN PROCESSED DRINKING WATER,PROCESSED DRINKING WATER ,BG AQUA FRESH ,PET,1000.0,ML
134,BAUDDHA GRAMEEN PROCESSED DRINKING WATER,PROCESSED DRINKING WATER ,BG AQUA FRESH ,PET,1000.0,ML
134,R.R PROCESSED DRINKING WATER ,R.R DRINKING WATER ,R.R ,PET,1000.0,ML
134,WATER CAMPER PVT.LTD,NATURAL WATER,NATURAL WATER\100MLL\PET\RS:25\WATER CAMPER PVT.LTD NEPAL,PET,1000.0,ML
134,WATER CAMPER PVT.LTD,NATURAL WATER,NATURAL WATER\100MLL\PET\RS:25\WATER CAMPER PVT.LTD NEPAL,PET,1000.0,ML
118,M.D.BOTTLERS INDS-NP,CHAUCA COLA,CHAUCA COLA-COLA PET 1.5LTR,PET,1500.0,ML
118,VARUN BEVERAGE -NEPAL,MIRINDA ORANGE,MIRINDA ORANGE-ORANGE PET 2250ML FREE 250ML MOUNTAIN DEW WORTH RS 50/-,PET,2250.0,ML
134,GOODLIFE BEVERAGE-NEPAL,GOODLIFE,GOODLIFE-LYCHEE-LITCHI PET 125 ML,PET,125.0,ML
134,JAGADAMBA FOODS PVT LTD-NEPAL ,CHABAA BOOST,CHABAA BOOST MIXED FRUIT PBT 250ML,PBT,250.0,ML
134,JAGADAMBA FOODS PVT LTD-NEPAL ,CHABAA BOOST,CHABAA BOOST MANGO PBT 250ML,PBT,250.0,ML
134,SPRING FOOD & BEVERAGE-NEPAL,PERNA,PERNA-LYCHEE-LITCHI PET 110ML,PET,110.0,ML
134,SINGAPORE BEVERAGE-NEPAL PV.LTD,PIMBU PAANI,LEMONZAAAAA,PET,600.0,
134,LIFE FOOD & BEVERAGE PVT.LTD,COCO,FARMFRESH,CAN,180.0,ML
134,BAUDDHA GRAMEEN PROCESSED DRINKING WATER,PROCESSED DRINKING WATER ,BG AQUA FRESH ,PET,1000.0,ML
134,BAUDDHA GRAMEEN PROCESSED DRINKING WATER,PROCESSED DRINKING WATER ,BG AQUA FRESH ,PET,1000.0,ML
134,R.R PROCESSED DRINKING WATER ,R.R DRINKING WATER ,R.R ,PET,1000.0,ML
134,BAUDDHA GRAMEEN PROCESSED DRINKING WATER,PROCESSED DRINKING WATER ,BG AQUA FRESH ,PET,1000.0,ML
134,SPRING FOOD & BEVERAGE-NEPAL,PERNA,PERNA-LYCHEE-LITCHI PET 110ML,PET,110.0,ML
134,LIFE FOOD & BEVERAGE-NEPAL,KI BU CLASSIC,KI BU\330ML\CAN\CLASSIC ,CAN,330.0,ML
134,P.K. GENETLRAL DRINK L.P THAILAND,BONKO COCONUT ,BONKO COCONUT \320ML\PBT\COCONUT FLAVOUR ,PBT,320.0,ML
134,P.K. GENETLRAL DRINK L.P THAILAND,BONKO MANGO ,BONKO MANGO \320ML\PBT\MANGO FLAVOUR ,PBT,320.0,ML
134,LIFE FOOD & BEVERAGE-NEPAL,FARM FRESH COCO,FARM FRESH COCO \180ML\CAN\COCONUT FLAVOUR ,CAN,180.0,ML
134,LIFE FOOD & BEVERAGE-NEPAL,KI BU CLASSIC,KI BU\330ML\CAN\CLASSIC ,CAN,330.0,ML
134,HIMALAYAN BOTTLERS PVT.LTD NEPAL,AMRAPALI KOOL,AMPRALI LITCHI\125ML\PBT\LICHI FLAVOUR ,PBT,125.0,ML
134,INTER DRINKS CO. LTD.-THAILAND,C LIGHT,C LIGHT\240ML\CAN\LYCHEE ,CAN,240.0,ML
134,CG FOODS- NEPAL,RIO JUICE & GLUCOSE,RIO JUICE & GLUCOSE/MANGO/180ML/TPK,TPK,180.0,ML
118,LIFE FOOD & BEVERAGE-NEPAL,LIFE LITCHI ,LIFE LITCHI/150ML/PBT,PBT,150.0,ML
134,CG FOODS- NEPAL,RIO JUICE & GLUCOSE,RIO JUICE & GLUCOSE/MANGO/180ML/TPK,TPK,180.0,ML
134,CG FOODS- NEPAL,RIO JUICE & GLUCOSE,RIO JUICE & GLUCOSE/MANGO/180ML/TPK,TPK,180.0,ML
134,CG FOODS- NEPAL,RIO JUICE & GLUCOSE,RIO JUICE & GLUCOSE/MANGO/180ML/TPK,TPK,180.0,ML
134,CG FOODS- NEPAL,RIO JUICE & GLUCOSE,RIO JUICE & GLUCOSE/MANGO/180ML/TPK,TPK,180.0,ML
134,JAGHADAMBA FOODS PVT.LTD NEPAL ,CHABAA BOOST,CHABAA BOOST/PINK GUAVA/500ML/PBT,PBT,500.0,
134,CG FOODS- NEPAL,RIO JUICE & GLUCOSE,RIO JUICE & GLUCOSE/MANGO/180ML/TPK,TPK,180.0,ML
134,JAGHADAMBA FOODS PVT.LTD NEPAL ,CHABAA BOOST,CHABAA/250ML/PBT,PBT,250.0,
134,JAGHADAMBA FOODS PVT.LTD NEPAL ,CHABAA BOOST,CHABAA BOOST/PINK GUAVA/500ML/PBT,PBT,500.0,
134,JAGHADAMBA FOODS PVT.LTD NEPAL ,CHABAA BOOST,CHABAA/250ML/PBT,PBT,250.0,
134,JAGHADAMBA FOODS PVT.LTD NEPAL ,CHABAA BOOST,CHABAA BOOST/250ML/PBT,PBT,250.0,
134,CG FOODS- NEPAL,RIO JUICE & GLUCOSE,RIO JUICE & GLUCOSE/MANGO/180ML/TPK,TPK,180.0,ML
134,JAGHADAMBA FOODS PVT.LTD NEPAL ,CHABAA BOOST,CHABAA BOOST/PINK GUAVA/500ML/PBT,PBT,500.0,
134,GOODLIFE BEVERAGE-NEPAL,GOODLIFE,GOODLIFE-LYCHEE-LITCHI PET 125 ML,PET,125.0,ML
134,LIFE FOOD & BEVERAGE-NEPAL,FARM FRESH ,FARM FRESH COCO CAN 180ML,CAN,180.0,ML
134,SINGAPORE BEVERAGE-NEPAL PV.LTD,PIMBU PAANI,LEMONZAAAAA,PET,600.0,
134,COCA COLA COMPANY IMPRTD-IMPTD,MAAZA,MAAZA\200ML\PBT\MANGO,PBT,200.0,ML
134,SPRING FOOD & BEVERAGE-NEPAL,PERNA,PERNA-LYCHEE-LITCHI PET 110ML,PET,110.0,ML
134,GOODLIFE BEVERAGE-NEPAL,GOODLIFE,GOODLIFE-LYCHEE-LITCHI PET 125 ML,PET,125.0,ML
134,JAGADAMBA FOODS PVT LTD-NEPAL ,CHABAA BOOST,CHABAA BOOST MANGO PBT 250ML,PBT,250.0,ML
134,JAGADAMBA FOODS PVT LTD-NEPAL ,CHABAA BOOST,CHABAA BOOST MANGO PBT 1000ML,PBT,1000.0,ML
134,SPRING FOOD & BEVERAGE-NEPAL,PERNA,PERNA-LYCHEE-LITCHI PET 110ML,PET,110.0,ML
134,COCA COLA COMPANY IMPRTD-IMPTD,MAAZA,MAAZA\200ML\PBT\MANGO,PBT,200.0,ML
134,HIMALAYAN BOTTLERS PVT.LTD NEPAL,AMRAPALI KOOL,AMPRALI LITCHI\125ML\PBT\LICHI FLAVOUR ,PBT,125.0,ML
134,SPRING FOOD & BEVERAGE-NEPAL,PERNA,PERNA-LYCHEE-LITCHI PET 110ML,PET,110.0,ML
134,CG FOODS- NEPAL,RIO JUICE & GLUCOSE,RIO JUICE & GLUCOSE/MANGO/180ML/TPK,TPK,180.0,ML
134,CG FOODS- NEPAL,RIO JUICE & GLUCOSE,RIO JUICE & GLUCOSE/MANGO/180ML/TPK,TPK,180.0,ML
134,DABUR INDIA LTD.- INDIA,REAL,REAL FRUIT POWER \135ML\TPK\KOOLERZ MANGO ,TPK,135.0,ML
134,PEPSI COLA CMPNY IMPRTD-IMPRTD,SLICE,SLICE\1750ML\PBT\MANGO,PBT,1750.0,ML
134,MANAKAMANA FRUIT & BEVERAGE PVT.LTD,NEPAL,MANAKAMANA LICHEE\250ML\PBT\LICHEE FLAVOUR ,PBT,250.0,ML
134,JAGADAMBA FOODS PVT LTD-NEPAL ,CHABAA BOOST,CHABAA BOOST PINK GUAVA PBT 250ML,PBT,250.0,ML
134,JAGADAMBA FOODS PVT LTD-NEPAL ,CHABAA BOOST,CHABAA BOOST MANGO PBT 250ML,PBT,250.0,ML
134,JAGADAMBA FOODS PVT LTD-NEPAL ,CHABAA BOOST,CHABAA BOOST LYCHEE PBT 1000ML,PBT,1000.0,ML
134,JAGADAMBA FOODS PVT LTD-NEPAL ,CHABAA BOOST,CHABAA BOOST MIXED FRUIT PBT 1000ML,PBT,1000.0,ML
134,MAHABALESHWOR DAIRY & BEVERAGE-NEPAL,REVA BADAM DRINK,REVA BADAM DRINK/ALMOND & SAFFRON/160ML/CAN,CAN,160.0,ML
134,BHAGESHWOR FOOD AND BEVERAGE NEPAL,KESHARI,KESHARI/1000ML/PBT,PBT,1000.0,ML
134,MARUTI DAIRY PRODUCT-NEPAL,GOPALA FRESHO,GOPALA FRESHO-MANGO CAN 250ML,CAN,250.0,ML
118,LUMBINI BEVERAGE PVT.LTD,MASALA,BUZZ,nan,,
118,AGRO THAI FOODS PVT LTD-NEPAL,COSTA BRAVA SODA,COSTA BRAVA SODA/PBT/500ML/70/AGRO THAI FOODS PVT LTD-NEPAL,PBT,500.0,ML
134,FRUIT AGRO PRODUCT-NEPAL,FRUIT JUMP,FRUIT JUMP-POMEGRANATE CAN 240ML ,CAN,240.0,ML
134,FRUIT AGRO PRODUCT-NEPAL,FRUIT JUMP,FRUIT JUMP-PINEAPPLE CAN 240ML,CAN,240.0,ML
134,SPRING FOOD & BEVERAGE-NEPAL,PERNA LITCHY,PERNA LITCHY\110\ML,PET,119.0,ML
134,WATER CAMPER PVT.LTD,NATURAL WATER,NATURAL WATER\100MLL\PET\RS:25\WATER CAMPER PVT.LTD NEPAL,PET,1000.0,ML
134,MARUTI DAIRY PRODUCT-NEPAL,GOPALA FRESHO,GOPALA FRESHO ORANGE\250ML\CAN\RS:100\MARUTI DAIRY PRODUCT NEPAL,CAN,250.0,ML
134,MARUTI DAIRY PRODUCT-NEPAL,GOPALA FRESHO,GOPALA FRESHO MANGO\250ML\CAN\RS:100\MARUTI DAIRY PRIVATE LIMITED NEPAL,CAN,250.0,ML
134,AGRO THAI FOODS PVT LTD-NEPAL,COSTA BRAVE,COSTA BRAVE CRANBERRY\SPARKLING DRINK\250ML\PET\RS:50\AGRO THAI FOODS PVT.LTD NEPAL,PET,250.0,ML
134,SURYADAYA DAIRY UDHYOG PVT.LTD NEPAL,SURYADAYA,SURYADAYA BADAM DRINK/180ML/CAN/RS:100/SURYADAYA DAIRY UDHYOG PVT.LTD NEPAL,CAN,180.0,ML
134,SPRING FOOD & BEVERAGE-NEPAL,PERNA LITCHY,PERNA LITCHY\110\ML,PET,119.0,ML
134,SPRING FOOD & BEVERAGE-NEPAL,PERNA,PERNA LITCHI/PBT/110ML/20/SPRING FOOD & BEVERAGE-NEPAL,PBT,110.0,ML
134,MAHABALESHWOR DAIRY & BEVERAGE-NEPAL,REVA BADAM DRINK,REVA BADAM DRINK/ALMOND & SAFFRON/160ML/CAN,CAN,160.0,ML
134,CG FOODS- NEPAL,RIO JUICE & GLUCOSE,RIO JUICE & GLUCOSE/MANGO/180ML/TPK,TPK,180.0,ML
134,CG FOODS- NEPAL,RIO JUICE & GLUCOSE,RIO JUICE & GLUCOSE/MANGO/180ML/TPK,TPK,180.0,ML
134,CG FOODS- NEPAL,RIO JUICE & GLUCOSE,RIO JUICE & GLUCOSE/MANGO/180ML/TPK,TPK,180.0,ML
134,CG FOODS- NEPAL,RIO JUICE & GLUCOSE,RIO JUICE & GLUCOSE/MANGO/180ML/TPK,TPK,180.0,ML
118,NEPAL M.D FOOD & BEVERAGE-NEPAL,CROSS-COLA,CROSS-COLA/1500ML/PBT/COLA,PBT,1500.0,ML
