MANUFACTURE,BRAND,ITEMDESC,QTY,UNIT,PACKSIZE,PACKTYPE
UNILEVER SRI LANKA LTD,LEVER AYUSH,"AYUSH/140(110G+30G)/GM/CDB/TOTAL ORAL CARE CAVITY PROTECTION, HEALTHY GUMS & REDUCES PLAQUE WITH CLOVE OIL & DASANAKANTHI CHOORNAM/SAVE RS.50/=",140,GM,140GM(110G×30G),CDB
PELWATTE DAIRY INDUSTRIES (PVT) LTD,PELWATTE,PELWATTE/200/GM/PLPCH/FULL CREAM ,200,GM,200GM,PLPCH 
GODAKANDA HERBALS (PVT) LTD - (VENDOL LANKA),VOLIN ,VOLIN/80/GM/CDB/WHITE BEAUTY WITH NATURAL MOISTURIZER/SAVE RS.35/=,80,GM,80GM ,CDB
JANRICH FOODS LTD,MAYA,MAYA/325/ML/PBT/SOY SAUCE ,325,ML,325ML,PBT
CHERISH BISCUIT (PVT) LTD,CHERISH KIT-O,CHERISH KIT-O/310/GM/PLPCH/STRAWBERRY CREAM ,310,GM,310GM,PLPCH 
PRABODHI FOOD PRODUCTS,PRABODHI,PRABODHI/60/GM/PLPCH/CUTTLEFISH FLAVOUR ,60,GM,60GM ,PLPCH 
PERFETTI VAN MELLE LANKA (PVT) LTD,CHUPA CHUPS,CHUPA CHUPS/1/NO/COLA FLAVOURED BUBBLE GUM FILLED LOLLIPOP(14GM),1,NO,1NO,10000
NESTLE LANKA,MAGGI HOT,MAGGI/75/GM/PLPCH/PAPARE BLAST,75,GM,75GM ,PLPCH 
SWADESHI INDUSTRIAL WORKS LTD,KHOMBA,KHOMBA/350(70G×5)/GM/CDB/ORIGINAL HERBAL CARE 5 IN 1 VALUE PACK/SAVE RS.50/=/FREE/KHOMBA/70/GM/CDB/CLEAR WITH LIME & CUCUMBER HERBAL BAR,350,GM,350GM(70G×5),CDB
PRABODHI FOOD PRODUCTS,PRABODHI,PRABODHI/60/GM/PLPCH/CURRY CHICKEN FLAVOUR ,60,GM,60GM ,PLPCH 
UNILEVER SRI LANKA LTD,LIFEBUOY,LIFEBUOY HEALTH SHAMPOO HERBAL SHAMPOO WITH HERBAL EXTRACTS/175ML/PLBOT + SAVE RS.50,175,ML,175ML,PLBOT
SANJEEWAKA AYURVEDIC PRODUCTS,CHANDANALEPA,CHANDANALEPA KOHOMBA AYURVEDA SOAP/75GM/CDBOX,75,GM,75GM,CDBOX
SANJEEWAKA AYURVEDIC PRODUCTS,CHANDANALEPA,CHANDANALEPA VENIVEL AYURVEDA SOAP/75GM/CDBOX,75,GM,75GM,CDBOX
CEYLON COLD STORES,ELEPHANT HOUSE ,ELEPANT HOUSES VEGAN FROZEN DESSERT PASSION FEELGOOD RANGE 320ML ,320,ML,320ML,CUP
NATURE'S BEAUTY CREATIONS LTD,MISUMI,MISUMI KIYO BEAUTY SOAP/65/GM/CD BOX,65,GM,65GM,CD BOX
UDAKANDA INDUSTRIES,SAPUMAL,SAPUMAL DETERGENT SOPE 150 GM,10000,10000,150 GM,EWRPK
UNILEVER SRI LANKA LTD,POND'S,POND'S/23/GM/CDBOX/BRIGHT BEAUTY SERUM CREAM NINCINAMIDE 98% PURE VITAMIN B3 ANTI-SPOT FORMULA/SAVE RS 90,23,GM,23GM,CDBOX 
RECKITT BENCKISER (LANKA) LTD,HARPIC,HARPIC/500/ML/PLBOT/POWER PLUS 10X ORIGINAL/SAVE RS 50,500,ML,500ML,PLBOT 
NESTLE LANKA,MAGGI,MAGGI/75/G/PLPCH/ PAPAER BLAST  INSTANT NOODLES ,75,GM,75G,PLPCH 
MALIBAN BISCUIT MANUFACTORIES,MALIBAN ,MALIBAN/490/G/PLPCH/CREAM CRACKER SAVE 60,490,GM,490G,PLPCH 
A.BAUR & CO.PVT LTD,PARACHUTE NATURAL,PARACHUTE NATURAL/180/ML/PBT/HAIRFALL CONTROL SHAMPOO COCONUT & GOTUKOLA.,180,ML,180ML,PBT
A.BAUR & CO.PVT LTD,PARACHUTE NATURAL,PARACHUTE NATURAL/180/ML/PBT/NOURISHING CARE SHAMPOO COCONUT & MUKUNUWENNA,180,ML,180ML,PBT
UNILEVER SRI LANKA LTD,VASELINE,VASELINE/200/ML/HEALTHY BRIGHT IN 2 WEEKS SERUM IN LOTION SAVE RS 265,200,ML,200ML,PBT
HARUMI HOLDINGS (PVT) LTD,PARACHUTE NATURAL,PARACHUTE NATURAL/180/ML/PBT/HAIRFALL CONTROL SHAMPOO COCONUT & GOTUKOLA,180,ML,180ML,PBT
NESTLE LANKA,MAGGI,MAGGI/75/GM/PLPCH/PAPARE BLAST,75,GM,75GM,PLPCH 
SUNRICH CONFECTIONERY (PVT) LTD,SUN RICH MILK CRUNCH,SUN RICH/315/G/PLPCH/MILK CRUNCH,315,GM,315G,PLPCH
PERFETTI VAN MELLE LANKA (PVT) LTD,CHUPA CHUPS,CHUPA CHUPS\14\GM\PLPCH\PAPER STICK COLA FLAVOUR BUBBLE GUM FILLED LOLLIPOP,14,GM,14GM,PLPCH
MULTICHEMI INTERNATIONAL LTD,DASH,DASH\100\ML\PBT\MAGIC SOFT FLORAL FRESH AFTER WASH FABRIC CONDITIONER,100,ML,100ML,PBT
MULTICHEMI INTERNATIONAL LTD,DASH,DASH\100\ML\PBT\MAGIC SOFT AQUA FRESH AFTER WASH FABRIC CONDITIONER,100,ML,100ML,PBT
ICL MARKETING,EVA,EVA/8/NO/STAR DRITEX WINGS SECURE FIT,10000,10000,8 NO,10000
SUNRICH CONFECTIONERY (PVT) LTD,SUN RICH ,SUN RICH/35/GM/PLPCH/VANILLA DOUBLE CREAM WAFERS ,35,GM,35GM,PLPCH
SUNRICH CONFECTIONERY (PVT) LTD,SUN RICH CHOCOLATE CREAMY WAFERS,SUN RICH/35/GM/PLPCH/CHOCOLATE DOUBLE CREAM WAFERS ,35,GM,35GM,PLPCH
HAYLEYS CONSUMER PRODUCTS LTD,OLAY,OLAY/50/GM/CDBOX/NATURAL AURA 7 IN ONE NIGHT NOURISHING REPAIR CREAM,50,GM,50GM,CDBOX
SANJEEWAKA AYURVEDIC PRODUCTS,CHANDANALEPA,CHANDANALEPA/75/GM/CDBOX/VENIVEL AYURVEDA SOAP ,75,GM,75GM,CDBOX
HEMAS MARKETING,BABY CHERAMY,"BABY CHERAMY/75/GM/CDBOX/ALMOND OIL, VITAMIN E & MILK BABY SOAP BUY 5 SAVE AS 45 RS",375,GM,375GM,CDBOX
HAYLEYS CONSUMER PRODUCTS LTD,WHISPER,WHISPER/15/NO/PLPCH/ULTRA CLEAN XL 3 SMART LAYERS BUY 2 GET 1 FREE,15,NO,15NO,PLPCH
PRIMELINE INDUSTRIES (PVT) LTD,SO SOFT,SO SOFT/10/NO/PLPCH/COTTON FEEL WINGS SANITARY NAPKINS,10,NO,10NO,PLPCH
SANJEEWAKA AYURVEDIC PRODUCTS,CHANDANALEPA,CHANDANALEPA/75/GM/CDBOX/KOHOMBA AYURVEDA SOAP,75,GM,75GM,CDBOX
COCA-COLA BEVERAGES,FANTA ORANGE,FANTA ORANGE/1500/ML/PBT/SAVE RS. 40/=,1500,ML,1500ML,PBT
JS PRODUCTS,PRITE ,PRITE/330/ML/PBT,330,ML,330ML ,PBT
NESTLE LANKA,MAGGI,MAGGI/75/G/PLPCH/PAPARE BLAST,10000,10000,75/G,PLPCH 
CEYLON COLD STORES,VIBE,ELEPHANT/VIBE/250/ML/CAN/KIWI BURST,250,ML,250ML ,CAN
CEYLON COLD STORES,VIBE,ELEPHANT/VIBE/250/ML/CAN/ORANGE BURST,250,ML,250ML ,CAN
CEYLON COLD STORES,VIBE,ELEPHANT/VIBE/250/ML/CAN/GRAPE BURST,250,ML,250ML ,CAN
CEYLON CONFECTIONERY WORKS PVT LTD,VONKA,VONKA (CEYLON CONFECTIONERY)CHOCO MAGIC/45/GM/EWRP,45,GM,45GM,EWRP
NESTLE LANKA,MAGGI HOT,MAGGI/75/GM/PLPCH/PAPARE BLAST,75,GM,75GM ,PLPCH 
NESTLE LANKA,MAGGI,MAGGI/75/GM/PLPCH/PAPARE BLAST INSTANT NOODLES ,10000,10000,75 GM,PLPCH
CEYLON BISCUITS LIMITED,MUNCHEE ,MUNCHEE/490/GM/PLPCH/SUPER CREAM CRACKER + SAVE 60,10000,10000,490 GM,PLPCH 
DG PRODUCTS,D&G,D&G/50/GM/PLPCH/CHILLI PIECES,10000,10000,50 GM,PLPCH 
MALIBAN BISCUIT MANUFACTORIES,MALIBAN,MALIBAN/490/GM/PLPCH/CREAM CRACKER + SAVE 60,10000,10000,490 GM,PLPCH 
COUNTRY STYLE FOODS,SMAK,SMAK APEMA KAHATA TEA 200,200,GM,200GM,PLPCH
RECKITT BENCKISER (LANKA) LTD,HARPIC ,HARPIC POWER PLUS 10/10 STAIN REMOVAL ORIGINAL 500ML FREE DIVA FRESH 3 IN 1 ROSE & LIME DETERGENT POWDER 200GM,500,ML,500ML,PLBOT
UNILEVER SRI LANKA LTD,PEARS ,PEARS BABY PURE & GENTLE CHOOTY PACK BABY SOAP WITH OLIVE OIL & MOIST. CREAM/ FREE PEARS BABY PURE & GENTLE CHOOTY PACK BABY SOAP WITH OLIVE OIL & MOIST.CREAM 140GM ,140,GM,140GM,CDBOX
CBL FOODS INTERNATIONAL( PVT)LTD,MUNCHEE ,MUNCHEE KOME BITES SWEET MASALA FLAVOUR 15GM,10000,10000,SWEET MASALA ,PLPCH
CBL FOODS INTERNATIONAL( PVT)LTD,MUNCHEE ,MUNCHEE KOME BITES CHEESE CHILLI FLAVOUR 15GM,15,GM,15GM,PLPCH
HEMAS PHARMACEUTICALS (PVT) LTD,SUSTAGEN,SUSTAGEN/NUTRITIONAL/SUPPLEMENT/VANILLA/400 GM/TIN/FREE/LIPTON/YELLOW LABEL/BLACK TEA/20 TEA/BAGS/40 GM/CDBOX,10000,10000,400 GM,TIN
HEMAS PHARMACEUTICALS (PVT) LTD,SUSTAGEN,SUSTAGEN/NUTRITIONAL/SUPPLEMENT/CHOCOLATE/400 GM/FREE/LIPTON/YELLOW LABEL/BLACK TEA/20 TEA/BAGS/40 GM/TIN,10000,10000,400 GM,TIN
SISILRO BEVERAGES (PVT) LTD,RISTA,RISTA/5ML/PET/DRINKING WOTAR,5,ML,5ML,PET
ICL MARKETING,EVA,EVA /STAR /8PAD /POCH PACK /DRITEX WINGS,10000,10000,08,POCH 
CEYLON BISCUITS LIMITED,MUNCHEE SUPER CREAM CRACKER,MUNCHEE /490G/POCH PACK /SUPER CREAM CRACKER /60 PRICE OFF,490,GM,490G,POCH 
RECKITT BENCKISER (LANKA) LTD,HARPIC,HARPIC/500ML/PET/ORIGINAL /FREE DIVA ROSE 200G,500,ML,500ML,PET
CHERISH BISCUIT (PVT) LTD,CHERISH KIT-O,CHERISH/50/G/PLPCH/KIT-O CREAM BISCUT STRAWBERRY FLAVOURED,50,GM,50G,PLPCH
SUNRICH CONFECTIONERY (PVT) LTD,SUN RICH MILK CRUNCH,SUN RICH/315/G/PLPCH/MILK CRUNCH,315,GM,315G,PLPCH
ROYAL PRODUCTS,ROYAL,ROYAL GAMBOGE CREAM 100 GM ,10000,10000,100 GM,PLCUP 
THE CEYLON SPICE HOUSE HOLDINGS,MIHIKATHA,MIHIKATHA/100/ML/PLPCH/JAFFNA CURRY POWDER ,100,GM,100GM ,PLPCH 
WONRICH DAIRY PVT LTD,WONRICH,WONRICH/75/GM/PLCUP/SET YOGHURT ,75,GM,75GM ,PLCUP 
MY COOL LANKA PVT LTD,MY COOL FRUTO,MY COOL FRUTO/185/ML/PLCUP/GRAPE FLAVOURED DRINK,185,ML,185ML,PLCUP
CHERISH BISCUIT (PVT) LTD,CHERISH CREAM WAFERS,CHERISH/30/GM/PLPCH/LEMON CREAM WAFERS,30,GM,30G,PLPCH
MALIBAN BISCUIT MANUFACTORIES,MALIBAN CREAM CRACKER FAMILY PAC,MALIBAN/CREAM CRACKER FAMILY PAC/490/G/PLPCH/SAVE RS 60,10000,10000,490,PLPCH
CARGILLS QUALITY DAIRIES (PVT) LTD,KIST NIYAMA CREAM CRACKER,KIST/500/G/PLPCH/NIYAMA CREAM CRACKER SAVE RS 60,500,GM,500G,PLPCH
PELWATTE DAIRY INDUSTRIES (PVT) LTD,PELWATTE,PELWATTE/200/G/PLPCH/FULL CREAM MILK POWDER,200,GM,200G,PLPCH
DELMAR LANKA PVT LTD,DELMALIGHT,DELMALIGHT/115×2/G/EWRPK/LIME FRESH SAVE RS 30,230,GM,230G,EWRPK
RECKITT BENCKISER (LANKA) LTD,HARPIC,HARPIC/500ML/PLBOT/POWER PLUS 10X ADVANCED ORIGINAL+FREE DIVA FRESH 200G,500,ML,500ML,PLBOT
SUNSHINE COUNSUMER LANKA LTD,ZESTA,ZESTA/390G/TIN/PREMIUM BOPF FREE TIN CADDY,390,GM,390G,TIN
CROWN GRINDING MILLS,CROWN,CROWN/250/GM/CURRY POWDER,10000,10000,250 GM,PLPCH
CROWN GRINDING MILLS,CROWN,CROWN/250/GM/CHILLI POWDER,10000,10000,250 GM,PLPCH
MALIBAN BISCUIT MANUFACTORIES,MALIBAN REAL CHOCOLATE CREAM,MALIBAN/315/GM/PLPCH/REAL CHOCOLATE CREAM BISCUIT HANDY PACK ,10000,10000,315,PLPCH 
SUNIL INDUSTRIES ,GOVIYA ,GOVIYA \400\G\EWRPK \WASHING SOAP SAVE R.S 40,400,GM,400G,EWRPK 
ROYAL DAIRY LANKA (PVT) LTD,ROYAL,ROYAL\80\ML\PL CUP\JELLY YOGHURT ,80,ML,80ML,PL CUP
HEMAS MARKETING,DIVA FRESH,DIVA/FRESH/3 IN 1/GARDENIA & ROSE/1000 KG/SAVE RS.50/=/PLPCH,10000,10000,1000 GM,PLPCH
JAT HOLDINGS,JAT ,JAT/5/L/TIN/WOOD COATING SOLUTIONS ,10000,10000,5 L,TIN
CEYLON BISCUITS LIMITED,WILLIAMS TRENDY WAFERS VANILLA ,WILLIAMS TRENDY/72/GM/PLPCH/WAFERS VANILLA FLAVOURD ,10000,10000,72 GM,PLPCH 
DARLEY BUTLER,SUNNY,SUNNY/50/GM/PLPCH/ORANGE AND ROSE FRESH WITH ALOE VERA ,10000,10000,50 GM,PLPCH 
DARLEY BUTLER,SUNNY,SUNNY/50/G/EWRPK/NO-1/ORANGE & ROSE FRESH  WITH ALOEVERA,50,GM,50G,EWRPK 
NESTLE LANKA,MAGGI,MAGGI/75/G/NO-1/EWRPK/ PAPARE BLAST,75,GM,75G,EWRPK 
NESTLE LANKA,MAGGI,MAGGI/75/GM/PLPCH/PAPARE BLAST,75,GM,75GM,PLPCH
NARAH STATIONERS,TEN,TEN/80/PGS/BOOK/MY NOTES A6,10000,10000,80 PGS,BOOK
GAMI RASA FOOD PRODUCTS,GAMI RAHASA,GAMI RAHASA POLOS SOYA MEAT 50GM,50,GM,50GM,PLPCH
GAMAGE PRODUCTS,GAMAGE ,GAMAGE TURMERIC POWDER 25GM,25,GM,25GM,PLPCH
UNILEVER SRI LANKA LTD,PEARS BABY,PEARS BABY PURE & GENTLE BABY SOAP WITH OLIVE OIL & MOISTURE CREAM 90GM,90,GM,90GM,CDBOX
DUMINDU INDUSTRIES AND PRINTERS PVT LTD,WRITE,WRITE CR/40 PAGES/1NO,10000,10000,40 PAGES,1NO
CEYLON BISCUITS LIMITED,MUNCHEE SUPER CREAM CRACKER,MUNCHEE/490/GM/SUPER CREAM CRACKER ENRICHED WITH VITAMINS + PRICE OFF RS 60,10000,10000,490 GM ,PL POUCH
CHIRAN INDUSTRIES (PVT) LTD,NANO,NANO/5000/ML/PLBT/BOTTLED DRINKING WATER,5000,ML,5000ML,PLBT
SAL HERBALS PRODUCTS ,SAL,SAL/600/ML/PLBOT/NATURAL ALOE VERA DETERGENT LIQUID,10000,10000,600 ML,PLBOT 
DIAMOND BEST FOODS (PVT) LTD,ZARA,ZARA/18/GM/PLPCH/DAILY 2 IN 1 MILK POWDER BLEND WITH ADDED SUGAR,10000,10000,18 GM,PLPCH 
CEYLON BISCUITS LIMITED,MUNCHEE,MUNCHEE/15/GM/PLPCH/KOME RICE CRACER BITES SWEET MASALA FLOVOUR,10000,10000,15 GM,PLPCH 
MALIBAN BISCUIT MANUFACTORIES,MALIBAN,MALIBAN/315/GM/PLPCH/REAL CHOCOLATE CREAM BISCUIT HANDY PACK,10000,10000,315 GM,PLPCH 
MALIBAN BISCUIT MANUFACTORIES,MALIBAN,MALIBAN/85/GM/PLPCH/YOYO CHOCO CREAM,10000,10000,85 GM,PLPCH 
LAKGALA PRODUCTS,LAKGALA,LAKGALA/50/GM/PLPCH/CURRY POWDER ,10000,10000,50 GM,PLPCH 
RAJAGALA LANKA HOLDINGS (PVT) LTD,RAJAGALA,RAJAGALA/100/GM/PLPCH/CUTLFISH SOYA MEAT,100,GM,100GM,PLPCH
RAJAGALA LANKA HOLDINGS (PVT) LTD,RAJAGALA,RAJAGALA/100/GM/PLPCH/PRAWNS SOYA MEAT,100,GM,100GM,PLPCH
SISILRO BEVERAGES (PVT) LTD,RISTA,RISTA/5ML/PET/DRINKING WOTAR,5,ML,5ML,PET
RUHUNULAND MARKETING,RUHUNULAND,RUHUNULAND/50G/POCH PACK /CHILE PIECE ,50,GM,50G,POCH 
MALIBAN BISCUIT MANUFACTORIES,MALIBAN ,MALIBAN/490/G/PLPCH/CREAM CRACKER SAVE 60,490,GM,490G,PLPCH 
NESTLE LANKA,MAGGI,MAGGI/75/G/PLPCH/ PAPAER BLAST  INSTANT NOODLES ,75,GM,75G,PLPCH 
BRINTA ENTERPRISES (PVT) LTD,BRINTA,BRINTA/50/GM/PLPCH/JAFFNA CURRY POWDER,50,GM,50G,PLPCH
JAT HOLDINGS,SAYERLACK,SAYERLACK WB SELF SEALER FOR INTERIOR GLOSS - 40%/1LTR/PLCAN ,10000,10000,1 LTR,PLCAN
CEYLON BISCUITS LIMITED,MUNCHEE SUPER CREAM CRACKER,MUNCHEE/490/GM/SUPER CREAM CRACKER ENRICHED WITH VITAMINS + PRICE OFF RS 60,10000,10000,490 GM ,PL POUCH
HEMAS MARKETING,DIVA DIRIYA,DIVA/500/GM/PLPCH/DIRIYA/DIRT LIFE TECHNOLOGY/DETERGENT POWDER ,10000,10000,500 GM ,PLPCH 
NATURE'S BEAUTY CREATIONS LTD,PANDA BABY ,PANDA BABY/50/ML/PLBOT/SHAMPOO/WITH NELLI AND NEEM,10000,10000,50 ML,PLBOT
RECKITT BENCKISER (LANKA) LTD,HARPIC,HARPIC/500/ML/PLBOT/ORIGINAL/FREE DIVA ROSE &LIME DETERGENT POWDER 200G,500,ML,500ML,PLBOT
UPALI CONSUMER PRODUCTS,SANTOOR,SANTOOR/300/GM/EWRPK/SANDAL & TURMERIC (100G*3) SAVE RS55/=,300,GM,300GM,EWRPK
DARLEY BUTLER & CO.LIMITED ,SUNNY,SUNNY ORANGE & ROSE FRESH WITH ALOE VERA LAUNDRY DETERGENT POWDER 50GM,50,GM,50GM,PLPCH
JANRICH FOODS LTD,KELLS,KELLS SOYA SAUCE 650ML,650,ML,650ML,PLBOT
UNILEVER SRI LANKA LTD,PEARS ,PEARS BABY PURE & GENTLE CHOOTY PACK BABY SOAP WITH OLIVE OIL & MOIST. CREAM/ FREE PEARS BABY PURE & GENTLE CHOOTY PACK BABY SOAP WITH OLIVE OIL & MOIST.CREAM 140GM ,140,GM,140GM,CDBOX
NIPPON PAINT LANKA (PVT) LTD,NIPPON PAINT BREEZE,"NIPPON/1/L/PL CANISTER/BREEZE,3 IN 1 WATERPROOFING PAINT, COLOUR ",1,LTR,1LTR,PL CANISTER 
CEYLON CONSUMER CARE INDUSTRIES,CLOREX ,CLOREX/50/ML/PBT/NO-1/DEEP ACTION POWER ORIGINAL ,500,ML,500ML ,PBT
CHOICE FOODS HOLDINGS PVT LTD,CHOICE FOOD ,CHOICE FOOD/20/G/EWRPK/NO-1/GARAM MASALA,20,GM,20G,EWRPK 
CHOICE FOODS HOLDINGS PVT LTD,CHOICE FOOD ,CHOICE FOOD/45/G/EWRPK/NO-1/BBQ MIX,45,GM,45G,EWRPK
HEMAS MARKETING,DIVA DIRIYA,DIVA DIRIYA/1KG/PLPCH/DIRT LIFT TECHNOLOGY DETERGENT POWDER ,1,KG,1KG,PLPCH 
CEYLON BISCUITS LIMITED,MUNCHEE KOME,MUNCHEE KOME/15G  /PLPCH/SWEET MASALA FLAVOUR BITES ,15,GM,15G,PLPCH 
MINARA FOODS (PVT) LTD,MINARA,MINARA/5000/GM/PLPCH/ SPECIAL NOODLES ,10000,10000,5000 GM,PLPCH 
TRADEX INDUSTRIAL PARK,OMIL,OMIL/100/GM/CDBOX/OMIL KOHOMBA SOAP WITH COCONUT AND NEEM OIL,100,GM,100GM,CDBOX
DIAMOND BEST FOOD (PVT) LTD,JOYFUL,JOYFUL/50/GM/PLPCH/SEAFOOD FLAVOUR ,50,GM,50GM,PLPCH 
SUNSHINE COUNSUMER LANKA LTD,DAINTEE X-TRA,DAINTEE X-TRA/3/GM/1/NO/FRESH CENTERE FILLED BUBBLE GUM STRAWBERRY ,3,GM,3GM,10000
DIAMOND BEST FOOD (PVT) LTD,JOYFUL,JOYFUL/50/GM/PLPCH/CHICKEN FLAVOUR ,50,GM,50GM,PLPCH 
DIAMOND BEST FOOD (PVT) LTD,JOYFUL,JOYFUL/50/GM/PLPCH/CURRY FLAVOUR ,50,GM,50GM,PLPCH 
NESTLE LANKA,MAGGI,MAGGI / 75 / GM / PLPCH / PAPARE BLAST,10000,10000,75 GM,PLPCH
DUMINDU INDUSTRIES AND PRINTERS PVT LTD,WRITE,WRITE/40/CR/PAGES/ CR BOOK,40,PAGES,40PAGES,BOOK
ICL MARKETING,EVA,EVA /STAR /8PAD /POCH PACK /DRITEX WINGS,10000,10000,08,POCH 
ICL MARKETING,REBECCA LEE BABY,REBECALEE/70G*5/CD BOX/CASSIC /SAVE 50/=,70,GM,70G*5,CD BOX
STAR KING,STAR KING,STAR KING / 60 / ML / PLBOT / CLORAEX,10000,10000,60 ML,PLBOT
NESTLE LANKA,MAGGI,MAGGI / 75 / GM / PLPCH / PAPARE BLAST,10000,10000,75 GM,PLPCH
CBL FOODS INTERNATIONAL (PVT)LTD,RITZBURY CHOCO-LA,RITZBURY/25G/PLPCH/CHOCO- LA MILK CHOCO,25,GM,25G,PLPCH
CEYLON BISCUITS LIMITED,MUNCHEE SUPER CREAM CRACKER,MUNCHEE /490G/POCH PACK /SUPER CREAM CRACKER /60 PRICE OFF,490,GM,490G,POCH 
IMPORTED,ROKAF,"ROKAF/1NO/ POUCH/ 9"" PAINT ROLLER",1,NO,1NO,POUCH
STAR PAINT INDUSTRIES,STARLAC,STARLAC/ 200ML/ TIN/ VARNISH,200,ML,200ML,TIN
MALIBAN BISCUIT MANUFACTORIES,MALIBAN CREAM CRACKER FAMILY PAC,MALIBAN/CREAM CRACKER FAMILY PAC/490/G/PLPCH/SAVE RS 60,10000,10000,490,PLPCH
CEYLON BISCUITS LIMITED,TIARA ,TIARA/310/GM/CD BOX/PINEAPPLE FLAVOURED SPONGE LAYER CACK,310,GM,310GM,CD BOX 
CEYLON BISCUITS LIMITED,TIARA ,TIARA/310/GM/CD BOX/PINEAPPLE FLAVOURED SPONGE LAYER CACK,310,GM,310GM,CD BOX 
LAKSIRI ENTERPRISES,LAKSIRI,LAKSIRI /400/GM/PLPCH/ NOODLES,400,GM,400GM,PLPCH
HEMAS MARKETING,FEMS,FEMS/2/NO/PLPCH/COTTON FEEL WINGS FIT TO BODY/15/- SAVE,2,NO,2NO,PLPCH
NESTLE LANKA,MAGGI,MAGGI/75/G/PLPCH/PAPARE BLAST INSTANT NOODLES,75,GM,75G,PLPCH
ICL MARKETING,EVA,EVA/8/NO/STAR DRITEX WINGS SECURE FIT,10000,10000,8 NO,10000
CARGILLS FOOD & BEVERAGE LIMITED ,KIST ,KIST/250/ML/TIN/SPARKLING/ORANGE FLAVOURED DRINK ,10000,10000,250 ML,TIN
CARGILLS FOOD & BEVERAGE LIMITED ,KIST ,KIST/250/ML/TIN/SPARKLING/STRAWBERRY FLAVOURED DRINK ,10000,10000,250 ML,TIN
SWADESHI INDUSTRIAL WORKS LTD,KHOMBA ,KHOMBA/50/ML/CDBOX/KOHOMBA AND VENIVEL BABY COLOGNE,10000,10000,50 ML,CDBOX 
MAHAWELI HOLDING (PVT) LTD,MAHAWELI NC THINNER,MAHAWELI SPECIAL/1000/ML/PLCAN/NC THINNER ,1000,ML,1000ML,PLCAN
MAHAWELI HOLDING (PVT) LTD,MAHAWELI NC THINNER,MAHAWELI SPECIAL/2000/ML/PLCAN/NC THINNER ,2000,ML,2000ML,PLCAN
NESTLE LANKA,MAGGI,MAGGI/75/G/PLPCH/PAPARE BLAST INSTANT NOODLES ,75,GM,75G,PLPCH 
MAAM BISCUITS LANKA (PVT) LTD,MALIBAN ,MALIBAN/490/G/PLPCH/CREAM CRACKER FAMILY PACK SEASONAL OFFER R.S.60,490,GM,490G,PLPCH 
UNILEVER SRI LANKA LTD,FAIR & LOVELY,FAIR/&/LOVELY/IS NOW/GLOW & LOVELY/POWDER/FINISH/CREAM/WITH MULTI VITAMINES/BRICHTENINC/POWDER/25 GM/CDBOX,10000,10000,25 GM,CDBOX
UNILEVER SRI LANKA LTD,FAIR & LOVELY,FAIR/&/LOVELY/IS NOW/GLOW & LOVELY/POWDER/FINISH/CREAM/WITH MULTI VITAMINES/BRICHTENINC/POWDER/50 GM/CDBOX,10000,10000,50 GM,CDBOX
UNILEVER SRI LANKA LTD,PEARS BABY,PEARS BABY/350G(70G*5)/CDBOX/ACTIVE FLORAL FREE PEARS BABY BED TIME CHOOTY PACK 70G SAVE RS 45.00,350,GM,350G(70*5),CDBOX
NESTLE LANKA,MAGGI,MAGGI/75G/PLPCH/PAPARE BLAST INSTANT NOODLES ,75,GM,75G,PLPCH 
CEYLON COLD STORES,VIBE,VIBE/ 250ML/ GRAPE BURST / CAN,250,ML,250ML ,CAN
CEYLON COLD STORES,VIBE,VIBE/ 250ML/ KIWI BURST / CAN,250,ML,250ML ,CAN
CEYLON COLD STORES,VIBE,VIBE/ 250ML/ APPLE BURST / CAN,250,ML,250ML ,CAN
CEYLON COLD STORES,VIBE,VIBE / ORANGE BURST /250ML/ CAN,250,ML,250ML ,CAN
ALOIS ENTERPRISES ,ALOIS,ALOIS\750\ML\GBT\SUPER HIGH GLOSS NC THINNER ,750,ML,750ML,GBT
ALOIS ENTERPRISES ,ALOIS,ALOIS\2\L\PL CAN\WOOD PRESERVATIVE CLEAR ,2,LTR,2L,PL CAN
ALOIS ENTERPRISES ,ALOIS,ALOIS\180\ML\GBT\SUPER HIGH GLOSS NC THINNER ,180,ML,180ML,GBT
RECKITT BENCKISER (LANKA) LTD,HARPIC,HARPIC/500/ML/PBT/NO-1/POWER PLUS 10X ORIGNAL/FREE DIVA ROS3 & LIME,500,ML,500ML,PBT
CAVINKARE PRIVATE LIMITED,MEERA,MEERA/80/ML/PLBOT/HAIR FALL CARE SHAMPOO/SHIKAKAI & BADAM,10000,10000,80 ML ,PLBOT 
USWATTE GOLDEN BISCUITS PVT LTD,USWATTE WAFERS,USWATTE/200/GM/PLPCH/KRISPIES VANILLA WAFERS ,200,GM,200GM ,PLPCH 
USWATTE GOLDEN BISCUITS PVT LTD,USWATTE WAFERS,USWATTE/200/GM/PLPCH/KRISPIES CHOCOLATE WAFERS/USWATTE GOLDEN BISCUITS ,200,GM,200GM ,PLPCH 
USWATTE GOLDEN BISCUITS PVT LTD,USWATTE WAFERS,USWATTE/200/GM/PLPCH / STRAWBERRY WAFERS ,200,GM,200GM ,PLPCH 
LAKLIGHTS PRODUCTS,LAKLIGHTS,LAKLIGHT/50/GM/PLPCH/VEGETABLE FLV SOYA MEAT,50,GM,50GM ,PLPCH 
A BAUR& CO.PVT LTD,PARACHUTE,PARACHUTE/180/ML/PBT/HAIR FALL CONTROL/WITH COCONUT & GOTUKOLA,1080,ML,1080ML,PBT
AMILA PRODUCTS,AMILA,AMILA/100/G/PLUPCH/ROASTED CURRY POWDER ,100,GM,100G,PLUPCH
A BAUR& CO.PVT LTD,PARACHUTE,PARACHUTE/180/ML/PBT/DAMAGE REPAIR /WITH COCONUT & PERA KOLA,180,ML,180ML,PBT
RECKITT BENCKISER (LANKA) LTD,DETTOL,DETTOL/70*4/GM/EWRPK/UP TO 5C COOLING SENSATION+FREE HARPIC/200/ML/PLBT/POWER PLUS 10 ,70,GM,70GM*4,EWRPK
SOLA CHEMICAL CO (PVT) LTD,SOLA,SOLA/500/ML/PLBT/NEW REAL MOPPER DISINFECTANT SURFACE CLEANER LEMON,500,ML,500ML,PLBT
SOLA CHEMICAL CO (PVT) LTD,SOLA,SOLA/500/ML/PLBT/NEW REAL MOPPER DISINFECTANT SURFACE CLEANER LAVENDER,500,ML,500ML,PLBT
NETHMI CONFECTIONERY,SHEHARA,SHEHARA/CHOCOLATE/OPERA/ICING/CAKE/900 GM/CDBOX,10000,10000,900 GM,CDBOX
NETHMI CONFECTIONERY,SHEHARA,SHEHARA/VANILA/GENOISE/VANILA/FLAVOURED/ICING/CAKE/900/GM/CDBOX,10000,10000,900 GM,CDBOX
UNILEVER SRI LANKA LTD,SUNLIGHT DETERGENT,SUNLIGHT/2 IN 1 CLEAN & CITRUS/FRESH/1000 GM/PLPCH,10000,10000,1000 GM,PLPCH
NESTLE LANKA,MAGGI CLASSIC,MAGGI /75G/POCH /PAPARE BLAST/,75,GM,75G,POCH 
CEYLON BISCUITS LIMITED,MUNCHEE SUPER CREAM CRACKER,MUNCHEE /490G/POCH PACK /SUPER CREAM CRACKER /60 PRICE OFF,490,GM,490G,POCH 
KITCHEN DAIYA PRODUCT,KITCHEN DAIYA,KITCHEN /DAYY/100G/POCH PACK /CHIILLE POWDER ,100,GM,100G,POCH 
RHD ENTERPRISES (PVT) LTD,RHD,"RHD/2.5/""/POLYTHENE COVER /PAINT BRUSH, ALL PAINTS",10000,10000,"2.5""",POLYTHENE COVER 
VINI CONSUMER CARE LANKA PVT LTD,FOGG,FOGG/120/ML/TIN/PARADISE FRAGRANT BODY SPRAY FOR WOMEN,10000,10000,120 ML,TIN 
SANJEEWAKA AYURVEDIC PRODUCTS,CHANDANALEPA,CHANDANALEPA/75/GM/CDBOX/KOHOMBA AYUVEDA SOAP,75,GM,75GM,CDBOX
RECKITT BENCKISER (LANKA) LTD,HARPIC,HARPIC /500/ML/PLBOT/POWER PLUS 10X AADVANCED ORIGINAL / FREE DIVA ROSE FREESH 200GM ,500,ML,500ML,PLBOT
SANJEEWAKA AYURVEDIC PRODUCTS,CHANDANALEPA,CHANDANALEPA/75/GM/CDBOX/ VENIVEL AYURVEDA SOAP,75,GM,75GM,CDBOX
SUPIRI LANKA PRODUCTS,SUPIRI LANKA,SUPIRI LANKA/190/ML/PLCUP/ORANGE FLAVOURED DRINK,190,ML,190ML,PLCUP
COCA-COLA BEVERAGES,SPRITE,SPRITE/1500/ML/PBT/SAVE 40,1500,ML,1500ML,PBT
COCA-COLA BEVERAGES,COCA-COLA,COCA-COLA/1500/ML/PBT/SAVE 40,1500,ML,1500ML,PBT
MALIBAN BISCUIT MANUFACTORIES,MALIBAN ,MALIBAN/490/G/PLPCH/CREAM CRACKER SAVE 60,490,GM,490G,PLPCH 
PREMIUM WATER LANKA (PVT) LTD,CATCHY,CATCHY CEYLON DRINKIG WATER 500 ML,10000,10000,500 ML,PLBOT
NEW MIDLEY LANKA MILK PRODUCTS,MIDLEY,MIDLEY FALUDA DRINK 200 ML PET,10000,10000,200 ML,PET
MALLIKA DAIRY PRODUCTS ,MALLIKA,MALLIKA MIXED FRUIT DRINK 200 ML PET,10000,10000,200 ML,PET
MALLIKA DAIRY PRODUCTS ,MALLIKA,MALLIKA CHOCOLATE FLAVOURED MILK DRINK 200 ML PET,10000,10000,200 ML,PET
MALLIKA DAIRY PRODUCTS ,MALLIKA,MALLIKA MIXED FRUIT DRINK 200 ML PET,10000,10000,200 ML,PET
HEMAS PHARMACEUTICALS (PVT) LTD,SUSTAGEN,SUSTAGEN/400/GM/TIN/NUTRITION SUPPLEMENTS CHOCOLATEFLAVOURED/FREE LIPTON TEA PACK(LIPTON YELLOW LABEL 40/GM/20 TEA BAGS),400,GM,400GM,TIN
HEMAS MARKETING,BABY CHERAMY,"BABY CHERAMY BABYSOAP/5 * 75(375)/GM/CD BOX/ALMOND OIL , VITAMIN E & MILK/SAVE RS.45",10000,10000,5 * 75(375)GM,CD BOX 
HEMAS PHARMACEUTICALS (PVT) LTD,SUSTAGEN,SUSTAGEN/400/GM/TIN/NUTRITION SUPPLEMENTS VANILLA FLAVOURED/(FREE LIPTON TEA PACK LIPTON YELLOW LABEL 40/GM/20 TEA BAGS),400,GM,400GM,TIN
NATURE'S BEAUTY CREATIONS LTD,PANDA BABY,PANDA BABY/100/ML/HERBAL COLOGNE NEEM & TURMERIC/GLBOT ,100,ML,100ML ,GLBOT 
PRIMELINE INDUSTRIES (PVT) LTD,SO SOFT,NEW ARRIVAL SO SOFT/10/PADS/PLPCH/EVERY GIRLS TRUST COTTON FEEL WINGS SANITARY NAPKINS.,10,PADS,10PADS,PLPCH 
PRIMELINE INDUSTRIES (PVT) LTD,SO SOFT,NEW ARRIVAL SO SOFT/10/PADS/PLPCH/EVERY GIRLS TRUST DRYTEX WINGS SANITARY NAPKINS.,10,PADS,10PADS,PLPCH 
UNILEVER SRI LANKA LTD,LEVER AYUSH,"AYUSH/140(110G+30G)/GM/CDB/TOTAL ORAL CARE CAVITY PROTECTION, HEALTHY GUMS & REDUCES PLAQUE WITH CLOVE OIL & DASANAKANTHI CHOORNAM/SAVE RS.50/=",140,GM,140GM(110G×30G),CDB
MACLIMUM FMCG (PVT) LTD,MAAM CHOCOLATE CREAM,MAAM CHOCOLATE CREAM/90/GM/PLPCH ,90,GM,90GM ,PLPCH
LELAN MARKETING,SHINE MAX CLOREX,SHINE MAX CLOREX/100/ML/PBT,100,ML,100ML ,PBT
UNILEVER SRI LANKA LTD,RIN,RIN/2000(1KG×2)/GM/PLPCH/REFRESH LEMON & ROSE/FREE/BUCKET/1NO,2000,GM,2000GM(1KG×2),PLBUCKET 
RECKITT BENCKISER (LANKA) LTD,HARPIC,HARPIC/500/ML/PBT/FRESH CITRUS/SAVE RS.50/=/FREE/DIVA FRESH/200/GM/PLPCH/3 IN 1 ROSE & LIME DETERGENT POWDER ,500,ML,500ML ,PBT
BAKTHI HERBAL LANKA (PVT) LTD ,PRO FIX,PRO FIX/3/GM/SUPER GLUE ,3,GM,3GM,10000
NESTLE LANKA,MAGGI HOT,MAGGI/75/GM/PLPCH/PAPARE BLAST,75,GM,75GM ,PLPCH 
RECKITT BENCKISER (LANKA) LTD,HARPIC,HARPIC/500/ML/PBT/FRESH PINE/SAVE RS.50/=/FREE/DIVA FRESH/200/GM/PLPCH/3 IN 1 ROSE & LIME DETERGENT POWDER ,500,ML,500ML ,PBT
UNILEVER SRI LANKA LTD,SIGNAL STRONG TEETH,SIGNAL STRONG TEETH/160/GM/MAX CAVITY PROTECTION & STRONGER ENAMEL/FREE/SIGNAL/1/NO/TRIPLE CLEAN MEDIUM TOOTH BRUSH ,160,GM,160GM ,10000
MANCHESTER FOODS (PVT) LTD,MAAM BANANA CREAM,MAAM BANANA CREAM/360/GM/PLPCH,360,GM,360GM ,PLPCH
RECKITT BENCKISER (LANKA) LTD,HARPIC,HARPIC/500/ML/PBT/POWER PLUS 10X ADVANCED ORIGINAL/SAVE RS. 50/=,500,ML,500ML ,PBT
RECKITT BENCKISER (LANKA) LTD,HARPIC,HARPIC/500/ML/PBT/FRESH FLORAL/SAVE RS.50/=/FREE/DIVA FRESH/200/GM/PLPCH/3 IN 1 ROSE & LIME DETERGENT POWDER ,500,ML,500ML ,PBT
CEYLON BISCUITS LIMITED,MUNCHEE SUPER CREAM CRACKER,MUNCHEE\490\G\EWRPK \SUPER CREAM CRACKER SAVE R.S 60,490,GM,490G,EWRPK 
PELWATTE DAIRY INDUSTRIES (PVT) LTD,PELWATTE,PELWATTE \200\G\POUCH\FULL CREAM MILK POWDER ,200,GM,200G,POUCH 
MALIBAN MILK PRODUCT (PVT) LTD,MALIBAN MALT,MALIBAN MALT\400\G\POUCH \+FREE MALIBAN GOLD TEA BOPF 50G POUCH ,400,GM,400G,POUCH 
MALIBAN BISCUIT MANUFACTORIES,MALIBAN CREAM CRACKER ,MALIBAN\490\G\PLPCH \CREAM CRACKER FAMILY PACK SAVE R.S 60,490,GM,490G,PLPCH 
CEYLON BISCUITS LIMITED,MUNCHEE ,"MUNCHEE/490/GM/PLPCH/SUPER CREAM CRACKER, ENRICHED WITH VITAMINS, SAVE RS 60",490,GM,490GM,PLPCH 
MALIBAN MILK PRODUCT (PVT) LTD,MALIBAN,MALIBAN/200/GM/CDBOX/FULL CREAM MILK POWDER. SAVE RS 20,200,GM,200GM,CDBOX 
NATURE'S BEAUTY CREATIONS LTD,MISUMI,"MISUMI/65/GM/CDBOX/ KIYO,  BEAUTY SOAP ",65,GM,65GM,CDBOX 
MALIBAN BISCUIT MANUFACTORIES,MALIBAN ,"MALIBAN/490/GM/PLPCH /CREAM CRACKER, FAMILY PACK,SAVE RS 60",490,GM,490GM,PLPCH 
SUNSHINE COUNSUMER LANKA LTD,RAN KAHATA,"RAN KAHATA/100/GM/PLPCH /TEA,SAVE RS 15",100,GM,100GM,PLPCH 
HEMAS MARKETING,BABY CHERAMY ,"BABY CHERAMY/375G (75G ×5)/CDBOX/ALMOND OIL,VITAMIN E & MILK SAVE RS 45.00",375,GM,375G (75×5),CDBOX 
HEMAS MARKETING,BABY CHERAMY,"BABY CHERAMY/375G( 75G×5)/CDBOX/FLORAL EXTRACTS,VITAMIN E & MILK SAVE RS 45.00",375,GM,375G (75G ×5),CDBOX 
NESTLE LANKA,MILO,MILO/600/GM/PLPCH/ACTIVE-GO LIMITED OFFER ,600,GM,600GM,PLPCH 
IMPORTED,COLOURED ,COLOURED/12 COLOURS/PINCILS,10000,10000,12 PENCIL,CD
CARGILLS FOODS & BEVERAGE LTD,KIST,KIST/200/GM/PBT/SQUEEASY BUDDY TOMATO SAUCE,10000,10000,200 GM,PBT
UNILEVER SRI LANKA LTD,CLOSE UP,CLOSE UP/120/GM/CD BOX/TRIPLE FRESH FORMULA PEPPERMINT SPLASH+SAVE 90,10000,10000,120/GM,CD BOX
HEMAS MARKETING,DIVA DIRIYA,DIVA DIRIYA/1KG/PLPCH/DIRT LIFT TECHNOLOGY DETERGENT POWDER ,1,KG,1KG,PLPCH 
RECKITT BENCKISER (LANKA) LTD,HARPIC,HARPIC/500ML/PLBOT/POWER PLUS 10X ORIGINAL SAVE RS 50.00 FREE DIVA ROSE & LIME 200G,500,ML,500ML ,PLBOT 
HEMAS MARKETING,DIVA DIRIYA,DIVA DIRIYA/500G/ PLPCH/DIRT LIFT TECHNOLOGY DETERGENT POWDER ,500,GM,500G ,PLPCH 
UNILEVER SRI LANKA LTD,PEARS BABY,PEARS BABY/50ML/CDBOX/PURE & GENTLE BABY COLOGNE FREE PEARS BABY RATHMAL BABY SOAP 70G ,50,ML,50ML ,CDBOX 
UNILEVER SRI LANKA LTD,LIFEBUOY,LIFEBUOY/80ML/PLBOT/STRONG & THICK WITH RICE WATER PROTEIN +VITAMIN E HEALTH SHAMPOO ,80,ML,80ML ,PLBOT 
NESTLE LANKA,MAGGI,MAGGI/75G/PLPCH/PAPARE BLAST INSTANT NOODLES ,75,GM,75G,PLPCH 
CEYLON BISCUITS LIMITED,RITZBURY ,RITZBURY/25/GM/PLWRP/ROCCOA WITH MILK/MILK CHOCOLATE ,10000,10000,25 GM,PLWRP
CEYLON BISCUITS LIMITED,RITZBURY ,ROCCOA/45/GM/PLWRP/ROCCOA WITH CASHEW/MILK CHOCOLATE ,10000,10000,45 GM,PLWRP 
MALIBAN BISCUIT MANUFACTORIES,MALIBAN ZELLERS,ZELLERS/90/GM/GM/CDBOX/DIVINE/CHOCO LAYERED BISCUITS ,10000,10000,90 GM,CDBOX 
MALIBAN BISCUIT MANUFACTORIES,MALIBAN YOYO,MALIBAN/85/GM/PLPCH/YOYO/CHOCO CREAM/CHOCOLATE CREAM BISCUIT,10000,10000,85 GM,PLPCH 
CEYLON COLD STORES,ELEPHANT HOUSE VI BE,ELEPHANT HOUSE VI BE/250ML/CAN/GRAPE BURST,250,ML,250ML,CAN
CEYLON COLD STORES,ELEPHANT HOUSE VI BE,ELEPHANT HOUSE VI BE/ 250ML/ CAN/ APPLE BURST,250,ML,250ML ,CAN
CEYLON COLD STORES,ELEPHANT HOUSE VI BE,ELEPHANT HOUSE VI BE/ 250ML/ CAN/ ORANGE BURST,250,ML,250ML,CAN
UNILEVER SRI LANKA LTD,PEARS BABY,PEARS BABY MAGIC DROPS BABY COLOGNE 100ML FREE PEARS BED TIME BABY CREAM WITH MOISTURE CREAM 50ML,100,ML,100ML,CDBOX
MAGAM LIFE (PVT) LTD,MAGAM,MAGAM/60/GM/PLPCH/POLOS FLAVOUR,10000,10000,60 GM,PLPCH 
WIJITHA GROUP OF COMPANIES (PVT) LTD,WIJI,WIJI /250/GM/PLPCH/THIN STRING NOODLES ,10000,10000,250 GM,PLPCH 
MAGAM LIFE (PVT) LTD,MAGAM,MAGAM/60/GM/PLPCH/ROASTED CHICKEN ,10000,10000,60 GM,PLPCH 
MAGAM LIFE (PVT) LTD,MAGAM,MAGAM/60/GM/PLPCH/PRAWNS FLAVOUR ,10000,10000,60 GM,PLPCH 
GAMI RASA FOOD PRODUCTS ( PVC ) LTD ,GAMIRASA ,GAMIRASA/40/GM/PLPCH/BUCKET PACK ,10000,10000,40 GM,PLPCH 
CEYLON COLD STORES,ELEPHANT VIBE,ELEPHANT/250/ML/VIBE/ORANGE BURST,10000,10000,250 ML,CAN
CEYLON COLD STORES,ELEPHANT VIBE,ELEPHANT/250/ML/VIBE/GRAPE BURST,10000,10000,250 ML,CAN
S & C HARDWARE DISTRIBUTOR,S & C NC THINNER,S & C \4\L\PL CAN\ NC THINNER ,4,LTR,4L,PL CAN
S & C HARDWARE DISTRIBUTOR,S & C NC THINNER,S & C\4\L\PL CAN\NC THINNER ,4,LTR,4L,PL CAN
S & C HARDWARE DISTRIBUTOR,S & C NC THINNER,S & C \2\L\PL CAN\NC THINNER ,2,LTR,2L,PL CAN
LUCKY DISTRIBUTORS,DELTA,DELTA\4\L\PL CAN\WOOD PRESERVATIVE CLEAR ,4,LTR,4L,PL CAN
LUCKY DISTRIBUTORS,DELTA,DELTA\2\L\PL CAN\WOOD PRESERVATIVE CLEAR ,2,LTR,2L,PL CAN
GREEN LIGHT BAKE HOUSE,GREEN LIGHT,GREEN LIGHT/450/GM/ CDBOX/CREAMY ICING  CAKE ,450,GM,450GM,CDBOX 
GREEN LIGHT BAKE HOUSE,GREEN LIGHT,GREEN LIGHT/220/GM/CDBOX/BUTTER CAKE ,220,GM,220GM,CDBOX 
GREEN LIGHT BAKE HOUSE,GREEN LIGHT,GREEN LIGHT/220/GM/CDBOX/FRUIT CAKE ,220,GM,220GM,CDBOX 
NESTLE LANKA,MAGGI PAPARE,MAGGI/75/GM/PLPCH/MAGGI PAPARE BLAST INSTANT NOODLES ,75,GM,75GM,PLPCH
THE COLOMBO ICE COMPANY (PVT)LTD,ELEPHANT HOUSE ,ELEPHANT HOUSE TAMARIND & HONEY 60ML,60,ML,60ML,PLPCH
THE COLOMBO ICE COMPANY (PVT)LTD,ELEPHANT HOUSE ,ELEPHANT HOUSE TAMARIND & HONEY POPSICLE 60ML,60,ML,60ML,PLPCH
SUNSHINE COUNSUMER LANKA LTD,X-TRA,X-TRA/1/NO/PLPCH/FRESH STRAWBERRY CENTER FILLED BUBBLE GUM,10000,10000,1 NO,PLPCH
MALIBAN MILK PRODUCT (PVT) LTD,MALIBAN,MALIBAN/200/GM/CD BOX/FULL CREAM POWDER SAVE RS 30,200,GM,200GM,CDBOX
MALIBAN MILK PRODUCT (PVT) LTD,MALIBAN,MALIBAN/200/GM/CDBOX/FULL CREAM MILK POWDER + SAVE RS.20/,10000,10000,200 GM,CDBOX 
KEELLS FOOD PRODUCTS LTD,KREST,KEELLS KREST/270/GM/CDBOX/FISH CUTLET,10000,10000,270 GM,CDBOX
NATURE'S BEAUTY CREATIONS LTD,PANDA BABY,PANDA BABY HERBAL COLOGNE NEEM&TURMERIC/100/ML/CD BOX,100,ML,100ML,CD BOX
GREEN LANKA COSMETICS CO.,SUDUMAL,SUDUMAL/160/G/EWRPK/DETERGENT BAR YELLOW,160,GM,160G,EWRPK 
GREEN LANKA COSMETICS CO.,SUDUMAL,SUDUMAL/160/G/EWRPK/DETERGENT BAR ROSE,160,GM,160G,EWRPK 
USWATTE GOLDEN BISCUITS (PVT)LTD,USWATTE ,USWATTE KRISPIES VANILLA FLAVORED WAFERS 200GM,200,GM,200GM,PLPCH
FLASH DETERGENT (PVT) LTD,FLASH,FLASH/600/ML/PB0T/TOILET BOWL CLEANER,600,ML,600ML,PBOT
FLASH DETERGENT (PVT) LTD,FLASH,FLASH/1000/ML/PBOT/FLORAL DISINFECTANT FLOOR CLEANER,1000,ML,1000ML,PBOT
MANCHANAYAKA AGRI FOOD (PVT) LTD,COLO COCONUT MILK POWDER,COLO/25/G/PLPSH/COCONUT MILK POWDER ,25,GM,25G,PLPSH 
WIJAYA PRODUCTS (PVT) LTD,WIJAYA,WIJAYA/20/G/PLPSH/PURE CEYLON TEA,20,GM,20G,PLPSH 
RECKITT BENCKISER (LANKA) LTD,DETTOL,DETTOL COOL UP TO ANTIBACTERIAL COOLING SENSATION /1NO/EWPRK/70G BUY 4 GET 1 FREE HARPIC POWER PLUS 10X 200ML ,1,NO,1NO,EWPRK 
HEMAS MARKETING,VELVET,VELVET/70/GM/EWRPK/CUTIE ROSE & DRAGON FRUIT SOAP/SAVE RS 40,70,GM,70GM,EWRPK 
HEMAS MARKETING,VELVET,VELVET/70/GM/EWRPK/NATURALS COCONUT MILK & SHEA BUTTER SOAP/SAVE RS 40,70,GM,70GM,EWRPK 
JEEWAKA FOOD (PVT) LTD,JEEWAKA,JEEWAKA/50/GM/PLPCH/FISH FLAVOUR SOYA MEAT ,50,GM,50GM,PLPCH 
HEMAS MARKETING,VELVET,VELVET/70/GM/EWRPK/NATURALS AVOCADO & ARGAN OIL SOAP/SAVE RS 40,70,GM,70GM,EWRPK 
JEEWAKA FOOD (PVT) LTD,JEEWAKA,JEEWAKA/50/GM/PLPCH/CUTTLEFISH FLAVOUR SOYA MEAT ,50,GM,50GM,PLPCH 
NESTLE LANKA,MAGGI,MAGGI/75 GM/PAPARE BLAST/PLPCH ,10000,10000,75 GM,PLPCH 
TRADEX INDUSTRIAL PARK,OMIL,OMIL / KOHOMBA / 100GM / WITH COCONUT & NEEM OIL / CDBOX ,100,GM,100GM,CDBOX
UDARATA TEA STORES,JANATHA ,JANATHA TEA 40 GM,10000,10000,40 GM,PLPCH
SAJA FRUIT CANNERIES,SAJA ,SAJA WOODAPPLE DRINK-PET 350 ML,10000,10000,350 ML,PET
SAJA FRUIT CANNERIES,SAJA ,SAJA MANGO-PET 350 ML,10000,10000,350 ML,PET
MALIBAN BISCUIT MANUFACTORIES,MALIBAN CREAM CRACKER FAMILY PAC,MALIBAN/CREAM CRACKER FAMILY PAC/490/G/PLPCH/SAVE RS 60,10000,10000,490,PLPCH
WEERASINHA HOLDING (PVT) LTD,WINDAY GORAKA,WINDAY/NATURAL/GORAKA/DRINK/200 ML/RGB,10000,10000,200 ML,GLBOT
MALIBAN BISCUIT MANUFACTORIES,MALIBAN CREAM CRACKER FAMILY PAC,MALIBAN/CREAM CRACKER FAMILY PAC/490/G/PLPCH/SAVE RS 60,10000,10000,490,PLPCH
NES,MAGGI,MAGGI /75/GM/PLPCH/PAPARE BLAST NOODLES ,75,GM,75GM ,PLPCH 
HEMAS MARKETING,BABY CHERAMY,BABY CHERAMY/75×5/GM/CDBOX /ALMOND OIL AND VITAMIN E SOAP +BABY CHERAMY 75 GM SOAP FREE,375,GM,375GM ,CDBOX 
DUMINDU INDUSTRIES AND PRINTERS PVT LTD,WRITE,WRITE / 40 / PGS / 1 NO / CR BOOK,10000,10000,40 PGS,1 NO
PRINT EXCEL PVT LTD,RATHNA,RATHNA/200/PGS/A4 EXERCISE BOOK,200,PGS,200PGS,10000
CEYLON BISCUITS LIMITED,MUNCHEE SUPER CREAM CRACKER,MUNCHEE/490/GM/SUPER CREAM CRACKER ENRICHED WITH VITAMINS + PRICE OFF RS 60,10000,10000,490 GM ,PL POUCH
DIMUTHU PRODUCTS,DIMUTHU,DIMUTHU/25/GM/PLPCH/CINNAMON POWDER ,25,GM,25GM,PLPCH
CAVINKARE PRIVATE LIMITED,INDICA,INDICA/21/ML/PLPCH/EASY HAIR COLOUR LIQUID NATURAL BLACK + BUY 2 INDICA EASY GET 1 40ML MEERA CONDITIONER FREE ,10000,10000,21 ML,PLPCH 
VINI CONSUMER CARE LANKA PVT LTD,FOGG,FOGG/120/ML/TIN/DELICIOUS FRAGRANT BODY SPRAY FOR WOMEN,10000,10000,120 ML,TIN 
ACE HEALTHCARE PVT LTD,SWABHA CEYLON,SWABHA CEYLON/180/ML/PLBOT/LONG AND STRONG CONDITIONER HIBISCUS JATAMANSI,10000,10000,180 ML,PLBOT 
ACE HEALTHCARE PVT LTD,SWABHA CEYLON,SWABHA CEYLON/80/ML/PLBOT/LONG AND STRONG CONDITIONER HIBISCUS JATAMANSI,10000,10000,80 ML,PLBOT 
UNILEVER SRI LANKA LTD,LIFEBUOY,LIFEBUOY/175/ML/PLBOT/HERBAL SHAMPOO WITH HERBAL EXTRACTS,10000,10000,175 ML,PLBOT 
HEMAS PHARMACEUTICALS (PVT) LTD,SUSTAGEN,SUSTAGEN/400/GM/TIN/CHOCOLATE FLAVORED NUTRITIONAL SUPPLEMENT + FREE LIPTON/40/GM/CDBOX/YELLOW LABEL BLACK TEA,10000,10000,400 GM,TIN 
HEMAS PHARMACEUTICALS (PVT) LTD,SUSTAGEN,SUSTAGEN/400/GM/TIN/VANILLA FLAVORED NUTRITIONAL SUPPLEMENT + FREE LIPTON/40/GM/CDBOX/YELLOW LABEL BLACK TEA,10000,10000,400 GM,TIN 
VINI CONSUMER CARE LANKA PVT LTD,FOGG,FOGG/120/ML/TIN/PARADISE FRAGRANT BODY SPRAY FOR WOMEN,10000,10000,120 ML,TIN 
HEMAS MARKETING,FEMS,FEMS/10 SANAKIN/3X PROTECTION /,10000,10000,10,POCH 
HEMAS MARKETING,FEMS ,FEMS/10 NAPKIN/DRYTEX 3X PROTECTION ,10000,10000,10 NAPKINS,POCH 
SEWWANDI FOOD FRODUT,SEWWANDI ,SEWWANDI/60G/POCH PACK /DADAYAM BATTA,60,GM,60G,POCH 
SEWWANDI FOOD FRODUT,SEWWANDI ,SEWWANDI /60G/POCH PACK /DALLO BATTA,60,GM,60G,POCH 
PELWATTE DAIRY INDUSTRIES (PVT) LTD,PELWATTE,PELWATTE/200/GM/PLPCH/FULL CREAM MILK POWDER,10000,10000,200 GM,PLPCH 
MALIBAN BISCUIT MANUFACTORIES,MALIBAN CREAM CRACKER FAMILY PAC,MALIBAN/CREAM CRACKER FAMILY PAC/490/G/PLPCH/SAVE RS 60,10000,10000,490,PLPCH
MALIBAN BISCUIT MANUFACTORIES,MALIBAN ,MALIBAN/490/G/PLPCH/CREAM CRACKER SAVE 60,490,GM,490G,PLPCH 
NESTLE LANKA,MAGGI,MAGGI/75/GM/PLPCH/PAPARE BLAST INSTANT NOODLES ,10000,10000,75 GM,PLPCH
UNILEVER SRI LANKA LTD,LIFEBUOY,LIFEBUOY AYURVEDA CARE/ PANCHARATNA SHAMPOO/ 80ML / FREE LIFEBUOY MILD CARE WITH MILK PROTEIN/ 75GM,80,ML,80ML,PBT
COCA-COLA BEVERAGES,FANTA ORANGE,FANTA\1500\ML\PBT\ORANGE FLAVOURED\SAVE RS 40,1500,ML,1500ML,PBT
KITCHI HOLDING LANKA PVT LTD,KITCHI,KITCHI/400/G/PLPSH/INSTANT NOODLES/WITH FREE BIRIANI MIX SPICY PACK 2IN1,400,GM,400G,PLPSH 
B.S.T.TRADERS,ROSETTE,ROSETTE/200/PGS/JAFFNA RULE ,200,PGS,200PGS,PGS
THILOKA ENTERPRISES,SNOLIGHT,SNOLIGHT/100/GM/EWRPK/LEMON PURE LAUNDRY BAR SOAP/THILOKA ENTERPRISES,10000,10000,100 GM,EWRPK 
DREAM LIFE SCIENCE (PVT)LTD,ARYA,ARYA/8 PAD/POCH PACK /EASY NAPKIN,10000,10000,8,POCH 
MAKING HOLDING LANKA PVT LTD,SURE,SURE/250/ML/PBT/NO-1/LIME,250,ML,250ML,PBT
LION FRUIT PRODUCT (PVT),LION,LION/185/ML/PBT/NO-1/TOMATO SAUCE ,185,ML,185ML,PBT
DINIDU PRODUCTS ,DINIDU,DINIDU/50/G/EWRPK/NO-1/CHILLI PIECES,50,GM,50G,EWRPK
DINIDU PRODUCTS ,DINIDU,DINIDU/50/G/EWRPK/NO-1/CHILLI POWDER ,50,GM,50G,EWRPK
CEYLON COLD STORES,ELEPHANT HOUSE VIBE,ELEPHANT HOUSE VIBE /250/ML/CAN/NO-1/GRAPE BURST,250,ML,250ML,CAN
CEYLON COLD STORES,ELEPHANT HOUSE VIBE,ELEPHANT HOUSE VIBE/250/ML/CAN/NO-1/APPLE BURST,250,ML,250ML,CAN
CEYLON COLD STORES,ELEPHANT HOUSE VIBE,ELEPHANT HOUSE VIBE /250/ML/CAN/NO-1/GRAPE BURST,250,ML,250ML,CAN
CEYLON COLD STORES,ELEPHANT HOUSE VIBE,ELEPHANT HOUSE VIBE/250/ML/CAN/NO-1/APPLE BURST,250,ML,250ML,CAN
GAMUNU PRODUCTS PVT,GAMUNU ,GEMUNU/50/G/EWRPK/NO-1/TEA,50,GM,50G,EWRPK
HEMAS MARKETING,BABY CHERAMY,"BABY CHERAMY/225(75G×3)/GM/CDB/FLORAL EXTRACTS, VITAMIN E & MILK/SAVE RS. 50/=",225,GM,225GM(75G×3),CDB
LANKA KINGS FOOD (PVT) LTD,KINGS KAL KIRI,KINGS KAL KIRI/250/ML/GBT/CHOCOLATE FLAVOURED ,250,ML,250ML ,GBT
COUNTRY STYLE FOODS,FND,FND/55/GM/PLPCH/JUJUBS,55,GM,55GM,PLPCH 
PURE DALE CEYLON (PVT) LTD,PUREDALE,PUREDALE/1000/GM/CDBOX/FULL CREAM MILK POWDER,1000,GM,1000GM,CDBOX
NARAH COMPUTER FORMS,TEN,TEN/1/NO/DRAWING BOOK WHITE MEDIUM 40 PGS,1,NO,1NO,10000
NC PAINT,NIL MANEL,NIL MANEL/375ML/GBT/NC THINNER ,375,ML,375ML,GBT
NC PAINT,NIL MANEL,NIL MANEL/180ML/GBT/NC THINNER ,180,ML,180ML,GBT
CEYLON BISCUITS LIMITED,MUNCHEE SUPER CREAM CRACKER,MUNCHEE\490\G\EWRPK \SUPER CREAM CRACKER SAVE R.S 60,490,GM,490G,EWRPK 
MALIBAN BISCUIT MANUFACTORIES,MALIBAN CREAM CRACKER ,MALIBAN\490\G\PLPCH \CREAM CRACKER FAMILY PACK SAVE R.S 60,490,GM,490G,PLPCH 
NESTLE LANKA,MAGGI,MAGGI/75/GM/PLPCH/PAPARE BLAST/INSTANT NOODLES ,75,MG,75MG,PLPCH
NESTLE LANKA,MAGGI,MAGGI/75/G/PLUPCH/PAPARE BLAST,75,GM,75G,PLUPCH
THIAGI ASSOCIATES,MYPAL,MYPAL/40/GM/PBT/BINDER GLUE PEN STIK IT,10000,10000,40 GM,PBT
ANTLER INDUSTRIES (PVT) LTD,AROMA,BRITOL/AROMA/1000/GM/PLPCH/SHAKTHI/DETERGENT POWDER/FRESH FLORAL,10000,10000,1000 GM,PLPCH
CEYLON COLD STORES,ELEPHANT HOUSE ,ELEPHANT HOUSE/250/ML/CAN/VIBE APPLE BURST,250,ML,250ML ,CAN
TN PRODUCT,KADU MEDAL TEA,KADU MEDA TEA/50/GM/PLPCH/BOPF TEA/ TN PRODUCTS ,50,GM,50GM ,PLPCH 
NATURE'S BEAUTY CREATIONS LTD,PANDA BABY,PANDA BABY/50/ML/PBT/NELLI AND NEEM SHAMPOO ,50,ML,50ML,PBT
NATURE'S BEAUTY CREATIONS LTD,PANDA BABY,PANDA BABY/50/ML/PBT/HAPPY SMILE BABY COLOGNE ,50,ML,50ML,PBT
UNILEVER SRI LANKA LTD,VASELINE INTENSIVE CARE,VASELINE/400/ML/PBT/DEEP RESTORE +PONDS SUPER LIGHT 25 GM FREE,400,ML,400ML,PBT
MALIBAN MILK PRODUCT (PVT) LTD,MALIBAN,MALIBAN/200/GM/CDBOX/FULL CREAM MILK POWDER 20 RS SAVE,200,GM,200GM ,CDBOX 
C.W. MACKIE PLC,HIMALAYA,HIMALAYA/50/GM/CDBOX/REVITALISING NIGHT CREAM ,50,GM,50GM,CDBOX 
MALIBAN BISCUIT MANUFACTORIES,MALIBAN LEMON PUFF,MALIBAN /100/GM/LEMON PUFF SUGAR LESS 30%,100,GM,100GM,PLPCH 
NATURE'S BEAUTY CREATIONS LTD,PANDA BABY,PANDA BABY/200/ML/PBT/NELLI AND NEEM SHAMPOO ,200,ML,200ML,PBT
NATURE'S BEAUTY CREATIONS LTD,PANDA BABY,PANDA BABY/50/ML/CDBOX/HERBAL COLOGNE NEEM AND TURMERIC ,50,ML,50ML,CDBOX 
UNILEVER SRI LANKA LTD,FAIR & LOVELY,FAIR AND LOVELY/50/GM/ GLOW AND LOVELY POWDER FINISH CREAM ,50,GM,50GM,CDBOX 
NATURE'S BEAUTY CREATIONS LTD,PANDA BABY,PANDA BABY/100/ML/CDBOX/HERBAL COLOGNE NEEM AND TURMERIC ,100,ML,100ML,CDBOX 
MALIBAN BISCUIT MANUFACTORIES,MALIBAN GINGER,MALIBAN/80/GM/PLPCH/GINGER BISCUITS SUGAR LESS 30%,80,GM,80GM,PLPCH 
UNILEVER SRI LANKA LTD,CLOSE UP,CLOSEUP/120/GM/CDBOX/EVER FRESH PEPPERMINT SPLASH 90 RS SAVE,120,GM,120GM,CDBOX 
UNILEVER SRI LANKA LTD,CLOSE UP,CLOSEUP/120/GM/CDBOX/CLOVE +ORANGE 90 RS SAVE ,120,GM,120GM,CDBOX 
UNILEVER SRI LANKA LTD,VASELINE INTENSIVE CARE,VASELINE/200/ML/PBT/COCOA GLOW INTENSIVE CARE+ PONDS SUPER LIGHT GEL 25GM FREE,200,ML,200ML,PBT
UNILEVER SRI LANKA LTD,VASELINE INTENSIVE CARE,VASELINE/200/ML/PBT/DERMA CARE ADVANCED REPAIR BODY LOTION +PONDS SUPER LIGHT GEL 24.5GM FREE,200,ML,200ML,PBT
MALIBAN BISCUIT MANUFACTORIES,MALIBAN REAL CHOCOLATE CREAM,MALIBAN/100/GM/PLPCH/REAL CHOCOLATE CREAM SUGAR LESS 30%,100,GM,100GM,PLPCH 
NATURE'S BEAUTY CREATIONS LTD,PANDA BABY,PANDA BABY/100/ML/PBT/HAPPY SMILE BABY COLOGNE ,100,ML,100ML,PBT
NATURE'S BEAUTY CREATIONS LTD,PANDA BABY,PANDA BABY/100/ML/PBT/NELLI AND NEEM SHAMPOO ,100,ML,100ML,PBT
UNILEVER SRI LANKA LTD,FAIR & HANDSOME,FAIR AND LOVELY MENS/50/GM/CDBOX/GLOW AND HANDSOME RAPID ACTION CREAM+AXE TICKET DE0 17 ML FREE,50,GM,50GM,CDBOX 
DECORATIVE TOOLS & BRUSHES (PVT) LTD,E-ZY,E-ZY BRUSH/9/INCH/PLPCH/E-ZY ROLLER FOR USE WUTH EMULSION PAINT.,10000,10000,9'INCH,PLPCH
CARGILLS FOOD & BEVERAGE LIMITED ,KIST SPARKLING APPLE ,KIST SPARKLING APPLE FLAVOURED DRINK/250ML/CAN ,250,ML,250ML,CAN
CARGILLS FOOD & BEVERAGE LIMITED ,KIST SPARKLING STRAWBERRY,KIST SPARKLING STRAWBERRY FLAVOURED DRINK/250ML/CAN,250,ML,250ML,CAN
CARGILLS FOOD & BEVERAGE LIMITED ,KIST SPARKLING ORANGE,KIST SPARKLING ORANGE FLAVOURED DRINK/250ML/CAN ,250,ML,250ML,CAN
MAYURA COLOR PAINTS LANKA,MULTICO,MULTICO/10/L/BUCKET/ BRILLIANT WHITE WEATHERSHADE FOR EXTERIOR ,10000,10000,10 L,BUCKET
MAYURA COLOR PAINTS LANKA,MULTICO,MULTICO/1/L/BRILLIANT WHITE WEATHERSHADE FOR EXTERIOR ,10000,10000,1 L,BUCKET 
MAYURA COLOR PAINTS LANKA,MULTICO,MULTICO/20/L/BUCKET/BRILLIANT WHITE WEATHERSHADE FOR EXTERIOR ,10000,10000,20 L,BUCKET 
OZONE COATINGS (PVT) LTD,OZONE,OZONE/4/L/BUCKET/EMULSION/BRILLIANT WHITE/INTERIOR,10000,10000,4 L,BUCKET 
COCA-COLA BEVERAGES,COCA-COLA,COCA -COLA/1500/ML/PBT SAVE AS 40 RS ,1500,ML,1500ML,PBT
COCA-COLA BEVERAGES,FANTA ORANGE,FANTA/1500/ML/PBT/ORANGE FLAVOURED SAVE AS 40 RS,1500,ML,1500ML,PBT
CROWN SWEETY PRODUCTS PVT LTD,CROWN,CROWN/25/GM/PLPCH/LOLLYPOP,25,ML,25ML,PLPCH
DESSERT BITES,CHILLER MIXED FRUIT,CHILLER/MIXED FRUIT FLAVORED DRINK/500/ML/PET,500,ML,500ML,PET
DESSERT BITES,CHILLER MIXED FRUIT,CHILLER/MANGO FLAVOURED DRINK/500/ML/PET,500,ML,500ML,PET
CRYSTAL ENTERPRISES,WINLAC NC THINNER,WINLAC/1/LTR/PLCAN/ WINLAC AUTO SHINE HIGH GLOSS N.C THINNER ,1,LTR,1LTR,PLCAN 
ANTLER INDUSTRIES (PVT) LTD,BRITOL ,BRITOL DISHWASHING BAR WITH LIME FRESH 100GM,100,GM,100GM,EWRPK 
SAMANTHA PRODUCTS,SAMANTHA,SAMANTHA PRODUCTS CHILLI PIECES 100 GM ,10000,10000,100 GM,PLPCH
CEYLON AGRO INDUSTRIES,PRIMA,PRIMA TWIST NOODLES 400 GM PLPCH + SAVE RS 30,10000,10000,400 GM,PLPCH
CEYLON COLD STORES,ELEPHANT HOUSE VI BE,ELEPHANT HOUSE VI BE/ 250ML/ CAN/ APPLE BURST,250,ML,250ML ,CAN
CEYLON COLD STORES,ELEPHANT HOUSE VI BE,ELEPHANT HOUSE VI BE/ 250ML/ CAN/ ORANGE BURST,250,ML,250ML,CAN
COCA-COLA BEVERAGES,FANTA ORANGE,FANTA ORANGE/1500/ML/PBT/SAVE RS. 40/=,1500,ML,1500ML,PBT
COCA-COLA BEVERAGES,PORTELLO,PORTELLO/1500/ML/PBT/SAVE RS.40/=,1500,ML,1500ML,PBT
COCA-COLA BEVERAGES,SPRITE,SPRITE/1500/ML/PBT/SAVE RS. 40/=,1500,ML,1500ML,PBT
CEYLON GOOD LIFE DISTRIBUTORS (PVT) LTD,OPAN,OPAN/5000/ML/PLCAN/WATER BOTTLE,5000,ML,5000ML,PLCAN
CEYLON GOOD LIFE DISTRIBUTORS (PVT) LTD,OPAN,OPAN/5000/ML/PLCAN/WATER BOTTLE,5000,ML,5000ML,PLCAN
SANJEEWA GROUP ,THINAYA,THINAYA SOYA MEAT/60G/PLPCH/ROSTERD CHICKEN FLAVOURED,60,GM,60G,PLPCH
CEYLON COLD STORES,VIBE,VIBE\250\ML\CAN\GRAPE BURST ,250,ML,250ML,CAN
CEYLON COLD STORES,VIBE,VIBE\250\ML\CAN\ORANGE BURST ,250,ML,250ML,CAN
CEYLON COLD STORES,VIBE,VIBE\250\ML\CAN\KIWI BURST ,250,ML,250ML,CAN
CEYLON COLD STORES,VIBE,VIBE\250\ML\CAN\APPLE BURST,250,ML,250ML,CAN
MALIBAN BISCUIT MANUFACTORIES,MALIBAN ,MALIBAN/490/GM/PL POUCH/ CREAM CRACKER FAMILY PACK+SEASONAL OFFER RS 60 OFF,10000,10000,490 GM,PL POUCH
CEYLON BISCUITS LIMITED,MUNCHEE SUPER CREAM CRACKER,MUNCHEE/490/GM/SUPER CREAM CRACKER ENRICHED WITH VITAMINS + PRICE OFF RS 60,10000,10000,490 GM ,PL POUCH
NESTLE LANKA,MAGGI,MAGGI/75G/PLPCH/PAPARE BLAST INSTANT NOODLES,75,GM,75G,PLPCH
RECKITT BENCKISER (LANKA) LTD,HARPIC,HARPIC/500ML/PLBOT/POWER PLUS 10X ADVANCED ORIGINAL+FREE DIVA FRESH 200G,500,ML,500ML,PLBOT
UNILEVER SRI LANKA LTD,LIFEBUOY,LIFEBUOY/80ML/PLBOT/AYURVEDA CARE PANCHARATNA SHAMPOO FREE SOAP BAR,80,ML,80ML,PLBOT
UNILEVER SRI LANKA LTD,PEARS ,PEARS/70G/CDBOX/BEE'S HONEY BABY SOAP,70,GM,70G,CDBOX
UNILEVER SRI LANKA LTD,PEARS ,PEARS/100ML/PLBOT/PURE&GENTLE BABY SHAMPOO FREE CREAM 50ML,100,ML,100ML,PLBOT
HEMAS MANUFACTURING (PVT) LTD,CLOGARD,CLOGARD/70G/CDBOX/STRONGER TEETH NATURAL SALT,70,GM,70G,CDBOX
SMART FOOD PRODUCTS,SMART PLUS,SMART PLUS/190ML/GLBOT/CHOCOLATE MILK DRINK ,190,ML,190ML,GLBOT 
TURNEY BISCUITS MANUFACTERIES,TURNEY,TURNEY/150/GM/MILK CREAM,10000,10000,150 GM,PLPCH
DIYA INDUSTRIES,SUN PRODUCTS ,SUN PRODUCTS \1000\G\POUCH \PEPPER POWER ,1000,GM,1000G,POUCH 
MOTHA CONFECTIONERY WORKS (PVT) LTD,MOTHA,MOTHA /28/ML/GBT/APPLE GREEN FOOD COLORING,28,ML,28ML,GBT
NESTLE LANKA,MAGGI,MAGGI/75/G/NO-1/EWRPK/ PAPARE BLAST,75,GM,75G,EWRPK 
GODAKANDA HERBALS (PVT) LTD - (VENDOL LANKA),VENDOL,"VENDOL/85/GM/CDBOX/VENDOL VENIVEL TURMERIC,VENIVEL,MARGOSA,SANDALWOOD WITH ALOE VERA +SAVE 30",85,GM,85GM,CDBOX
HEMAS MARKETING,FEMS,FEMS/10 SANAKIN/3X PROTECTION /,10000,10000,10,POCH 
HEMAS MARKETING,FEMS ,FEMS/10 NAPKIN/DRYTEX 3X PROTECTION ,10000,10000,10 NAPKINS,POCH 
UNILEVER SRI LANKA LTD,SUNLIGHT DETERGENT,SUNLIGHT/1000/GM/PL POUCH/BEST EVER CLEAN & CITRUS FRESH DETERGENT POWDER + FREE SUNLIGHT/200/GM/PL POUCH/ CLEAN & ROYAL LAVENDER ,10000,10000,1000 GM,PL POUCH 
CEYLON BISCUITS LIMITED,MUNCHEE SUPER CREAM CRACKER,MUNCHEE/490/GM/SUPER CREAM CRACKER ENRICHED WITH VITAMINS + PRICE OFF RS 60,10000,10000,490 GM ,PL POUCH
MALIBAN MILK PRODUCT (PVT) LTD,MALIBAN,MALIBAN/200/GM/CDBOX/FULL CREAM MILK POWDER + SAVE RS.20/,10000,10000,200 GM,CDBOX 
UNILEVER SRI LANKA LTD,PEARS,PEARS/50/ML/PLBOT/RATHMAL BABY CREAM,10000,10000,50 ML,PLBOT 
RAJAGALA LANKA HOLDINGS (PVT) LTD,RAJAGALA,RAJAGALA/25/GM/PLPCH/ PEPPER POWDER ,25,GM,25GM,PLPCH
RAJAGALA LANKA HOLDINGS (PVT) LTD,RAJAGALA ,RAJAGALA/100/GM/PLPCH/CUTTLFISH SOYA MEAT,100,GM,100GM,PLPCH
RECKITT BENCKISER (LANKA) LTD,HARPIC,HARPIC /500/ML/PLBOT/POWER PLUS 10X AADVANCED ORIGINAL / FREE DIVA ROSE FREESH 200GM ,500,ML,500ML,PLBOT
RAJAGALA LANKA HOLDINGS (PVT) LTD,RAJAGALA ,RAJAGALA/100/GM/PLPCH/PRAWNS SOYA MEAT,100,GM,100GM,PLPCH
RATHNA PRODUCTS,RATHNA,RATHNA/50/GM/PLPCH/RASA PIRI TEA,50,GM,50GM,PLPCH
LOTUS TOOL GROUP,LOTUS,"LOTUS/1""(25MM)/BRUSH ",10000,10000,"1""(25MM)",BRUSH 
DECORATIVE TOOLS & BRUSHES (PVT) LTD,E-ZY,"E-ZY/9/(229)/""/POLYTHENE COVER/ROLLER BRUSH, INTERIOR ",10000,10000,"9""",POLYTHENE COVER 
MALIBAN BISCUIT MANUFACTORIES,MALIBAN ,MALIBAN/490/G/PLPCH/CREAM CRACKER SAVE 60,490,GM,490G,PLPCH 
MAMMA PRODUCTS (PVT) LTD,MAMMA,MAMMA/100/GM/PLPCH/CHILLI PIECES,100,GM,100GM,PLPCH 
MAMMA PRODUCTS (PVT) LTD,MAMMA,MAMMA/100/GM/PLPCH/TRINCO CURRY POWDER,100,GM,100GM,PLPCH
UNILEVER SRI LANKA LTD,FAIR & LOVELY IS NOW GLOW & LOVELY POWDER FINISH,FAIR & LOVELY IS NOW GLOW & LOVELY POWDER FINISH/50/GM/CDB/MULTI VITAMINS + BRIGHTENING POWDER 24HR OIL CONTROL MATTE BRIGHT ,50,GM,50GM ,CDB
C.W. MACKIE PLC,HIMALAYA,HIMALAYA/50/GM/CDB/REVITALIZING NIGHT CREAM ,50,GM,50GM,CDB
HI-CARE PHARMA PVT LTD,LIA,LIA/200/ML/PBT/HERBAL MOISTURISING WITH ALOE VERA & OLIVE OIL ULTIMATE MOISTURE BODY LOTION ,200,ML,200ML ,PBT
EMAMI INDO LANKA PVT LTD,FAIR & HANDSOME,EMAMI FAIR & HANDSOME IS NOW SMART & HANDSOME/25/GM/CDB/ADVANCED GROOMING RADIANT GLOW FOR MEN,25,GM,25GM ,CDB
UNILEVER SRI LANKA LTD,PEARS BABY,PEARS/50/ML/CDB/PURE & GENTLE BABY COLOGNE/FREE/PEARS/70/GM/CDB/RATHMAL & KOKUM BABY SOAP ,50,ML,50ML ,CDB
MARVEL MARKETING (PVT) LTD,MARVEL LADY,MARVEL LADY/10/NO/DRITEX SUPER SLIM M PLUS AIR LAID FOR ALL DAY,10,NO,10NO,10000
NATURAL WONDERS (PVT) LTD,SOUL MATE,SOUL MATE/25/ML/CDB/SUNFLOWER VAPORISATEUR NATURAL SPRAY ,25,ML,25ML,CDB
ICL MARKETING,EVA,EVA/08/NO/PLPCH/STAR/DRITEX WINGS/SANITARY PAD,10000,10000,08 NO,PLPCH 
HELABIMA FOOD (PVT) LTD,HELABIMA,HELABIMA/100/GM/PLPCH/CHILLI POWDER ,10000,10000,100 GM,PLPCH 
AKZO NOBEL,DULUX,"DULUX/4/LTR/PL CANISTER/AQUA TECH,EXTERIOR,FLEX,WATERPROOFING, BRILLIANT WHITE ",4,LTR,4LTR,PL CANISTER 
AKZO NOBEL,DULUX,"DULUX/4/LTR/PL CANISTER/WEATHERSHIELD,POWERFLEXX, BRILLIANT WHITE ",4,LTR,4LTR,PL CANISTER 
AKZO NOBEL,DULUX,"DULUX/10/LTR/PL CANISTER/WEATHERSHIELD, POWERFLEXX, BRILLIANT WHITE ",10,LTR,10LTR,PL CANISTER 
JANATHA ESTATE DEV. BOARD,JANAVASAMA,JANAWASAMA BOPF TEA/500/GM/PLPCH,10000,10000,500 GM,PLPCH
DILEE FOODS,DILEE,DILEE/25/GM/PLPCH/TURMERIC POWDER,10000,10000,25 GM,PLPCH
CEYLON BISCUITS LIMITED,MUNCHEE SUPER CREAM CRACKER,MUNCHEE\490\G\EWRPK \SUPER CREAM CRACKER SAVE R.S 60,490,GM,490G,EWRPK 
B.S.T.TRADERS,ROSETTE,ROSETTE/120/PGS/1NO/EXERCISE BOOK,120,PGS,120PGS,1NO
JEYA MAKES,JEYA MAKES,JEYA MAKES/50/GM/PLPCH/CHILLI PIECES,50,GM,50G,PLPCH
KANDURATA TEA PRODUCTS (PVT) LTD,KANDURATA ,KANDURATA/50/GM/CHILLI POWER/PLPCH ,10000,10000,50 GM,PLPCH 
MALIBAN BISCUIT MANUFACTORIES,MALIBAN CREAM CRACKER FAMILY PAC,MALIBAN/CREAM CRACKER FAMILY PAC/490/G/PLPCH/SAVE RS 60,10000,10000,490,PLPCH
JAYARASA PRODUCT,JAYARASA,JAYARASA /25G/POCH PACK /CHIKEN CURRY ,25,GM,25G,POCH 
HEMAS MARKETING,FEMS,FEMS/10 SANAKIN/3X PROTECTION /,10000,10000,10,POCH 
HEMAS MARKETING,FEMS ,FEMS/10 NAPKIN/DRYTEX 3X PROTECTION ,10000,10000,10 NAPKINS,POCH 
JAYARASA PRODUCT,JAYARASA,JAYARASA /50G/POCH PACK /CHIKEN CURRY ,50,GM,50G,POCH 
UNILEVER SRI LANKA LTD,CLOSE UP,CLOSEUP /120G/CD BOX/TRIPLE FRESH /SAVE 90/-,120,GM,120G,CD
DUMINDU INDUSTRIES AND PRINTERS PVT LTD,WRITE ,WRITE /CR40,10000,10000,40,P
MADUMALI PRODUCTS,MADUMALI ,MADUMALI /50G/POCH PACK /MEET CURRY ,50,GM,50G,POCH 
RECKITT BENCKISER (LANKA) LTD,HARPIC,HARPIC/500ML/PET/ORIGINAL /FREE DIVA ROSE 200G,500,ML,500ML,PET
DUMINDU INDUSTRIES AND PRINTERS PVT LTD,WRITE,WRITE CR/40 PAGES/1NO,10000,10000,40 PAGES,1NO
MALIBAN MILK PRODUCT (PVT) LTD,MALIBAN,MALIBAN/200/GM/CDBOX/FULL CREAM MILK POWDER + SAVE RS.20/,10000,10000,200 GM,CDBOX 
HEMAS MARKETING,FEMS,FEMS/10 SANAKIN/3X PROTECTION /,10000,10000,10,POCH 
HEMAS MARKETING,FEMS ,FEMS/10 NAPKIN/DRYTEX 3X PROTECTION ,10000,10000,10 NAPKINS,POCH 
UDAYA FOOD FRODUT,UDAYA,UDAYA/50G/POCH PACK /MEET CURRY /,50,GM,50G,POCH 
CARGILLS FOOD & BEVERAGE LIMITED,KIST,KIST/250/ML/CAN/SPARKLING ORANGE FLAVOURED DRINK,250,ML,250ML,CAN
CARGILLS FOOD & BEVERAGE LIMITED,KIST,KIST/250/ML/CAN/SPARKLING GREEN APPLE FLAVOURED DRINK,250,ML,250ML,CAN
CARGILLS FOOD & BEVERAGE LIMITED,KIST,KIST/250/ML/CAN/SPARKLING STRAWBERRY FLAVOURED DRINK,250,ML,250ML,CAN
UNILEVER SRI LANKA LTD,SUNLIGHT DETERGENT,SUNLIGHT/1000/GM/PL POUCH/BEST EVER CLEAN & CITRUS FRESH DETERGENT POWDER + FREE SUNLIGHT/200/GM/PL POUCH/ CLEAN & ROYAL LAVENDER ,10000,10000,1000 GM,PL POUCH 
MALIBAN BISCUIT MANUFACTORIES,MALIBAN CREAM CRACKER FAMILY PAC,MALIBAN/CREAM CRACKER FAMILY PAC/490/G/PLPCH/SAVE RS 60,10000,10000,490,PLPCH
ROBERT J HALL LTD,HALLS,"HALLS/9/(225MM)/""/POLYTHENE COVER/ROLLER SLEEVEV, INTERIOR, WITH OUT HANDLE ",10000,10000,"9""",POLYTHENE COVER 
NATURE'S BEAUTY CREATIONS LTD,PANDA BABY ,PANDA BABY /HERBAL COLOGNE /NEEM & TURMERIC,100,ML,100ML,CDBOX
UNILEVER SRI LANKA LTD,PEARS BABY,PEARS/50/ML/GL BOTTLE/PURE & GENTLE REFRESHED SKIN IRRESISTIBLE BABY COLONGE + FREE STORY BOOK,10000,10000,50 ML ,GL BOTTLE 
CEYLON BISCUITS LIMITED,MUNCHEE SUPER CREAM CRACKER,MUNCHEE/490/GM/SUPER CREAM CRACKER ENRICHED WITH VITAMINS + PRICE OFF RS 60,10000,10000,490 GM ,PL POUCH
MALIBAN BISCUIT MANUFACTORIES,MALIBAN ,MALIBAN/490/GM/PL POUCH/ CREAM CRACKER FAMILY PACK+SEASONAL OFFER RS 60 OFF,10000,10000,490 GM,PL POUCH
HEMAS MARKETING,BABY CHERAMY,BABY CHERAMY/50/ML/GL BOT/CLASSIC  LAVENDER ESSENCE + FREE BABY CHERAMY/50/ML/PL BOT/ALMOND EXTRACT VIT E+MILK WORTH RS 185,10000,10000,50 ML,GL BOT
CEYLON COLD STORES,ELEPHANT HOUSE,ELEPHANT HOUSE VIBE APPLE BURST/250/ML/CAN,250,ML,250ML,CAN
CEYLON COLD STORES,ELEPHANT VIBE,ELEPHANT HOUSE VIBE GRAPE BURST/250/ML/CAN,250,ML,250ML,CAN
B.S.T.TRADERS,ROSETTE,ROSETTE/200/PGS/JAFFNA RULE ,200,PGS,200PGS,PGS
ATLAS AXILLIA CO. (PVT) LTD,HOMERUN,HOMERUN/200/PGS/1NO/DOUBLE RULE,200,PGS,200PGS,1NO
AMBEWELA PRODUCTS (PVT) LTD,AMBEWELA,AMBEWELA/80/G/PLCUP/JELLY YOGHURT/STRAWBERRY FLAVOUR ,80,GM,80G,PLCUP
SPECIALTY CONSTRUCTION CHEMICALS ( PVT) LTD,NIPPOFLEX,"NIPPOFLEX/1/LTR/PL CANISTER/AQUA GUARD, WATERPROOF TOPCOAT, BRILLIANT WHITE ",1,LTR,1LTR,PL CANISTER 
SPECIALTY CONSTRUCTION CHEMICALS ( PVT) LTD,NIPPOFLEX,"NIPPOFLEX/1/LTR/PL CANISTER/AQUA GUARD, WATERPROOF TOPCOAT,COLOUR ",1,LTR,1LTR,PL CANISTER 
ATVEL BRUSH MANUFACTURERS (PVT) LTD,EASY,"EASY/9(229MM)/""/POLYTHENE COVER/ INTERIOR & EXTERIOR, PAINT ROLLER,GREEN , WITH OUT HANDLE",10000,10000,"9""",POLYTHENE COVER 
SPECIALTY CONSTRUCTION CHEMICALS ( PVT) LTD,NIPPOFLEX,"NIPPOFLEX/4/LTR/PL CANISTER/AQUA GUARD, WATERPROOF TOPCOAT,COLOUR ",4,LTR,4LTR,PL CANISTER 
SPECIALTY CONSTRUCTION CHEMICALS ( PVT) LTD,NIPPOFLEX,"NIPPOFLEX/4/LTR/PL CANISTER/AQUA GUARD, WATERPROOF TOPCOAT, BRILLIANT WHITE ",4,LTR,4LTR,PL CANISTER 
SHELLO COSMETICS CO (PVT)LTD,SHELLO,SHELLO/50G/CDBOX/WHITENING MOISTURISING FACE CREAM ,50,GM,50G ,CDBOX 
GODAKANDA HERBALS (PVT) LTD - (VENDOL LANKA),VENDOL,VENDOL VOLIN ORIGINAL / KOHOMBA/80GM/ CDBOX ,80,GM,80GM ,CDBOX 
CEYLON BISCUITS LIMITED,MUNCHEE SUPER CREAM CRACKER,MUNCHEE\490\G\EWRPK \SUPER CREAM CRACKER SAVE R.S 60,490,GM,490G,EWRPK 
CARGILLS QUALITY DAIRIES (PVT) LTD,KIST CREAMY CHOC,KIST\360\G\PLPCH \CREAMY CHOC\SAVE R.S. 20,360,GM,360G,PLPCH
UNILEVER SRI LANKA LTD,LIFEBUOY,LIFEBUOY \80\ML\PBT\STRONG & THICK HEALTH SHAMPOO WITH RICE WATER PORTIEN +VITAMIN E ,80,ML,80ML,PBT
NILMINI PRODUCTS,NILMINI,NILMINI\380\G\EWRPK \DETERGENT SOAP,380,GM,380G,EWRPK 
DELMEGE DISTRIBUTOR LTD,DELMEGE,DELMEGE/FAMILY DELIGHT NOODLES/400/GM/SAVE/RS/40/PLPCH ,400,GM,400GM,PLPCH
AIGA CEYLON (PVT) LTD,FITS UP,FITS UP/200/ML/PLBOT/ALOE VERA DRINK,10000,10000,200 ML,PLBOT 
MALIBAN BISCUIT MANUFACTORIES,MALIBAN CREAM CRACKER FAMILY PAC,MALIBAN/CREAM CRACKER FAMILY PAC/490/G/PLPCH/SAVE RS 60,10000,10000,490,PLPCH
CEYLON BEVRAGE INTERNATIONAL PVT LTD,KIST SPARKLING,KIST/250/ML/CAN/KIST SPARKLINS GREEN APPLE FLAVORED DRINK ,250,ML,250ML,CAN
CEYLON BEVRAGE INTERNATIONAL PVT LTD,KIST SPARKLING ,KIST/250/ML/CAN/ KIST SPARKLING STRAWBERRY FLAVORED DRINK ,250,ML,250ML,CAN
CEYLON BEVRAGE INTERNATIONAL PVT LTD,KIST SPARKLING ,KIST/250/ML/CAN/KIST SPARKLING ORANGE FLAVORED DRINK  ORANGE FLAVORED DRINK ,250,ML,250ML,CAN
NESTLE LANKA ,MAGGI,MAGGI/75/GM/PLPCH/MAGGI PAPARE BLAST INSTANT NOODLES ,75,GM,75GM,PLPCH 
EASTERN FRODUTS,EASTERN ,EASTERN /250ML/RGB/CHOCOLATE FLAVORS /,250,ML,250ML,RGB
DICKOYA DAIRY PRODUCTS,AGRI,AGRI FRUIT & NUT DAIRY ICE CREAM 1000ML,1000,ML,1000ML,PLTUB
RECKITT BENCKISER (LANKA) LTD,HARPIC,HARPIC/500/ML/PBT/ORIGINAL/50/-SAVE WITH DIVA FRESH ROSE & LIME DETERGENT POWDER 200G FREE,500,ML,500ML,PBT
UPALI CONSUMER PRODUCTS,SIGITHI,SIGITHI/70/GM/CDBOX/PREVENT PRICKLY HEAT BABY SOAP 70GM*2  SAVE RS 60,70,GM,70GM *2,CDBOX
CHELLO PRODUCTS,CHELLO,CHELLO/75/GM/PLCUP/KUMARIKA JELLY,75,GM,75GM,PLCUP
CEYLON BISCUITS LIMITED,MUNCHEE SUPER CREAM CRACKER,MUNCHEE/490G/PLPCH/SUPER CREAM CRACKER SAVE60/-,490,GM,490G,PLPCH
CEYLON COLD STORES,VIBE,VIBE\250\ML\CAN\APPLE BURST,250,ML,250ML ,CAN
CEYLON COLD STORES,VIBE,VIBE\250\ML\CAN\GRAPE BURST,250,ML,250ML ,CAN
CEYLON COLD STORES,VIBE,VIBE\250\ML\CAN\KIWI BURST,250,ML,250ML ,CAN
NATURE'S BEAUTY CREATIONS LTD,PANDA BABY,PANDA BABY/HERBAL/COLOGNE/NEEM & TURMERIC/100ML/GLBOT,10000,10000,100 ML,GLBOT
SUNRICH CONFECTIONERY (PVT) LTD,SUN RICH VANILLA DOUB.CREAM.WAFERS,SUNRICH/35/G/EWRPK/DOUBLE CREAM/VANILLA CREAM WAFERS,35,GM,35G,EWRPK
NESTLE LANKA,MAGGI,MAGGI/75/G/PLPSH/PAPARE BLAST/INSTANT NOODLES ,75,GM,75G,PLPSH 
MALIBAN BISCUIT MANUFACTORIES,MALIBAN ,MALIBAN/490/GM/PL POUCH/ CREAM CRACKER FAMILY PACK+SEASONAL OFFER RS 60 OFF,10000,10000,490 GM,PL POUCH
NARAH STATIONERS,TEN,TEN MY NOTES BOOK/PAGES 160,10000,10000,160,1 NO
HANA PRODUCTS,HP HERALA HAPPIK,HP KERALA HAPPIK/500/ML/PLBOT/ORIGINAL INDIAN MIX TOILET CLEANER,500,ML,500ML,PLBOT
HANA PRODUCTS,HP KERALA TILE CLEANER,HP KERALA TILE CLEANER/500/ML/PLBOT/ORIGINAL TILE CLEANER CALCIUM REMOVER,500,ML,500ML,PLBOT
CEYLONLIGHT PRODUCTS ,EXTRA WHITE ,EXTRA WHITE DETERGENT POWDER ROSE/1KG/PLCH,10000,10000,PLCH,1KG
CEYLONLIGHT PRODUCTS ,EXTRA WHITE ,EXTRA WHITE DETERGENT POWDER/1KG/PLCH,10000,10000,PLCH,1KG
LAK JAYA INDUSTRIES (PVT)LTD,LIDOL,NEW LIDOL FRESH/ DISH BAR/100G/PLPCH,10000,10000,PLPCH,100G
NATURE'S BEAUTY CREATIONS LTD,PANDA BABY,PANDA BABY /100ML/CD BOX/ HERBAL.COLOGNE,100,ML,100ML,CD BOX
NATURE'S BEAUTY CREATIONS LTD,PANDA BABY,PANDA BABY/100/ML/PBT/SHAMPOO WITH NELLI & NEEM,10000,10000,100 ML,PBT
UNILEVER SRI LANKA LTD,CLOSE UP,CLOSE UP/120/GM/CD BOX/TRIPLE FRESH FORMULA PEPPERMINT SPLASH+SAVE 90,10000,10000,120/GM,CD BOX
NATURE'S BEAUTY CREATIONS LTD,MISUMI,MISUMI/65/GM/CDB/KIYO BEAUTY SOAP ,65,GM,65GM ,CDB
LANKEM CEYLON PLC,ROBBIALAC AQUA TUFF,ROBBIALAC/AQUA TUFF/BRILLIANT WHITE/10/L,10,LTR,10L,BUCKET
EMAMI INDO LANKA PVT LTD,EMAMI,EMAMI/50/ML/NO-1/CD BOX/SMART & HANDSOM ADVANCE GLOWING INSTANT GLOW,50,ML,50ML,CD BOX
GEORGE STEUART HEALTH (PVT) LTD,BIOBALANCE,BIOBALANCE/75/ML/CD BOX /SUN PRODUCTION FACIAL CREAM SPF 50+,75,ML,75ML,CD BOX
ARYU PREMIUM INTERNATIONAL (PVT) LTD,ARYU,ARYU /90/G/CD BOX/SUN CREAM PREMIUM QUALITY SPF 50+ EXCELLENT PROTECTION ,90,GM,90G,CD BOX
NATURE'S MIRACLE COSMATIC,CLASSIC WHITE,CLASSIC WHITE/100/ML/CD BOX/NO-1/ CLASSIC WHITE  SHIELDING SUN CREAM,100,ML,100ML ,CD BOX
EMAMI INDO LANKA PVT LTD,EMAMI,EMAMI/25/G/CD BOX/NO-1/FAIR & HANDSOME SMART & HANDSOME INSTANT GLOW,25,ML,25ML,CD BOX
VELONA CUDDLES (PVT) LTD,VELONA CUDDLES,VELONA CUDDLES/100/ML/PBT/NO-1/SPLASH OF LOVE,100,ML,100ML,PBT
UNILEVER SRI LANKA LTD,FAIR & LOVELY MENZ ACTIVE,FAIR & LOVELY/50/GM/CDBOX/IS NOW GLOW & HANDSOME INSTANT BRIGHTNESS RAPID ACTION MEN'S NO BLEACH FREE + AXE/17/ML/TICKET DEO,50,GM,50GM ,CDBOX 
CEYLON BEVRAGE INTERNATIONAL PVT LTD,KIST ,KIST/250ML/CAN/SPARKLING ORANGE FLAVOURED DRINK,250,ML,250ML,CAN
CEYLON BEVRAGE INTERNATIONAL PVT LTD,KIST ,KIST/250ML/CAN/SPARKLING STRAWBERRY FLAVOURED DRINK,250,ML,250ML,CAN
CEYLON BEVRAGE INTERNATIONAL PVT LTD,KIST ,KIST/250ML/CAN/SPARKLING GREEN APPLE FLAVOURED DRINK,250,ML,250ML,CAN
UNILEVER SRI LANKA LTD,SUNSILK,SUNSILK/180ML/PLBOT/NOURISHING SOFT & SMOOTH SHAMPOO FREE SUNSILK CONDITIONER 40ML ,180,ML,180ML,PLBOT
CEYLON AGRO INDUSTRIES,PRIMA,PRIMA/325G/PLPCH/INSTANT NOODLES/FREE STELLA CHICKEN NOODLES 45G,325,GM,325G,PLPCH
CEYLON BISCUITS LIMITED,MUNCHEE SUPER CREAM CRACKER,MUNCHEE/490G/PLPCH/SUPER CREAM CRACKER SAVE60/-,490,GM,490G,PLPCH
UNILEVER SRI LANKA LTD,PEARS,PEARS/100ML/PLBOT/KOKUM BABY CREAM SAVE/-40,100,ML,100ML,PLBOT
UNILEVER SRI LANKA LTD,PEARS,PEARS/100ML/PLBOT/ALOE VERA & CREAM FREE SOAP 70G,100,ML,100ML,PLBOT
UNILEVER SRI LANKA LTD,VASELINE,VASELINE/200ML/PLBOT/HEALTHY BRIGHT NIACINAMIDE VITAMIN B3+ FREE POND'S LIGHT MOISTURISER,200,ML,200ML,PLBOT
HEMAS MANUFACTURING (PVT) LTD,CLOGARD,CLOGARD/70G/CDBOX/STRONGER TEETH NATURAL SALT,70,GM,70G,CDBOX
CEYLON AGRO INDUSTRIES,PRIMA TWIST,PRIMA/400G/PLPCH/TWIST NOODLES SAVE/-30,400,GM,400G,PLPCH
CAVINKARE PRIVATE LIMITED,MEERA,MEERA/80/ML/PLBOT/HAIR FALL CARE SHAMPOO/SHIKAKAI & BADAM,10000,10000,80 ML ,PLBOT 
CR MARKETING,APPLE,APPLE/325/ML/GLBT/WOOD PRESERVATIVE CLEAR,325,ML,325ML,GLBT
CR MARKETING,APPLE,APPLE/750/ML/GLBT/WOOD PRESERVATIVE CLEAR,750,ML,750ML,GLBT
RICHDALE QUALITY FOOD,RICHDALE,RICHDALE / 80 / GM / PLCUP / DAIRY DESSERT WITH JELLY,10000,10000,80 MG,PLCUP
ROYAL AGENCIES,BYNDAR,BYNDAR / 40 / ML / PLBOT / GUM,10000,10000,40 ML,PLBOT
STAR KING,STAR KING,STAR KING / 60 / ML / PLBOT / CLORAEX,10000,10000,60 ML,PLBOT
PELWATTE DAIRY INDUSTRIES (PVT) LTD,PELWATTE,PELWATTE/200/GM/PLPCH/FULL CREAM MILK POWDER,10000,10000,200 GM,PLPCH 
RIMO ICE CREAM & POP (PVT) LTD.,RIMO,RIMO/50/ML/PLPCH/ICE CREAM & POP,50,ML,50ML,PLPCH
DUNIYA S.S TEA PRODUCTS,DUNIYA,DUNIYA /50/GM/PLPCH/ S.S TEA,50,GM,50GM,PLPCH
NESTLE LANKA,MAGGI CLASSIC,MAGGI /75G/POCH /PAPARE BLAST/,75,GM,75G,POCH 
SISILA MARKETING SERVICES,SATIS MIXED FRUIT,SATIS/200/ML/PET/ MIX FRUIT NECTAR ,200,ML,200ML,PET
COCA-COLA BEVERAGES,FANTA ORANGE,FANTA ORANGE/1500/ML/PBT/SAVE 40,1500,ML,1500ML,PBT
COCA-COLA BEVERAGES,SPRITE,SPRITE/1500/ML/PBT/SAVE 40,1500,ML,1500ML,PBT
COCA-COLA BEVERAGES,COCA-COLA,COCA-COLA/1500/ML/PBT/SAVE 40,1500,ML,1500ML,PBT
RECKITT BENCKISER (LANKA) LTD,HARPIC,HARPIC/500/ML/PBT/POWER PLUS ORIGINAL 10X SAVE 50,500,ML,500ML,PBT
RECKITT BENCKISER (LANKA) LTD,HARPIC,HARPIC/500/ML/PBT/FRESH FLORAL SAVE 50,500,ML,500ML,PBT
VISCAM BOOK INDUSTRIES ,VISCAM,VISCAM/120/PAGES/EXERCISE BOOK,120,PAGES,120PAGES,BOOK 
SANJEEWAKA AYURVEDIC PRODUCTS,CHANDANALEPA,CHANDANALEPA/80/ML/PBT/KESHARAJA HEALTHY & SHINING AYURVEDA SHAMPOO ,80,ML,80ML ,PBT
RECKITT BENCKISER (LANKA) LTD,DETTOL,DETTOL/280(70G×4)/GM/EWREP/ORIGINAL GERM DEFENCE 4 PACK/FREE/HARPIC/200/ML/PBT/POWER PLUS 10X ADVANCED ,280,GM,280GM(70G×4),EWREP 
SANJEEWAKA AYURVEDIC PRODUCTS,CHANDANALEPA,CHANDANALEPA/80/ML/PBT/NELLI NOURISHING & CLEANSING AYURVEDA SHAMPOO ,80,ML,80ML ,PBT
SWADESHI INDUSTRIAL WORKS LTD,KHOMBA BABY,"KHOMBA BABY/280(70G×4)+90G/GM/CDB/MILK SOAPS KOHOMBA, COCONUT MILK & ALOE VERA 4 IN 1 SAVE RS. 50/=/+/KHOMBA BABY AVOCADO SOAP KOHOMBA WITH AVOCADO AND OLIVE OIL/5 PACK SAVE RS.110/=",280,GM,280GM(70G×4)+90GM,CDB
NATURE'S BEAUTY CREATIONS LTD,PANDA BABY,PANDA BABY/50/ML/CDB/NEEM & TURMERIC HERBAL COLOGNE ,50,ML,50ML ,CDB
THIAGI ASSOCIATES,MYPAL,MYPAL/40/GM/PBT/BINDER GLUE PEN STIK IT,10000,10000,40 GM,PBT
CAVINKARE PRIVATE LIMITED,INDICA,INDICA EASY/21/ML/PLPSH/HAIR COLOUR LIQUID/10MI ACTION/BUY2GET1 FREE40ML MEERA CONDITIONER SHAMPOO ,21,ML,21ML,PLPSH 
RECKITT BENCKISER (LANKA) LTD,HARPIC,HARPIC/500/ML/PLBOT/10X ORIGINAL/FREE DIVA FRESH 200G/SAVE RS.50,500,ML,500ML,PLBOT 
PELWATTE DAIRY INDUSTRIES (PVT) LTD,PELWATTE,PELWATTE/200/G/PLPSH/FULL CREAM MILK POWDER ,200,GM,200G,PLPSH 
RECKITT BENCKISER (LANKA) LTD,HARPIC,HARPIC/500/ML/PLBOT/FRESH PINE/FREE DIVA FRESH 200G/SAVE RS.50,500,ML,500ML,PLBOT 
RECKITT BENCKISER (LANKA) LTD,HARPIC,HARPIC/500/ML/PLBOT/FRESH CITRUS/FREE DIVA FRESH 200G/SAVE RS.50,500,ML,500ML,PLBOT 
B.S.T.TRADERS,ROSETTE,ROSETTE/200/PGS/JAFFNA RULE ,200,PGS,200PGS,PGS
ATLAS AXILLIA CO. (PVT) LTD,HOMERUN,HOMERUN/200/PGS/1NO/DOUBLE RULE,200,PGS,200PGS,1NO
VINI CONSUMER CARE LANKA PVT LTD,FOGG,FOGG FINE BOY BREEZE 120ML,120,ML,120ML,10000
UNILEVER SRI LANKA LTD,LIFEBUOY ,LIFEBUOY HEALTH SHAMPOO HERBAL SHAMPOO WITH HERBAL EXTRACTS 80ML,80,ML,80ML,PTBOT
VINI CONSUMER CARE LANKA PVT LTD,FOGG,FOGG FINE RIO WOVE 120ML,120,ML,120ML,10000
VINI CONSUMER CARE LANKA PVT LTD,FOGG,FOGG FINE FIZZY DEW 120ML,10000,10000,10000,10000
UNILEVER SRI LANKA LTD,LIFEBUOY ,LIFEBUOY AYURVEDA CARE PANCHARATNA SHAMPOO 80 ML + FREE LIFEBUOY MILD CARE WITH MILK PROTEIN 75GM,80,ML,80ML,PTBOT
VINI CONSUMER CARE LANKA PVT LTD,FOGG,FOGG FINE BRAZILION BURST 120ML,120,ML,120ML,10000
HARUMI HOLDINGS (PVT) LTD,EVON ,EVON KERATIN + HAIR PROTECTIVE COLOR CARE SHAMPOO 200ML,200,GM,200GM,PTBOT
ACE HEALTHCARE PVT LTD,SWABHA CEYLON,SWABHA CEYLON LONG & STRONG CONDITIONER ENRICHED WITH HERBAL EXTRACTS HIBISCUS JATAMANSI 180ML,180,ML,180ML,PTBOT
CEYLON COLD STORES,VIBE,VIBE\250\ML\CAN\GRAPE BURST ,250,ML,250ML,CAN
CEYLON COLD STORES,VIBE,VIBE\250\ML\CAN\ORANGE BURST ,250,ML,250ML,CAN
COCA-COLA BEVERAGES,SPRITE,SPRITE\1500\ML\PBT\LEMON -LIME SAVE R.S 40,1500,ML,1500ML,PBT
CEYLON COLD STORES,VIBE,VIBE\250\ML\CAN\KIWI BURST ,250,ML,250ML,CAN
COCA-COLA BEVERAGES,COCA-COLA,COCA-COLA \1500\ML\PBT\SAVE R.S 40,1500,ML,1500ML,PBT
CEYLON COLD STORES,VIBE,VIBE\250\ML\CAN\APPLE BURST,250,ML,250ML,CAN
COCA-COLA BEVERAGES,FANTA ORANGE,FANTA\1500\ML\PBT\ORANGE FLAVOURED \SAVE R.S 40,1500,ML,1500ML,PBT
COCA-COLA BEVERAGES,SPRITE,SPRITE\1500\ML\PBT\LEMON -LIME SAVE R.S 40,1500,ML,1500ML,PBT
COCA-COLA BEVERAGES,FANTA ORANGE,FANTA\1500\ML\PBT\ORANGE FLAVOURED \SAVE R.S 40,1500,ML,1500ML,PBT
COCA-COLA BEVERAGES,COCA-COLA,COCA-COLA \1500\ML\PBT\SAVE R.S 40,1500,ML,1500ML,PBT
WIJAYA PRODUCTS (PVT) LTD,WIJAYA,WIJAYA\100\G\POUCH\RAMEN SWEET & SOUR INSTANT NOODLES ,100,GM,100G,POUCH 
CHRIS INTERNATIONAL ,CHRIS,CHRIS \500\ML\PLBOT \WIN DISH LIQUID DISHWASH,500,ML,500ML ,PLBOT 
COLMANS LANKA (PVT)LTD,CENTULY,CENTULY\100\G\CDBOX\CORN FLOUR,100,GM,100G ,CDBOX 
CHRIS INTERNATIONAL ,CHRIS,CHRIS \500\ML\PLBOT \FLORAL FRESH GERMEX ULTRA POWER TOILET BOWI CLEANER ,500,ML,500ML ,PLBOT 
NILAN PRODUCTS,NILAN PRODUCTS,NILAN \25\G\POUCH \TURMERIC POWER ,25,GM,25G ,POUCH 
CHRIS INTERNATIONAL ,CHRIS,CHRIS \250\ML\PLBOT \WIN DISH LIQUID DISHWASH,250,ML,250ML ,PLBOT 
CAVINKARE PRIVATE LIMITED,INDICA,"INDICA/21/ML/PLPCH/EASY, HAIR COLOUR LIQUID, NATURAL BLACK + FREE ,MEERA/40/ML/PLBOT/CONDITIONER WITH ALMOND OIL",21,ML,21ML,PLPCH 
CEYLON BISCUITS LIMITED,MUNCHEE ,"MUNCHEE/490/GM/PLPCH/SUPER CREAM CRACKER, ENRICHED WITH VITAMINS, SAVE RS 60",490,GM,490GM,PLPCH 
MALIBAN MILK PRODUCT (PVT) LTD,MALIBAN,MALIBAN/200/GM/CDBOX/FULL CREAM MILK POWDER. SAVE RS 20,200,GM,200GM,CDBOX 
HATTON DISTRIBUTORS,REAL HATTON,REAL HATTON / 50 / MG / PLPCH  / TEA,10000,10000,50 MG,PLPCH
DELMEGE FORSYTH & CO.LTD,MOTHA,MOTHA/50/GM/CD COVER/JELLEGEN JELLY CRYSTALS WITH COLLAGEN MIXED BERRY FLAVOUR ,50,GM,50GM,CD COVER
DELMEGE FORSYTH & CO.LTD,MOTHA,MOTHA/50/GM/CD COVER/JELLEGEN JELLY CRYSTALS WITH COLLAGEN GUAVA FLAVOUR,50,GM,50GM,CD COVER
RECKITT BENCKISER (LANKA) LTD,HARPIC,HARPIC/500/ML/PLBOT/ORIGINAL SAVE RS.50/ + FREE DIVA/200/GM/PLPCH/ROSE & LIME DETERGENT POWDER,10000,10000,500 ML,PLBOT 
CEYLON BISCUITS LIMITED,MUNCHEE,MUNCHEE/360/GM/PLPCH/TIKIRI MARIE BISCUITS + SAVE RS.30/-,10000,10000,360 GM,PLPCH 
PELWATTE DAIRY INDUSTRIES (PVT) LTD,PELWATTE,PELWATTE /200/GM/PLPCH/FULL CREAM MILK POWDER,200,GM,200GM,PLPCH
DIGAMADULU YOGHURT,DIGAMADULU PUBUDU,DIGAMADULU PUBUDU/80/GM/PLCUP/JELLY YOGHURT,80,GM,80GM,PLCUP
UNILEVER SRI LANKA LTD,PEARS BABY,PEARS/100/ML/PLBOT/ KOKUM BABY CREAM FOR MOISTURISED SKIN RS 40 SAVE,100,ML,100ML,PLBOT
SUNRICH CONFECTIONERY (PVT) LTD,SUN RICH,SUN RICH /35/GM/PLPCH/CHOCOLATE DOUBLE CREAM WAFERS ,35,GM,35GM,PLPCH
DIYON FOOD PRODUCTS,DIYON FOOD,DIYON FOOD/50/GM/PLPCH/ROSTED CURRY POWDER ,50,GM,50GM,PLPCH
SUNRICH CONFECTIONERY (PVT) LTD,SUN RICH,SUN RICH /35/GM/PLPCH/VANILLA DOUBLE CREAM WAFERS ,35,GM,35GM,PLPCH
MAYURI FOOD PRODUCTS,MAYURI,MAYURI/05/KG/PLPCH/NOODLES,05,KG,05KG,PLPCH
AMBEWELA PRODUCTS (PVT) LTD,AMBEWELA,AMBEWELA/80/GM/PLCUP/STRAWBERRY FLAVOURED JELLY YOGHURT ,10000,10000,80 GM,PLCUP
HEMAS MARKETING,KUMARIKA,KUMARIKA /180M/PET/GOTUKOLA/FREE SCRUNCHY,180,ML,180ML,PET
MINDEE PRODUCTS,MINDEE,MINDEE LIME & GINGER DRINK/200ML/PLBOT,200,ML,200ML,PLBOT
MAA PRODUCTS,MAA,MAA/250/ML/CAN/THAL COLA,250,ML,250ML,CAN
M Y H DISTRIBUTORS,M.Y.H PRODUCTS,M.Y.H /10/GM/PLPCH/ M.Y.H PRODUCTS TURMERIC POWDER ,10,GM,10GM,PLPCH 
M Y H DISTRIBUTORS,M.Y.H PRODUCTS,M.Y.H/50/GM/PLPCH/M.Y.H PRODUCTS CURRY POWDER ,50,GM,50GM,PLPCH 
UNILEVER SRI LANKA LTD,TRESEMME,TRESEMME BOTANIQUE / NOURISHING & REPLENISH / 400ML/ WITH COCONUT OIL &ALOE VERA SHAMPOO/ PBT,400,ML,400ML,PBT
IMPORTED ,VATIKA,VATIKA LEMON & YOGURT/ 400ML/ DANDRUFF GUARD / SHAMPOO/ PBT,400,ML,400ML,PBT
IMPORTED,GODREJ,GODREJ / NUPUR / HENNA / 120GM/9 GOODNES OF HERBS / PLPCH ,120,GM,120GM,PLPCH 
IMPORTED ,NEW LOOK CANTU,NEW LOOK / CONTU / AVOCADO HYDRATING/ CONDITIONER/ 400ML/ WITH AVOCADO OIL & SHEA BUTTER/ PBT,400,ML,400ML,PBT
IMPORTED,VLCC,VLCC / NATURAL & HERBAL HENNA/ 120GM/ HAIR DEFENSE/ WITH THE GOODNESS OF 10 HERBS,120,GM,120GM,PLPCH 
NEELAHIRI TEA COMPANY (PVT)LTD,NEELAGIRI TEA,NEELAGIRI TEA\200\G\POUFH\PREMIUM QUALITY CEYLON TEA,200,GM,200G ,POUCH 
ANTLER INDUSTRIES (PVT) LTD,THINAYA,AROMA SHAKTHI/1000/G/PLPCH/FRESH FLORAL DETERGENT POWDER/20/- SAVE,1000,GM,1000G,PLPCH 
THINAYA INTERNATIONAL,THINAYA,THINAYA/90/G/PLPCH/MUTHU MUTHU SOYA ROSTED CHICKEN FLAVOR  SOYA,90,GM,90G,PLPCH 
WIMAL MARKETING SERVICE,SMASH MANGO,SMASH/190/ML/GBT/MANGO NECTAR,190,ML,190ML,GBT
UDAKANDA INDUSTRIES,SAPUMAL,SAPUMAL DETERGENT SOPE 150 GM,10000,10000,150 GM,EWRPK
WONRICH DAIRY PVT LTD,WONRICH,WONRICH SET JELLY MIX DAIRY DESSERT STRAWBERRY FLAVOURED 80 GM ,10000,10000,80 GM,PLCUP
CEYLON COLD STORES,ELEPHANT HOUSE VI BE,ELEPHANT HOUSE VI BE/250ML/CAN/GRAPE BURST,250,ML,250ML,CAN
CEYLON COLD STORES,ELEPHANT HOUSE VI BE,ELEPHANT HOUSE VI BE/ 250ML/ CAN/ ORANGE BURST,250,ML,250ML,CAN
CEYLON COLD STORES,ELEPHANT HOUSE VI BE,ELEPHANT HOUSE VI BE/ 250ML/ CAN/ APPLE BURST,250,ML,250ML ,CAN
HEMAS MARKETING,BABY CHERAMY,BABY CHERAMY FLORAL EXTRACT VITAMIN E & MILK/375/GM/(75*5)/CD BOX,375,GM,375GM,CD BOX
UNILEVER SRI LANKA LTD,FAIR & LOVELY,FAIR & LOVELY/50/GM/CDBOX/IS NOW GLOW & LOVELY POWDER FINISH CREAM WITH MULTI VITAMINS + BRIGHTENING POWDER 24 HRS OIL CONTROL ,50,GM,50GM,CDBOX 
UNILEVER SRI LANKA LTD,FAIR & LOVELY,FAIR & LOVELY/25/GM/CDBOX/IS NOW GLOW & LOVELY POWDER FINISH CREAM WITH MULTI VITAMINS + BRIGHTENING POWDER 24 HRS OIL CONTROL ,25,GM,25GM,CDBOX 
UNILEVER SRI LANKA LTD,POND'S,POND'S/23/GM/CDBOX/BRIGHT BEAUTY SERUM CREAM NINCINAMIDE 98% PURE VITAMIN B3 ANTI-SPOT FORMULA/SAVE RS 90,23,GM,23GM,CDBOX 
UNILEVER SRI LANKA LTD,AYUSH ,AYUSH/ 110/GM/CDBOX/TOTAL ORAL CARE FLUORIDATED TOOTHPASTE WITH CLOVE OIL & DASANAKANTHI CHOORNAM/FREE AYUSH /TOTAL ORAL CARE FLUORIDATED TOOTHPASTE WITH CLOVE OIL & DASANAKANTHI CHOORNAM 30GM CDBOX/SAVE RS 50,110,GM,110GM,CDBOX 
BRIGHT LANKA PRODUCTS ,BRIGHT,BRIGHT/500/ML/PLBOT/CALCIUM REMOVER TILE CLEANER,500,ML,500ML,PLBOT
BRINTA ENTERPRISES (PVT) LTD,BRINTA,BRINTA/50/GM/PLPCH/JAFFNA CURRY POWDER,50,GM,50G,PLPCH
ORIENT LANKA CONFECTIONERY,MAAM NICE,MAAM/360/GM/PLPCH/NICE,360,GM,360G,PLPCH
CEYLON BISCUITS LIMITED,RITZBURY ,RITZBURY/90/G/PLUPCH/ROCCOA WITH CASHEW MILK ,90,GM,90G,PLUPCH
CEYLON BISCUITS LIMITED,RITZBURY ,RITZBURY/90/G/PLUPCH/ROCCOA/WITH  FRUIT & NUT,90,GM,90G,PLUPCH
GREEN LANKA COSMETICS CO.,SUDUMAL,SUDUMA/160/GM/EWRPK/ DETERGENT BAR WHITE /GREEN LANKA COSMETICS CO.,10000,10000,160 GM,EWRPK 
GREEN LANKA COSMETICS CO.,SUDUMAL,SUDUMAL/160/GM/EWRPK /DETERGENT BAR ROSE/GREEN LANKA COSMETICS CO.,10000,10000,160 GM,EWRPK 
CARGILLS FOOD & BEVERAGE LIMITED ,KIST SPARKLING ORANGE,KIST SPARKLING ORANGE FLAVOURED DRINK/250ML/CAN ,250,ML,250ML,CAN
CEYLON AGRO INDUSTRIES,PRIMA TWIST,PRIMA TWIST / 400 / GM / PLPCH / NOODLES / SAVE / RS.30,10000,10000,400 GM,PLPCH
MINDEE PRODUCTS,MINDEE,MINDEE LIME & GINGER DRINK/200ML/PLBOT,200,ML,200ML,PLBOT
AMARASA FOOD PRODUCTS ,COOL SHADOW ,AMARASA COOL SHADOW\200\ML\PLCU\ICE COFFEE ,10000,10000,200 ML,PLCUP
CEYLON LEISURE WERE PRODUCTS,HATTRICK,HATTRICK/500/ML/PBT/NO-1/BATHROOM STAIN REMOVER TILE & TOILET CLEANER ,500,ML,500ML,PBT
RIO FOODS & BEVERAGES (PVT) LTD,RIO,RIO/750/ML/PBT/NO--1/ COLA,750,ML,750ML,PBT
RIO FOODS & BEVERAGES (PVT) LTD,RIO,RIO/750/ML/PBT/NO-1/PRITE,750,ML,750ML,PBT
RIO FOODS & BEVERAGES (PVT) LTD,RIO,RIO/750/ML/PBT /NO-1/GINGER ,750,ML,750ML,PBT
CARGILLS CONVENIENT FOODS,GOLDI,GOLDI CHICKEN SAUSAGES CATERING PACK 450  FREE GOLDI CHICKEN MEATBALL 100GM ,450,GM,450GM,PLPCH
NATURE'S BEAUTY CREATIONS LTD,MISUMI ,MISUMI KIYO BEAUTY SOAP 65 GM,65,GM,65GM,CDBOX
MFD BY TRADEX,CLENOL,CLENOL ACTIVE OXIGEN WASHING POWER 1000GM,1000,GM,1000GM,PLPCH
DSL ENTERPRISES (PVT) LTD,SPEED,SPEED/40/GM/PBT/BINDER GLUE,40,GM,40GM,PBT
UNILEVER SRI LANKA LTD,PEARS BABY,PEARS BABY/100/GM/PLBT/KOKUM BABY CREAM FOR MOISTURISED SKIN SAVE RS.40,100,ML,100ML,PLBT
STAR HOLDINGS INTERNATIONAL,STAR LIGHT,STAR LIGHT/40/ML/PLPCH/POWER WASH LAUNDRY LIQUID LAVENDER,40,ML,40ML,PLPCH
CEYLON COLD STORES,VIBE,VIBE/250/ML/CAN/APPLE BURST,10000,10000,250 ML,CAN
CEYLON COLD STORES,VIBE,VIBE/250/ML/CAN/GRAPE BURST,10000,10000,250 ML,CAN
RHD ENTERPRISES (PVT) LTD,RHD,RHD/0.5/INCH/PLPCH/PAINT BRUSH,10000,10000,0.5 INCH,PLPCH 
ACE HEALTHCARE PVT LTD,SWABHA CEYLON,SWABHA CEYLON/200/ML/PLBOT/NATURAL BRIGHTENING BODY LOTION LICORICE KARANDA,10000,10000,200 ML,PLBOT 
UNILEVER SRI LANKA LTD,POND'S,POND'S/23/GM/CDBOX/BRIGHT BEAUTY SERUM CREAM NIACINAMIDE 98% PURE VITAMIN B3 + SAVE RS.90/-,10000,10000,23 GM,CDBOX 
UNILEVER SRI LANKA LTD,PEARS BABY,PEARS/100/ML/CDBOX/MAGIC DROPS BABY COLOGNE + FREE PEARS/50/ML/PLBOT/BEDTIME BABY CREAM,10000,10000,100 ML,CDBOX 
NATURE'S MIRACLE COSMATIC,CLASSIC WHITE,CLASSIC WHITE ADVANCED/50G/CDBOX/REJUVENATING & BRIGHTENING NIGHT CREAM ,50,GM,50G ,CDBOX 
UNILEVER SRI LANKA LTD,LUX ,LUX/70G/EWPRK/SOFT GLOW VITAMIN C + E SAVE RS 15.00,70,GM,70G ,EWPRK 
HEMAS MARKETING,BABY CHERAMY ,"BABY CHERAMY/375G (75G ×5)/CDBOX/ALMOND OIL,VITAMIN E & MILK SAVE RS 45.00",375,GM,375G (75×5),CDBOX 
CARGILLS DAIRIES,MAGIC MANGO,MAGIC MANGO ICE CREAM 4000 ML PLTUB,10000,10000,4000 ML,PLTUB
CHERISH BISCUIT (PVT) LTD,CHERISH LEMON WAFERS,CHERISH/30/GM/PLPCH/LEMON FLAVOURED ,30,GM,30GM,PLPCH
RUDIL PRODUCTS,RUDIL,RUDIL/ 70/GM/PLPCH/COUNTRY CHICKEN FLAVOURED  SOYA MEAT,70,GM,70GM,PLPCH
IMPORTED,RIIFFS MISS UNIVERSE,RIIFFS MISS UNIVERSE EAU DE PARFUM NATURAL SPRAY VAPORISATCUR 100 ML CDBOX ,10000,10000,100 ML,CDBOX 
IMPORTED,RIIFFS MISS WORLD,RIIFFS MISS WORLD EAU DE PARFUM NATURAL SPRAY VAPORISATCUR 100 ML CDBOX ,10000,10000,100 ML,CDBOX 
IMPORTED,RIIFFS HOT BLACK ,RIIFFS HOT BLACK EAU DE PARFUM NATURAL SPRAY VAPORISATCUR 100 ML CDBOX,10000,10000,100 ML,CDBOX 
IMPORTED,RIIFFS EXPLORE BLUE,RIIFFS EXPLORE BLUE EAU DE PARFUM NATURAL SPRAY VAPORISATCUR 100 ML CDBOX,10000,10000,100 ML,CDBOX 
C.B COSMETICS,ROMANTIC,ROMANTIC/50/ML/ROMANTIC POUR FEMME,50,ML,50ML,CDBOX
IMPORTED,PANTENE PRO-V,PANTENE/200/ML/PLBOT/PANTENE PRO-V PERFECT CURLS SHAMPOO,200,ML,200ML,PLBOT
RECKITT BENCKISER (LANKA) LTD,HARPIC,HARPIC/500/ML/PBT/POWER PLUS 10X ADVANCED ORIGINAL/SAVE RS. 81/=,500,ML,500ML ,PBT
MAHAWELI HOLDING (PVT) LTD,MAHAWELI NC THINNER,MAHAWELI SPECIAL/1000/ML/PLCAN/NC THINNER ,1000,ML,1000ML,PLCAN
MAHAWELI HOLDING (PVT) LTD,MAHAWELI NC THINNER,MAHAWELI SPECIAL/2000/ML/PLCAN/NC THINNER ,2000,ML,2000ML,PLCAN
RUSBRO PRODUCTION & DISTRIBUTORS,RUSBRO,RUSBRO/250/GM/PURE THALAWAKELE FACTORY FRESH TEA,10000,10000,250 GM,PLPCH
RUSBRO PRODUCTION & DISTRIBUTORS,RUSBRO,RUSBRO/100/GM/PURE THALAWAKELE FACTORY FRESH TEA,10000,10000,100 GM,PLPCH
WIJITHA GROUP OF COMPANIES (PVT) LTD,WIJI,WIJI/250/GM/THIN STRING NOODLES  VERMICELLI STYLE,10000,10000,250 GM,PLPCH
SENKADAGALA PRODUCTS (PVT) LTD,SENKADAGALA,SENKADAGALA/100/GM/CHILLI FLAKES,10000,10000,100 GM,PLPCH
SENKADAGALA PRODUCTS (PVT) LTD,SENKADAGALA,SENKADAGALA/100/GM/SPECIAL ROASTED BLACK CURRY POWDER,10000,10000,100 GM,PLPCH
R.F MARKETING SERVICE PVT LTD,STR,"STR\1NO\3""(75MM)\PAINT BRUSH ",10000,10000,"3""(75MM)",NO
R.F MARKETING SERVICE PVT LTD,STR,"STR\1NO\1/2""(12MM)\PAINT BRUSH ",10000,10000,"1/2""(25 MM)",NO
R.F MARKETING SERVICE PVT LTD,STR,"STR\1NO\1 1/2""(37MM)\PAINT BRUSH.",10000,10000,"1/2""(25 MM)",NO
R.F MARKETING SERVICE PVT LTD,STR,"STR\1 NO\1""(25MM)\PAINT BRUSH ",10000,10000,"1""(25 MM)",NO
R.F MARKETING SERVICE PVT LTD,STR,"STR\1NO\4""\PAINT BRUSH ",10000,10000,"4""",NO
R.F MARKETING SERVICE PVT LTD,STR,"STR\1NO\2 1/2""(63MM)\PAINT ",10000,10000,"2 1/2"" (63 MM)",NO
R.F MARKETING SERVICE PVT LTD,STR,"STR\1NO\2""(50MM)\PAINT BRUSH ",10000,10000,"2""(50MM)",NO
R.F MARKETING SERVICE PVT LTD,STR,"STR\1NO\5""\PAINT BRUSH ",10000,10000,"5""",NO
UNILEVER SRI LANKA LTD,FAIR & LOVELY & GLOW & HANDSOME ,FAIR & LOVELY GLOW & HANDSOME \50\G\CD BOX\ INSTANT BRIGHTNESS RAPID ACTION CREAM +FREE AXE TICKET DEODORANT 17 ML,50,GM,50G,CD BOX
UNILEVER SRI LANKA LTD,VASELINE,VASELINE \200\ML\PBT\HEALTHY BRIGHT IN 2 WEEKS NIACINAMIDE VITAMIN B3 SERUM IN LOTION SAVE R.S 265,200,ML,200ML,PBT
UNILEVER SRI LANKA LTD,VASELINE,VASELINE \200\ML\PBT\ WITH NATURAL ALOE EXTRACT SERUM IN LOTION SAVE R.S 140,200,ML,200ML,PBT
STASSEN FOODS PVT LTD,BOUNTY,BOUNTY\57\G\EWRPK \CHOCOLATE BAR,57,GM,57G,EWRPK 
HEMAS PHARMACEUTICALS (PVT) LTD,SUSTAGEN JUNIOR,SUSTAGEN JUNIOR \400\G\TIN\VANILLA FLAVOUR NUTRITIONAL SUPPLEMENT 6-11 YEAR OLD. SAVE R.S 300,400,GM,400G,TIN
OMEGA PAINT BRUSHES,OMEGA,"OMEGA/NO-1/4""/EWRPK /PAINT BRUSH",10000,10000,"4""",EWRPK 
STAR HOLDINGS INTERNATIONAL,STAR LIGHT,STAR LIGHT/40/ML/PLPCH/POWER WASH LAUNDRY LIQUID LAVENDER,40,ML,40ML,PLPCH
STAR HOLDINGS INTERNATIONAL,STAR LIGHT,STAR LIGHT/40/ML/PLPCH/POWER WASH LAUNDRY LIQUID ARALIYA,40,ML,40ML,PLPCH
IMPORTED,FAIR & LOVELY ,FAIR & LOVELY/4.5 GM/PLPCH/GLOW & LOVELY ADVANCED MULTI VITAMIN ,10000,10000,4.5 GM,PLPCH
IMPORTED,AL-ALIM,LACOSTE/6 ML/CD BOX/AL-ALIM,10000,10000,6 ML,CD BOX
IMPORTED,AL-ALIM,REAL MIRAGE/6 ML/CD BOX/AL-ALIM,10000,10000,6 ML,CD BOX
IMPORTED,CROWN,BRUT/6 ML/CD BOX/CROWN PERFUMES,10000,10000,6 ML,CD BOX
SASIKA FOOD PRODUCTS,SASIKA,SASIKA / 200 / ML / PLBOT / DRINKING YOGHUT,10000,10000,200 ML,PLBOT
NESTLE LANKA,MAGGI,MAGGI/75/GM/PLPCH/PAPARE BLAST NOODLES ,75,GM,75GM ,PLPCH 
IMPORTED,LANISS,LANISS/60/ML/CDBOX/BRIGHT LIGHT COFFEE BLONDE ,10000,10000,60 ML,CDBOX
UNILEVER SRI LANKA LTD,FAIR & LOVELY,FAIR & LOVELY/25/GM/CDBOX/GLOW & LOVELY POWDER FINISH WITH MULTI VITAMINS + BRIGHTENING POWDER ,10000,10000,25 GM,CDBOX
WELLASSA PRODUCTS (PVT) LTD,WELLASSA ,WELLASSA /500G/POCH PACK /CHILI POWDER ,500,GM,500G,POCH 
CLEAN MAX,CLEAN MAX,CLEAN MAX/250/ML/PLBOT/TOILET BOWL CLEANER,250,ML,250ML,PLBOT 
CARGILLS FOOD & BEVERAGE LIMITED ,KIST,KIST/250/ML/CAN/SPARKLING GREEN APPLE FLAVOURED DRINK,10000,10000,250 ML,CAN
CARGILLS FOOD & BEVERAGE LIMITED ,KIST,KIST/250/ML/CAN/SPARKLING STRAWBERRY FLAVOURED DRINK,10000,10000,250 ML,CAN
CARGILLS FOOD & BEVERAGE LIMITED ,KIST,KIST/250/ML/CAN/ORANGE FLAVOURED DRINI,10000,10000,250 ML,CAN
TOP BEVERAGES PVT LTD,TOP TGB,TOP/330/ML/PET/TGB ,330,ML,330ML,PET
MALIBAN BISCUIT MANUFACTORIES,MALIBAN ,MALIBAN/490/GM/PL POUCH/ CREAM CRACKER FAMILY PACK+SEASONAL OFFER RS 60 OFF,10000,10000,490 GM,PL POUCH
NESTLE LANKA,MAGGI HOT,MAGGI/75/GM/PLPCH/PAPARE BLAST,75,GM,75GM ,PLPCH 
GODAKANDA HERBALS (PVT) LTD - (VENDOL LANKA),VENDOL VOLIN,VENDOL VOLIN/80/GM/CDB/ORIGINAL GOLD/SAVE RS. 25/=,80,GM,80GM ,CDB
RECKITT BENCKISER (LANKA) LTD,HARPIC,HARPIC/500/ML/PBT/POWER PLUS 10X ADVANCED ORIGINAL/SAVE RS. 81/=,500,ML,500ML ,PBT
GODAKANDA HERBALS (PVT) LTD - (VENDOL LANKA),VENDOL VOLIN,VENDOL VOLIN/80/GM/CDB/ORIGINAL PINK SECRET BEAUTY OIL WITH KUMKUMADI/SAVE RS. 25/=,80,GM,80GM ,CDB
GODAKANDA HERBALS (PVT) LTD - (VENDOL LANKA),VENDOL VOLIN,VENDOL VOLIN/80/GM/CDB/ORIGINAL CARROT WITH TURMERIC/SAVE RS. 25/=,80,GM,80GM ,CDB
CEYLON COLD STORES,ELEPHANT VIBE,ELEPHANT VIBE/250/ML/PBT/APPLE BURST,250,ML,250ML,CAN
CEYLON COLD STORES,ELEPHANT VIBE,ELEPHANT VIBE/250/ML/CAN/ORANGE BURST,250,ML,250ML,CAN
CEYLON COLD STORES,ELEPHANT VIBE,ELEPHANT VIBE/250/ML/CAN/ GRAPE BURST,250,ML,250ML,CAN
TEA & SPICE HOUSE,LAK KAHATA,LAK KHATA\100\G\POUCH \BOPF,100,GM,100G,POUCH 
TEA & SPICE HOUSE,LAK KAHATA,LAK KAHATA\200\G\POUCH\BOPF,200,GM,200G,POUCH 
TEA & SPICE HOUSE,LAK KAHATA,LAK KAHATA\50\G\POUCH\BOPF,50,GM,50G,POUCH 
MALIBAN BISCUIT MANUFACTORIES,MALIBAN CREAM CRACKER ,MALIBAN\490\G\PLPCH \CREAM CRACKER FAMILY PACK SAVE R.S 60,490,GM,490G,PLPCH 
DINARA ENTERPRISES,DINARA,DINARA/1000/GM/PLPCH/ROASTED CURRY POWDER/DINARA ENTERPRISES,10000,10000,1000 GM,PLPCH 
INGURUGALA TEA FACTORY,INGURUGALA ,INGURUGALA/50/GM/TEA/PLPCH,50,GM,50GM,PLPCH
GALAUDA GRINDING ,G G PRODUCTS,G G PRODUCTS/50/GM/PLPCH/TURMERIC POWDER ,50,GM,50GM,PLPCH
N,LADY,LADY /80ML/BOX/MILLIC/LUCY/,80,ML,80ML,BOX
NNR DISTRIBUTORS,NNR APPLE,NNR/180/ML/PLCUP/APPLE DRINK ,180,ML,180ML,PLCUP
NNR DISTRIBUTORS,NNR MIXED FRUIT ,NNR/180/ML/PLCUP/MIXED FRUIT DRINK,180,ML,180ML,PLCUP
SURALA PRODUCTS,SURALA,SURALA/50/GM/PLPCH/TURMERIC POWDER ,50,GM,50GM ,PLPCH 
SURALA PRODUCTS,SURALA,SURALA/25/GM/PLPCH/TURMERIC POWDER ,25,GM,25GM ,PLPCH 
WIC,WIC,WIC/500/ML/PLBOT/LEMON DISHWASH LIQUID ,500,ML,500ML,PLBOT 
CEYLON BISCUITS LIMITED,MUNCHEE ,MUNCHEE/360/GM/PLPCH/TIKIRI MARIE BISCUITS/OFFER PRICE 30,360,GM,360GM,PLPCH 
MALIBAN MILK PRODUCT (PVT) LTD,MALIBAN,MALIBAN/200/GM/CDBOX/FULL CREAM MILK POWDER/SAVE RS 20,200,GM,200GM ,CDBOX 
UNILEVER SRI LANKA LTD,PEARS BABY,PEARS/100/ML/CDBOX/MAGIC DROPS BABY COLOGNE + FREE PEARS/50/ML/PLBOT/BEDTIME BABY CREAM ,100,ML,100ML,CDBOX 
UTN TRADING,ENCHANTEUR,"ENCHANTEUR/100/ML/PLBOT/ALLURING VISIBLY RADIANT SKIN VITAMIN A,C,E & NIACINAMIDE",100,ML,100ML,PLBOT 
MALIBAN BISCUIT MANUFACTORIES,MALIBAN ,MALIBAN/490/G/PLPCH/CREAM CRACKER SAVE 60,490,GM,490G,PLPCH 
HIMALI STORES,HIMALI,HIMALI/1000/GM/PLPCH/CHILLI POWDER/HIMALI STORES,10000,10000,1000 GM,PLPCH 
AUTUMN WATER BOTTLED PVT LTD,AUTUMN,AUTUMN\500\ML\PBT\BOTTLED DRINKING WATER ,500,ML,500ML,PBT
REEM BEVERAGE,REEM MANGO,REEM\1\L\PBT\MANGO NECTAR ,1,LTR,1L,PBT
WEERASINHA HOLDING (PVT) LTD,WINDAY,WINDAY/200/ML/GLBT/GINGER BEER,200,ML,200ML,GLBT
CEYLON COLD STORES,VIBE,VIBE /250ML/CAN/GRAPE BURST,250,ML,250ML,CAN
MALIBAN BISCUIT MANUFACTORIES,MALIBAN ,MALIBAN/490/GM/PL POUCH/ CREAM CRACKER FAMILY PACK+SEASONAL OFFER RS 60 OFF,10000,10000,490 GM,PL POUCH
NAWODA NUWANGI ENTERPRISE,THEPULIE,THEPULIE/80/GM/CUP/FRUIT JELLY YOGHURT ,80,GM,80GM,CUP
MOUNI PRODUCTS PVT LTD,MOUNI PRODUCTS ,MOUNI PRODUCTS/50/GM/PLPCH/TURMERIC POWDER ,50,GM,50GM,PLPCH
THEPULI MILK PRODUCTS ,THEPULIE,THEPULIE/80/GM/CUP/SET YOGHURT ,80,GM,80GM,CUP
BLUETWO (PRIVATE) LIMITED,NEO,NEO/1000/ML/PBT/BOTTLED DRINKING WATER,10000,10000,1000/ML,PBT
BLUETWO (PRIVATE) LIMITED,NEO,NEO/500/ML/PBT/BOTTLED DRINKING WATER,10000,10000,500/ML,PBT
JANAN ICE CREAM,JANAN VANILLA ,JANAN/80/ML/PLCUP/VANILLA ICE CREAM ,80,ML,80ML,PLCUP
CARGILLS FOOD & BEVERAGES LIMITED ,KIST ,KIST ORANGE/250/ML/CAN/SPARKLING FLAVOURED DRINK,250,ML,250ML ,CAN
CARGILLS FOOD & BEVERAGES LIMITED ,KIST GREEN APPLE ,KIST GREEN APPLE/250/ML/CAN,250,ML,250ML ,CAN
CARGILLS FOOD & BEVERAGES LIMITED ,KIST ,KIST STRAWBERRY/250/ML/CAN/SPARKLING FLAVOURED DRINK,250,ML,250ML ,CAN
C.W. MACKIE PLC,HIMALAYA,HIMALAYA/50/ML/CDBOX/REVITALIZING NIGHTCREAM ,50,ML,50ML,CDBOX 
C.W. MACKIE PLC,HIMALAYA,"HIMALAYA/50/ML/PLTUB/NOURISHING SKIN CREAM,LIGHT & NON - GREASY",50,ML,50ML,PLTUB 
SAMAN FOODS PVT LTD,SAMAN,SAMAN/50/GM/CHILLI PIECES,10000,10000,50 GM,PLPCH
LAKMEE EXPORTS,LAKMEE,LAKMEE/400/GM/PLPCH/NOODLES +LAKMEE CHILLI AND GARLIC SAUCE 75ML FREE,400,GM,400GM ,PLPCH 
SPRING FOOD (PVT) LTD,KINGS WATER,KINGS WATER/1500/ML/PBT/BOTTLED DRINKING WATER ,10000,10000,1500 ML,PBT
CEYLON COLD STORES,ELEPHANT HOUSE,ELEPHANT HOUSE VIBE/250/ML/TIN/APPLE BURST,10000,10000,250 ML,TIN
CEYLON COLD STORES,ELEPHANT HOUSE,ELEPHANT HOUSE VIBE/250/ML/TIN/GRAPE BURST ,10000,10000,250 ML,TIN
WEERASINHA HOLDING (PVT) LTD,WINDAY,WINDAY/200/ML/GLBT/NATURAL TAMARIND DRINK,200,ML,200ML,GLBT
WEERASINHA HOLDING (PVT) LTD,WINDAY,WINDAY/200/ML/GLBT/NATURAL WOOD APPLE DRINK,200,ML,200ML,GLBT
WEERASINHA HOLDING (PVT) LTD,WINDAY,WINDAY/200/ML/GLBT/NATURAL LIME & GINGER DRINK,200,ML,200ML,GLBT
WEERASINHA HOLDING (PVT) LTD,WINDAY,WINDAY/200/ML/GLBT/NATURAL MANGO DRINK,200,ML,200ML,GLBT
ANTLER INDUSTRIES (PVT) LTD,BRITOL,BRITOL/250/ML/PBT/DISHWASHING LIQUID LIME FRESH/SAVE 55 RS,10000,10000,250 ML,PBT
ANTLER INDUSTRIES (PVT) LTD,BRITOL,BRITOL/500/ML/PBT/DISHWASHING LIQUID LIME FRESH/SAVE 90 RS,10000,10000,500 ML,PBT
IMPORTED,SAGAR,SAGAR/30/ML/CDBOX/JEANS PERFUMERY,30,ML,30ML,CDBOX 
AA PERFUMES IMPORTANT ,RED HOT ,RED HOT/22/ML/CD BOX/RED HOT FOR MEN,22,ML,22ML,CD BOX
GELI OYA PRODUCTS ,GELI OYA,GELI OYA/50/GM/PLPCH/TEA,10000,10000,50 GM,PLPCH 
SISARA PRODUCTS,SISARA,SISARA PRODUCTS/50/GM/CHILLI POWDER,50,GM,50GM,PLPCH 
ICL MARKETING,EVA,EVA/8/NO/PLPCH/STAR DRITEX WINGS,8,NO,8NO,PLPCH 
NESTLE LANKA,MAGGI,MAGGI/75G/PLPCH/PAPARE BLAST INSTANT NOODLES ,75,GM,75G,PLPCH 
SUNSHINE COUNSUMER LANKA LTD,WATAWALA,WATAWALA/50/GM/PLPCH/CEYLON TEA,50,GM,50GM,PLPCH
MALIBAN BISCUIT MANUFACTORIES,MALIBAN CREAM CRACKER ,MALIBAN/490/GM/PLCH/CREAM CRACKER HIGH IN VITAMINS AND MINERAL /SEASONAL OFFER RS 60 ,490,GM,490GM,PLPCH
RASAKA FOOD PRODUCTS,RASOJA,RASOJA/40/GM/PLPCH/CURRY FLAVOURED SOYA MEAT,40,GM,40GM,PLPCH
TURNEY BISCUITS MANUFACTERIES,TURNEY,TURNEY/350/GM/PLPCH/ORANGE CREAM BISCUITS,350,GM,350GM,PLPCH
HEMAS MARKETING,BABY CHERAMY,BABY CHERAMY/50/ML/CD COVER/CLASSIC LAVENDER ESSENCE+FREE CREAM & LOTION/BABY CHERAMY/50/ML/PLC COVER/ALMOND EXTRACTS VITAMIN E & MILK,50,ML,50ML,CD COVER
VIRU WORLD(PVT)LTD,VIRU,VIRU/80/PAGES/CD COVER/DRAWING BOOK,10000,10000,80 PAGES,CD COVER
TEEMAH BISCUITS MANUFACTURE,TURNEY,TURNEY/230/GM/PLPCH/MILK CRACK BISCUITS,230,GM,230GM,PLPCH
LOLEEMA FOOD PRODUCTS(PVT)LTD,LOLEEMA,LOLEEMA/1000/GM/PLPCH/NOODLES,1000,GM,1000GM,PLPCH
ASIAN TRADEMADE(PVT)LTD,GOLD QUEEN,GOLD QUEEN/100/GM/CD COVER/CUSTARD POWDER VANILLA FLAVOURED,100,GM,100GM,CD COVER
TURNEY BISCUITS MANUFACTERIES,TURNEY,TURNEY/350/GM/PLPCH/CUSTARD CREAM,350,GM,350GM,PLPCH
ASIAN TRADEMEDE (PVT)LTD,GOLD QUEEN,GOLD QUEEN/28/ML/GLBT/GREEN COLOURING,28,ML,28ML,GLBT
LAKHIRU FOOD PRODUCT PVT LTD,LAKHIRU,LAKHIRU/40/G/POUCH/CURRY FLAVOUR ,40,GM,40G,POUCH 
GREEN LIGHT BAKE HOUSE,GREEN LIGHT,GREEN LIGHT/500/GM/CDBOX/RICH ICING CAKE,500,GM,500G,CDBOX
GREEN LIGHT BAKE HOUSE,GREEN LIGHT,GREEN LIGHT/500/GM/CDBOX/SWEETSLICE ICING CAKE,500,GM,500G,CDBOX
GREEN LIGHT BAKE HOUSE,GREEN LIGHT,GREEN LIGHT/220/GM/CDBOX/FRUIT CAKE,220,GM,220G,CDBOX
CEYLON FOODS TRADING (PRIVATE) LIMITED,NAAN,NAAN FOODS/30/GM/PLPCH/BIRIYANI MIX,10000,10000,30 GM,PLPCH 
CEYLON AGRO INDUSTRIES,PRIMA TOPPZ,PRIMA TOPPZ BROAD NOODLES/80/GM/PLPCH,80,GM,80GM,PLPCH
SISILMIN WATER SUPPLIERS (PVT) LTD,SISILMIN,SISILMIN/5000/ML/PBT/BOTTLED DRINKIN WATER,10000,10000,5000 ML,PBT
FN PRODUCTS,FN PRODUCTS ,FN PRODUCTS/300/ML/PBT/CHOCOLATE ALMOND MILK,10000,10000,300 ML,PBT
SINWA HOLDINGS GROUP,MULTIBOND,MULTIBOND/40/GM/RITEFIX JUNIOR,10000,10000,40 GM,PLBOT
COCA-COLA BEVERAGES,COCA-COLA,COCA-COLA/1500/ML/PET/SAVE AS 40 RS,10000,10000,1500 ML,PET
GILLS  INTERNATIONAL PVT LTD,GILLS,GILLS\1\KG\PLPCH \CHICKEN HAM,1,KG,1KG,PLPCH 
CEYLON AGRO INDUSTRIES,PRIMA,PRIMA TREATS \300\G\PLPCH \SPICY RAMEN CHICKEN SAUSAGES,300,GM,300G,PLPCH 
CEYLON AGRO INDUSTRIES,PRIMA,PRIMA TREATS\500\G\PLPCH\PARTY MIX CHICKEN SAUSAGES,500,GM,500G,PLPCH 
WEWALA FOOD PRODUCTS,WELLASSA ,WELLASSA /100G/POCH /CHILI PIECE /,100,GM,100G,POCH 
RAJAGALA LANKA HOLDINGS (PVT) LTD,RAJAGALA,RAJAGALA /140G/POCH /CHICKEN/SOYA/,140,GM,140G,POCH 
RAJAGALA LANKA HOLDINGS (PVT) LTD,RAJAGALA,RAJAGALA /100G/POCH PACK /CHIKEN SOYA,100,GM,100G,POCH 
UNILEVER SRI LANKA LTD,LIFEBUOY ,LIFEBUOY /80ML/PET/HERBAL /SAMPOO/FREELAN LIFEBUOY KHOMBA 75G,80,ML,80ML,PET
CEYLON BISCUITS LIMITED,MUNCHEE TIKIRI MARIE,MUNCHEE/80/GM/PLPCH/TIKIRI MARIE BISCUITS + SAVE AS 10 RS,80,GM,80GM,PLPCH
HEMAS MARKETING,BABY CHERAMY,"BABY CHERAMY/75/GM/CDBOX/ALMOND OIL, VITAMIN E & MILK BABY SOAP BUY 5 SAVE AS 45 RS",375,GM,375GM,CDBOX
CEYLON BISCUITS LIMITED,MUNCHEE,MUNCHEE/360/GM/PLPCH/TIKIRI MARIE BISCUITS + SAVE RS.30/-,10000,10000,360 GM,PLPCH 
CEYLON BISCUITS LIMITED,MUNCHEE TIKIRI MARIE,MUNCHEE/80 GM/PLPCH/TIKIRI MARI BISCUITS OFFER PRICE SAVE RS 10,10000,10000,80 GM,PLPCH
REVOKE DETERGENT COMPANY,REVOKE CLONE+X,REVOKE CLONE+X/250/ML/PBT/CLEANER+BLEACH CONCENTRATED FORMULA,10000,10000,250 ML,PBT
AIGA CEYLON (PVT) LTD ,FITS UP,FITS UP/500ML/PET/ALOE  VERA DRINK,500,ML,500ML,PET
AIGA CEYLON (PVT) LTD ,FITS UP,FITS UP/200ML/PET/ALOE  VERA DRINK,200,ML,200ML,PET
MALIBAN MILK PRODUCT (PVT) LTD,MALIBAN,MALIBAN/200/GM/CD BOX/FULL CREAM POWDER SAVE RS 30,200,GM,200GM,CDBOX
SUNSHINE COUNSUMER LANKA LTD,WATAWALA,WATAWALA/50/GM/PLPCH/CEYLON TEA,50,GM,50GM,PLPCH
MALIBAN BISCUIT MANUFACTORIES,MALIBAN CREAM CRACKER ,MALIBAN/490/GM/PLCH/CREAM CRACKER HIGH IN VITAMINS AND MINERAL /SEASONAL OFFER RS 60 ,490,GM,490GM,PLPCH
IMPORTED,TIANBOWEN,TIANBOWEN-IMPORTED DUO JUMBO 24 COLOR PENCILS/01 NO,10000,10000,24 COLORS,CD BOX
NATURE'S BEAUTY CREATIONS LTD,MISUMI,MISUMI KIYO BEAUTY SOAP/65/GM/CD BOX,65,GM,65GM,CD BOX
SANJEEWAKA AYURVEDIC PRODUCTS,CHANDANALEPA,CHANDANALEPA/75/G/VENIVEL AYURVEDA SOAP,75,GM,75G,CD BOX
SANJEEWAKA AYURVEDIC PRODUCTS,CHANDANALEPA,CHANDANALEPA/75/G/CD BOX/NO-1/KHOMBA AYURVEDA SOAP,75,GM,75G,CD BOX
REEMAR MARKETING,REEMAR,REEMAR/500/ML/PLBOT/GLASS CLEANER MULTI PURPOSE MORE SHINE ,500,ML,500ML,PLBOT
NEW JAYAWARDHANA STORES (PVT)LTD,JAYAWARDHANA ,JAYAWARDHANA SUPER/50/GM/PLPCH/PEPPER POWDER ,50,GM,50GM ,PLPCH 
C.W. MACKIE PLC,KOTAGALA,KOTAGALA/200/GM/PLPCH/KAHATA TEA + FREE SCAN/15/GM/PLPCH/JUMBO PEANUTS FRIED & SALTED SAVE RS.60,200,GM,200GM ,PLPCH 
NORA TEA ,NORA,NORA / PURE CEYLON BLACK TEA/ 50GM/ PLPCH ,50,GM,50GM ,PLPCH 
CBL FOOD INTERNATIONAL ,TIARA,TIARA PINEAPPLE FLAVOURED SPONGE LAYER CAKE / 310GM / CDBOX ,310,GM,310GM,CDBOX 
UNILEVER SRI LANKA LTD,LIFEBUOY,LIFEBUOY AYURVEDA CARE/ PANCHARATNA SHAMPOO/ 80ML / FREE LIFEBUOY MILD CARE WITH MILK PROTEIN/ 75GM,80,ML,80ML,PBT
NELCO FOOD PRODUCTS (PVT) LTD,NELCO,NELCO/50/GM/PLPCH/JAFFNA CURRY POWDER/NELCO FOOD PRODUCTS (PVT) LTD,10000,10000,50 GM,PLPCH 
UNIVERSAL PAINT,SUPERLUX,SUPER LUX/1/L/TUB/INTERIOR EMULSION COLOUR UNIVERSAL PAINT ,1,LTR,1L,TUB
NELCO FOOD PRODUCTS (PVT) LTD,NELCO,NELCO/35/GM/PLPCH/CHICKEN FLV SOYA MEAT,35,GM,35GM,PLPCH 
CARGILLS CONVENIENT FOODS,GOLDI,GOLDI/1000/GM/PLPCH/JUMBO CHICKEN SAUSAGES,10000,10000,1000 GM,PLPCH 
UNILEVER SRI LANKA LTD,CLOSE UP,CLOSE UP/120/GM/CDBOX/RED HOT TRIPLE FRESH FORMULA + SAVE RS 40/-,10000,10000,120 GM,CDBOX 
NATURA FOODS,TOP COOL MIXED FRUIT,TOP COOL/200/ML/RGB/MIXED FRUIT,200,ML,200ML,RGB
DELMAX,DELMAX,DELMAX/250/ML/PLBOT/GLASS CLEANER SUPER ACTIVE,250,ML,250ML,PLBOT
IMPORTED,WISEUP,WISEUP/3/GM/TUB/SUPER GLUE,3,GM,3GM,TUB
J.D.DISTRIBUTORS,JD COOOL MANGO,JD COOOL/190/ML/PLCUP/MANGO FLAVOURED DRINK,190,ML,190ML,PLCUP
AIGA CEYLON( PVT) LTD,FITS UP ,FIRS UP /500/ML/PLBOT/ ALOE VERA DRINK ,500,ML,500ML,PLBOT 
AIGA CEYLON( PVT) LTD,FITS UP ,FITS UP/200/ML/PLBOT/ ALOE VERA DRINK ,200,ML,200ML,PLBOT 
SUDU ARALIYA PRODUCTS,SUDU ARALIYA,SUDU ARALIYA/110/GM/EWRPK/WITH ARALIYA EXTRACTS,10000,10000,110 GM,EWRPK
MALIBAN BISCUIT MANUFACTORIES,MALIBAN CREAM CRACKER,MALIBAN/490/GM/PLPCH/CREAM CRACKER FAMILY PACK/SAVE 60 RS,10000,10000,490 GM,PLPCH
MALIBAN BISCUIT MANUFACTORIES,MALIBAN CREAM CRACKER,MALIBAN/230/GM/PLPCH/CREAM CRACKER BUDDY,10000,10000,230 GM,PLPCH
JAZ PERFUMES,JAZ,JAZ/6/ML/CDBOX/BLOOM,6,ML,6ML,CDBOX
JAZ PERFUMES,JAZ,JAZ/6/ML/CDBOX/JASMINE,6,ML,6ML,CDBOX
JAZ PERFUMES,JAZ,JAZ/6/ML/CDBOX/MANISHA,6,ML,6ML,CDBOX
JAZ PERFUMES,JAZ,JAZ/6/ML/CDBOX/LOVE ME,6,ML,6ML,CDBOX
JAZ PERFUMES,JAZ,JAZ/6/ML/CDBOX/ROSE,6,ML,6ML,CDBOX
JAZ PERFUMES,JAZ,JAZ/6/ML/CDBOX/MADAM,6,ML,6ML,CDBOX
ABDUL LATHEEF & MARKETING,ALM,ALM/6/ML/CDBOX/AROOSHA CONCENTRATED PERFUME,6,ML,6ML,CDBOX
JAZ PERFUMES,JAZ,JAZ/6/ML/CDBOX/RIPPLE,6,ML,6ML,CDBOX
JAZ PERFUMES,JAZ,JAZ/6/ML/CDBOX/TOMMIE,6,ML,6ML,CDBOX
JAZ PERFUMES,JAZ,JAZ/6/ML/CDBOX/FANTASY,6,ML,6ML,CDBOX
JAZ PERFUMES,JAZ,JAZ/6/ML/CDBOX/PASSAEY,6,ML,6ML,CDBOX
MALIBAN BISCUIT MANUFACTORIES,MALIBAN,MALIBAN/230/GM/PLPCH/CREAM CRACKER BUDDY +SAVE 30 ,10000,10000,230 GM,PLPCH
CARGILLS FOOD & BEVERAGE LIMITED ,KIST SPARKLING APPLE ,KIST SPARKLING APPLE FLAVOURED DRINK/250ML/CAN ,250,ML,250ML,CAN
CARGILLS FOOD & BEVERAGE LIMITED ,KIST SPARKLING STRAWBERRY,KIST SPARKLING STRAWBERRY FLAVOURED DRINK/250ML/CAN,250,ML,250ML,CAN
CARGILLS FOOD & BEVERAGE LIMITED ,KIST SPARKLING ORANGE,KIST SPARKLING ORANGE FLAVOURED DRINK/250ML/CAN ,250,ML,250ML,CAN
UNIVERSAL PAINT  INDUSTRIES PVT LTD,PAINT MASTER,PAINTMASTER/10/L/BUCKET/PAINT MASTER WEATHER PROOF PURE EXTERIOR WALL FINISH,10,LTR,10L,BUCKET
J.D.DISTRIBUTORS,JD COOOL MANGO,JD COOOL/190/ML/PLCUP/MANGO FLAVORED DRINK,190,ML,190ML,PLCUP
CARGILLS FOOD & BEVERAGE LIMITED,KIST,KIST/250/ML/CAN/SPARKLING ORANGE FLAVOURED DRINK,250,ML,250ML,CAN
CARGILLS FOOD & BEVERAGE LIMITED,KIST,KIST/250/ML/CAN/SPARKLING STRAWBERRY FLAVOURED DRINK ,250,ML,250ML,CAN
CARGILLS FOOD & BEVERAGE LIMITED,KIST,KIST/250/ML/CAN/SPARKLING GREEN APPLE FLAVOURED DRINK,250,ML,250ML,CAN
BROWNSON,BROWNSON MANGO ,BROWNSON/28/ML/GBT/MANGO EMULSION,28,ML,28ML,GBT
BROWNSON,BROWNSON PINEAPPLE ,BROWNSON/28/ML/GBT/ORANGE EMULSION ,28,ML,28ML,GBT
BROWNSON,BROWNSON MANGO ,BROWNSON/28/ML/GBT/VINO EMULSION ,28,ML,28ML,GBT
BROWNSON,BROWNSON PINEAPPLE ,BROWNSON/28/ML/GBT/PINEAPPLE EMULSION ,28,ML,28ML,GBT
UNILEVER SRI LANKA LTD,SUNLIGHT DETERGENT,SUNLIGHT/1000/GM/PLPCH/ROSE FRESH DOUBLE PERFUME LOCK FREE COMFORT MORNING FRESH 54 ML,1000,GM,1000GM,PLPCH
CEYLON COLD STORES,ELEPHANT HOUSE ,ELEPHANT HOUSE/2L/PLTUB/IMORICH CHOC CHOC CHIP,2,LTR,2L,PLTUB
CEYLON COLD STORES,ELEPHANT HOUSE ,ELEPHANT HOUSE/2L/PLTUB/IMORICH COOKIE CREAM ,2,LTR,2L,PLTUB
NATURE'S BEAUTY CREATIONS LTD,MISUMI,"MISUMI/65/GM/CDBOX/ KIYO,  BEAUTY SOAP ",65,GM,65GM,CDBOX 
RELIANCE BEVERAGES (PVT) LTD,EDNA,EDNA/1500/ML/PLBTL/CREAM SODA ,10000,10000,1500,PLBTL
RELIANCE BEVERAGES (PVT) LTD,EDNA,EDNA/1500/ML/PLBTL/ORANGY,10000,10000,1500,PLBTL
RELIANCE BEVERAGES (PVT) LTD,EDNA,EDNA/750/ML/PET/CREAM SODA,750,ML,750ML,PET
RELIANCE BEVERAGES (PVT) LTD,EDNA,EDNA/750/ML/PET/ORANGY,750,ML,750ML,PET
LAKMEE EXPORTS,LAKMEE,LAKMEE/50/GM/PLPCH/BUDDY CUTTLEFISH FLAVOUR ,50,GM,50GM ,PLPCH 
LAWANGAA FOODS PVT LTD,LAWANGAA,LAWANGAA/40/GM/PLPCH/CHICKEN FLAVOUR ,40,GM,40GM ,PLPCH 
JS PRODUCTS,PRITE ,PRITE/750/ML/PBT,750,ML,750ML ,PBT
JS PRODUCTS,PRITE ,PRITE/330/ML/PBT,330,ML,330ML ,PBT
CEYLON DAIRY LAND AGRO (PVT) LTD ,PURELAND ,PURELAND/180/ML/PBT/VANILLA FLAVOURED DRINKING YOGHURT ,180,ML,180ML ,PBT 
CEYLON DAIRY LAND AGRO (PVT) LTD ,PURELAND ,PURELAND/75/GM/PLCUP/SET YOGHURT ,75,GM,75GM ,PLCUP 
CEYLON DAIRY LAND AGRO (PVT) LTD ,PURELAND ,PURELAND/180/ML/PBT/STRAWBERRY FLAVOURED DRINKING YOGHURT ,180,ML,180ML ,PBT 
COCA-COLA BEVERAGES,SPRITE,SPRITE/1500/ML/PBT/SAVE RS. 40/=,1500,ML,1500ML,PBT
COCA-COLA BEVERAGES,COCA-COLA,COCA-COLA/1500/ML/PBT/SAVE RS. 40/=,1500,ML,1500ML,PBT
UNILEVER SRI LANKA LTD,VIM,VIM/500ML/PLBOT/LIME FRESH FREE SPONGE ,500,ML,500ML,PLBOT 
SUJAYA PRODUCTS,SUJAYA,SUJAYA/250/GM/PLPCH/CHILLI POWDER/SUJAYA PRODUCTS,10000,10000,250 GM,PLPCH 
CEYLON COLD STORES,ELEPHANT HOUSE,ELEPHANT HOUSE VIBE/250/ML/TIN/APPLE BURST,10000,10000,250 ML,TIN
CEYLON COLD STORES,ELEPHANT HOUSE,ELEPHANT HOUSE VIBE/250/ML/TIN/GRAPE BURST ,10000,10000,250 ML,TIN
SEWWANDI FOOD PRODUCTS,SEWWANDI,SEWWANDI/50G/POCH PACK /ROASTED CURRY POWDER ,50,GM,50G,POCH 
NATURE'S BEAUTY CREATIONS LTD,KINGDO,KINGDO/110G*3/LEMON /SAVE70/-,110,GM,110G*3,POCH 
SAHASRI INDRUSTRIES,SAHASRI,SAHASRI /70G/POCH PACK /DADAYAM SOYA/,70,GM,70G,POCH 
UNILEVER SRI LANKA LTD,PEARS BABY,PEARS BABY / 100 / ML / PLBOT / KOKUM BABY CREAM / SAVE RS.40,10000,10000,100 ML,PLBOT
UNILEVER SRI LANKA LTD,PEARS BABY,PEARS BABY / 50 / ML / PLBOT / RATHMAL BABY CREAM / SAVE RS.15,10000,10000,50 ML,PLBOT
UNILEVER SRI LANKA LTD,VASELINE INTENSIVE CARE,VASELINE/PBT/200/ML/ ALOE FRESH SERUM IN LOTION SAVE RS 140,200,ML,200ML,PBT
UNILEVER SRI LANKA LTD,VASELINE,VASELINE/200/ML/HEALTHY BRIGHT IN 2 WEEKS SERUM IN LOTION SAVE RS 265,200,ML,200ML,PBT
COCA-COLA BEVERAGES,SPRITE,SPRITE/1500/ML/PBT/SAVE 40,1500,ML,1500ML,PBT
COCA-COLA BEVERAGES,COCA-COLA,COCA-COLA/1500/ML/PBT/SAVE 40,1500,ML,1500ML,PBT
COCA-COLA BEVERAGES,FANTA ORANGE,FANTA ORANGE/1500/ML/PBT/SAVE 40,1500,ML,1500ML,PBT
LITTLE LION ASSOCIATES (PVT) LTD,LITTLE LION,LITTLE LION MADEIRA CAKE PERFECTLY BAKED FOR A TIMELESS CLASSIC TASTE 300GM,300,GM,300GM,CDBOX
DHANAYURU DISTRIBUTORS,DHANAYURU ,DHANAYURU SOYA MEAT 50GM,50,GM,50GM,PLPCH
QUALITY CHEMICALS PVT  (LTD ],QC PAINT ,QC PAINT/1/LTR/PLTUB/QC PAINT DOES IT ALL AURA EMULSION INTERIOR COLORS,1,LTR,1LTR ,PLTUB 
QUALITY CHEMICALS PVT  (LTD ],QC PAINT ,QC PAINT/1/LTR/PLTUB/QC PAINT DOES IT ALL AURA EMULSION INTERIOR BRILLIANT WHITE ,1,LTR,1LTR,PLTUB
WEERASINGHE TEA,WST,WST/THALAWAKELE /100/GM/PLPCH,100,GM,100GM,PLPCH
DILUNA PVT LTD,DILUNA,DILUNA/PLPCH/50/G/CHILI POWDER,50,GM,50G,PLPCH
PRIME MILK PRODUCTS,PRIME,PRIME YODRINK VANILLA FLAVOURED DRINKING YOGHURT 180 ML,10000,10000,180 ML,PLBOT
PRIME DAIRY PRODUCTS,PRIME,PRIME SET YOGHURT 75 GM ,10000,10000,75 GM,PLCUP
HILLLAND PRODUCTS,HILLLAND CHOCOLATE,HILLLAND /60ML/PLPCH/CHOCOLATE POP,60,ML,60ML,PLPCH 
GALAUDA GRINDING ,G G PRODUCTS,G G PRODUCTS/50/GM/PLPCH/TURMERIC POWDER ,50,GM,50GM,PLPCH
GALAUDA GRINDING ,G G PRODUCTS,G G PRODUCTS/50/GM/PLPCH/CURRY POWDER,50,GM,50GM,PLPCH
GALAUDA GRINDING ,G G PRODUCTS,G G PRODUCTS/100/GM/PLPCH/CHILLI POWDER,100,GM,100GM,PLPCH
I M G FOOD PRODUCTS(PVT)LFD,I M G FOOD PRODUCTS ,I M G FOOD PRODUCTS \50\G\POUCH\ CHICKEN MASALA POWER MIX,50,GM,50G ,POUCH 
MACKSONS PAINT LANKA,MULTILAC,MULTILAC\500\ML\PLBOT\WOOD STAIN,500,ML,500ML,PLBOT
WIMAL MARKETING SERVICE,SMASH MIXED FRUIT,SMASH/200/ML/PBT/MIXED FRUIT NECTAR ,200,ML,200ML,PBT
WIMAL MARKETING SERVICE,SMASH MANGO,SMASH/190/ML/GBT/MANGO NECTAR,190,ML,190ML,GBT
THE SWADEHI INDUSTRIAL WORKS PLC,RANI,RANI SANDALWOOD 70*5 (350)GM,350,GM,350GM,CDBOX
ASIAN CAUSEWAY PAINTS,CAUSEWAY,CAUSEWAY/500/ML/TIN/POLYURETHANE VARNISH STAIN,500,ML,500ML ,TIN
ST SUPER AGENCIES,ST SUPER MANGO,ST SUPER / 200 / ML / PLBOT / MANGO DRINK ,10000,10000,200 ML,PLBOT
ST SUPER AGENCIES,ST SUPER WOODAPPLE,ST SUPER / 500 / ML / PLBOT / WOODAPPLE DRINK,10000,10000,500 ML,PLBOT
ST SUPER AGENCIES,ST SUPER ALOE VERA,ST SUPER / 500 / ML / PLBOT / ALOE VERA DRINK,10000,10000,500 ML,PLBOT
ST SUPER AGENCIES,ST SUPER ALOE VERA,ST SUPER / 200 / ML / PLBOT / ALOE VERA DRINK,10000,10000,200 ML,PLBOT
COCA-COLA BEVERAGES,COCA-COLA,COCA-COLA/1500/ML/PBT/ORIGINAL TASTE SAVE RS 40,1500,ML,1500ML,PBT
NILANKA DAIRY PRODUCTS,NILANKA,NILANKA/180/ML/PLBT/VANILLA FLAVOURED DRINKING YOGHURT,180,ML,180ML,PLBT
CEYLON BEVRAGE INTERNATIONAL PVT LTD,KIST SPARKLING,KIST/250/ML/CAN/KIST SPARKLINS GREEN APPLE FLAVORED DRINK ,250,ML,250ML,CAN
CEYLON BEVRAGE INTERNATIONAL PVT LTD,KIST SPARKLING ,KIST/250/ML/CAN/ KIST SPARKLING STRAWBERRY FLAVORED DRINK ,250,ML,250ML,CAN
CEYLON BEVRAGE INTERNATIONAL PVT LTD,KIST SPARKLING ,KIST/250/ML/CAN/KIST SPARKLING ORANGE FLAVORED DRINK  ORANGE FLAVORED DRINK ,250,ML,250ML,CAN
MASTER LANKA PRODUCT,MASTER LANKA,MASTER LANKA / 80 / GM / PLPCH / WINE BISCUIT,10000,10000,80 GM,PLPCH
MASTER LANKA PRODUCT,MASTER LANKA,MASTER LANKA / 80 / GM / PLPCH / JEM BISCUIT,10000,10000,80 GM,PLPCH
NATIONL LIVESTOCK DEVELOPMENT BOARD,NLDB,NLDB/90G/CUP/GOAT MILK YOGHURT,90,GM,90G,CUP
NATIONL LIVESTOCK DEVELOPMENT BOARD,NLDB,NLDB/200G/PLTUB/BUTTER,200,GM,200G,PLTUB
