t_DATE,t_PERIOD,t_AUDITYPE,t_STORECODE,t_DLRCODE,t_ITEMCODE,t_NEW_CODES,t_CATEGORY,t_MANUFACTURE,t_BRAND,t_ITEMDESC,t_MRP,t_PACKSIZE,t_PACKTYPE,t_COMMENTS,t_IMAGE,t_CODE COMMENT,t_FLAG,rank,matched_itemcode,distance,m_catcode,m_company,m_mbrand,m_brand,m_sku,m_packtype,m_base_pack,m_flavor,m_color,m_wght,m_uom,m_mrp
12/02/2024,202402,3,3110103363,31101030317,1707284235245,99765139,105,GORKHA LAHARI PVT.LTD.- NEPAL,GORKHA FILTER,GORKHA FILTER RSFT HL 20NOS,113.5,20NOS,HL,Any other reason,1707284235245-gorkha lahari pvt-ltd-- nepal-gorkha filter#3.png,RECODING,5,1,99765139,123.95924377441406,105,GORKHA LAHARI PVT.LTD.- NEPAL,GORKHA,GORKHA FILTER,HL 20'S,HL,20,FULL FLAVOUR,,20.0,NO,113.5
12/02/2024,202402,3,3110103363,31101030317,1707284235245,99765139,105,GORKHA LAHARI PVT.LTD.- NEPAL,GORKHA FILTER,GORKHA FILTER RSFT HL 20NOS,113.5,20NOS,HL,Any other reason,1707284235245-gorkha lahari pvt-ltd-- nepal-gorkha filter#3.png,RECODING,5,2,99764933,135.10223388671875,105,GORKHA LAHARI PVT.LTD.- NEPAL,SAHARA,SAHARA FILTER PUNCH,HL 20'S,HL,20,FRESH,,20.0,NO,115.0
12/02/2024,202402,3,3110103363,31101030317,1707284235245,99765139,105,GORKHA LAHARI PVT.LTD.- NEPAL,GORKHA FILTER,GORKHA FILTER RSFT HL 20NOS,113.5,20NOS,HL,Any other reason,1707284235245-gorkha lahari pvt-ltd-- nepal-gorkha filter#3.png,RECODING,5,3,99765156,150.00115966796875,105,GORKHA LAHARI PVT.LTD.- NEPAL,MAYALU,MAYALU FILTER,HL 20'S,HL,20,FULL FLAVOUR,,20.0,NO,88.0
12/02/2024,202402,3,1210102147,12101030220,1707378821600,99765137,125,RADHA KRISHNA PRODUCTS,PADUKA SUPER POWER,PADUKA SUPER POWER ,20.0,17 GM.,PPH,Any other reason,,RECODING,5,1,99765137,153.82907104492188,125,RADHA KRISHNA PRODUCTS,PADUKA,PADUKA SUPER POWER,7G KHAINI,PLAST,7G,REGULAR,,7.0,GM,20.0
12/02/2024,202402,3,1210102147,12101030220,1707378821600,99765137,125,RADHA KRISHNA PRODUCTS,PADUKA SUPER POWER,PADUKA SUPER POWER ,20.0,17 GM.,PPH,Any other reason,,RECODING,5,2,99765303,163.0738525390625,125,RADHA KRISHNA PRODUCTS,PADUKA,PADUKA SUPER POWER,9G KHAINI,PLAST,9G,REGULAR,,9.0,GM,20.0
12/02/2024,202402,3,1210102147,12101030220,1707378821600,99765137,125,RADHA KRISHNA PRODUCTS,PADUKA SUPER POWER,PADUKA SUPER POWER ,20.0,17 GM.,PPH,Any other reason,,RECODING,5,3,99762296,173.137939453125,125,RADHA KRISHNA PRODUCTS,PADUKA,PADUKA,7G KHAINI,PLAST,7G,REGULAR,,7.0,,0.0
12/02/2024,202402,3,1210100079,12101030022,1707378821600,99765137,125,RADHA KRISHNA PRODUCTS,PADUKA SUPER POWER,PADUKA SUPER POWER ,20.0,17 GM.,PPH,,1707378821600-radha krishna products-paduka super power#3.png,RECODING,5,1,99765137,115.60442352294922,125,RADHA KRISHNA PRODUCTS,PADUKA,PADUKA SUPER POWER,7G KHAINI,PLAST,7G,REGULAR,,7.0,GM,20.0
12/02/2024,202402,3,1210100079,12101030022,1707378821600,99765137,125,RADHA KRISHNA PRODUCTS,PADUKA SUPER POWER,PADUKA SUPER POWER ,20.0,17 GM.,PPH,,1707378821600-radha krishna products-paduka super power#3.png,RECODING,5,2,99765303,119.95143127441406,125,RADHA KRISHNA PRODUCTS,PADUKA,PADUKA SUPER POWER,9G KHAINI,PLAST,9G,REGULAR,,9.0,GM,20.0
12/02/2024,202402,3,1210100079,12101030022,1707378821600,99765137,125,RADHA KRISHNA PRODUCTS,PADUKA SUPER POWER,PADUKA SUPER POWER ,20.0,17 GM.,PPH,,1707378821600-radha krishna products-paduka super power#3.png,RECODING,5,3,99762296,150.1426544189453,125,RADHA KRISHNA PRODUCTS,PADUKA,PADUKA,7G KHAINI,PLAST,7G,REGULAR,,7.0,,0.0
12/02/2024,202402,3,3110103115,31101030408,1707194355890,99765138,125,ROHIT TOBACCO PVT/LTD,MEGADUT,MEGADUT REGULAR\13GM\PPH\RS:25\ROHIT TOBACCO PVT.LTD NEPAL,25.0,13GM,PPH,New SKU,,RECODING,5,1,99765138,97.8917236328125,125,ROHIT TOBACCO PVT/LTD,MEGADUT,MEGADUT,13G KHAINI,PLAST,13G,REGULAR,,13.0,GM,25.0
12/02/2024,202402,3,1210102642,12101030099,1707378821600,99765137,125,RADHA KRISHNA PRODUCTS,PADUKA SUPER POWER,PADUKA SUPER POWER ,20.0,17 GM.,PPH,,,RECODING,5,1,99765137,111.59548950195312,125,RADHA KRISHNA PRODUCTS,PADUKA,PADUKA SUPER POWER,7G KHAINI,PLAST,7G,REGULAR,,7.0,GM,20.0
12/02/2024,202402,3,1210102642,12101030099,1707378821600,99765137,125,RADHA KRISHNA PRODUCTS,PADUKA SUPER POWER,PADUKA SUPER POWER ,20.0,17 GM.,PPH,,,RECODING,5,2,99765303,116.39720916748047,125,RADHA KRISHNA PRODUCTS,PADUKA,PADUKA SUPER POWER,9G KHAINI,PLAST,9G,REGULAR,,9.0,GM,20.0
12/02/2024,202402,3,1210102642,12101030099,1707378821600,99765137,125,RADHA KRISHNA PRODUCTS,PADUKA SUPER POWER,PADUKA SUPER POWER ,20.0,17 GM.,PPH,,,RECODING,5,3,99762296,145.67662048339844,125,RADHA KRISHNA PRODUCTS,PADUKA,PADUKA,7G KHAINI,PLAST,7G,REGULAR,,7.0,,0.0
12/02/2024,202402,3,3110105424,31101030585,1707284235245,99765139,105,GORKHA LAHARI PVT.LTD.- NEPAL,GORKHA FILTER,GORKHA FILTER RSFT HL 20NOS,113.5,20NOS,HL,,1707284235245-gorkha lahari pvt-ltd-- nepal-gorkha filter#3.png,RECODING,5,1,99765139,120.5442886352539,105,GORKHA LAHARI PVT.LTD.- NEPAL,GORKHA,GORKHA FILTER,HL 20'S,HL,20,FULL FLAVOUR,,20.0,NO,113.5
12/02/2024,202402,3,3110105424,31101030585,1707284235245,99765139,105,GORKHA LAHARI PVT.LTD.- NEPAL,GORKHA FILTER,GORKHA FILTER RSFT HL 20NOS,113.5,20NOS,HL,,1707284235245-gorkha lahari pvt-ltd-- nepal-gorkha filter#3.png,RECODING,5,2,99764933,133.26513671875,105,GORKHA LAHARI PVT.LTD.- NEPAL,SAHARA,SAHARA FILTER PUNCH,HL 20'S,HL,20,FRESH,,20.0,NO,115.0
12/02/2024,202402,3,3110105424,31101030585,1707284235245,99765139,105,GORKHA LAHARI PVT.LTD.- NEPAL,GORKHA FILTER,GORKHA FILTER RSFT HL 20NOS,113.5,20NOS,HL,,1707284235245-gorkha lahari pvt-ltd-- nepal-gorkha filter#3.png,RECODING,5,3,99765387,147.438232421875,105,GORKHA LAHARI PVT.LTD.- NEPAL,NEPAL GOLD FLAKE,NEPAL GOLD FLAKE PREMIUM FILTER,HL 20'S,HL,20,FULL FLAVOUR,,20.0,NO,133.5
12/02/2024,202402,3,3110105371,31101030517,1707284235245,99765139,105,GORKHA LAHARI PVT.LTD.- NEPAL,GORKHA FILTER,GORKHA FILTER RSFT HL 20NOS,113.5,20NOS,HL,,1707284235245-gorkha lahari pvt-ltd-- nepal-gorkha filter#3.png,RECODING,5,1,99765139,120.62615966796875,105,GORKHA LAHARI PVT.LTD.- NEPAL,GORKHA,GORKHA FILTER,HL 20'S,HL,20,FULL FLAVOUR,,20.0,NO,113.5
12/02/2024,202402,3,3110105371,31101030517,1707284235245,99765139,105,GORKHA LAHARI PVT.LTD.- NEPAL,GORKHA FILTER,GORKHA FILTER RSFT HL 20NOS,113.5,20NOS,HL,,1707284235245-gorkha lahari pvt-ltd-- nepal-gorkha filter#3.png,RECODING,5,2,99764933,133.1193084716797,105,GORKHA LAHARI PVT.LTD.- NEPAL,SAHARA,SAHARA FILTER PUNCH,HL 20'S,HL,20,FRESH,,20.0,NO,115.0
12/02/2024,202402,3,3110105371,31101030517,1707284235245,99765139,105,GORKHA LAHARI PVT.LTD.- NEPAL,GORKHA FILTER,GORKHA FILTER RSFT HL 20NOS,113.5,20NOS,HL,,1707284235245-gorkha lahari pvt-ltd-- nepal-gorkha filter#3.png,RECODING,5,3,99765387,147.94522094726562,105,GORKHA LAHARI PVT.LTD.- NEPAL,NEPAL GOLD FLAKE,NEPAL GOLD FLAKE PREMIUM FILTER,HL 20'S,HL,20,FULL FLAVOUR,,20.0,NO,133.5
12/02/2024,202402,3,3110105384,31101030533,1707284235245,99765139,105,GORKHA LAHARI PVT.LTD.- NEPAL,GORKHA FILTER,GORKHA FILTER RSFT HL 20NOS,113.5,20NOS,HL,,1707284235245-gorkha lahari pvt-ltd-- nepal-gorkha filter#3.png,RECODING,5,1,99765139,120.8802490234375,105,GORKHA LAHARI PVT.LTD.- NEPAL,GORKHA,GORKHA FILTER,HL 20'S,HL,20,FULL FLAVOUR,,20.0,NO,113.5
12/02/2024,202402,3,3110105384,31101030533,1707284235245,99765139,105,GORKHA LAHARI PVT.LTD.- NEPAL,GORKHA FILTER,GORKHA FILTER RSFT HL 20NOS,113.5,20NOS,HL,,1707284235245-gorkha lahari pvt-ltd-- nepal-gorkha filter#3.png,RECODING,5,2,99764933,133.06594848632812,105,GORKHA LAHARI PVT.LTD.- NEPAL,SAHARA,SAHARA FILTER PUNCH,HL 20'S,HL,20,FRESH,,20.0,NO,115.0
12/02/2024,202402,3,3110105384,31101030533,1707284235245,99765139,105,GORKHA LAHARI PVT.LTD.- NEPAL,GORKHA FILTER,GORKHA FILTER RSFT HL 20NOS,113.5,20NOS,HL,,1707284235245-gorkha lahari pvt-ltd-- nepal-gorkha filter#3.png,RECODING,5,3,99765156,148.01095581054688,105,GORKHA LAHARI PVT.LTD.- NEPAL,MAYALU,MAYALU FILTER,HL 20'S,HL,20,FULL FLAVOUR,,20.0,NO,88.0
12/02/2024,202402,3,3110101188,31101030506,1707194355890,99765138,125,ROHIT TOBACCO PVT/LTD,MEGADUT,MEGADUT REGULAR\13GM\PPH\RS:25\ROHIT TOBACCO PVT.LTD NEPAL,25.0,13GM,PPH,,1707194355890-rohit tobacco pvt-ltd-megadut#3.png,RECODING,5,1,99765138,96.9368667602539,125,ROHIT TOBACCO PVT/LTD,MEGADUT,MEGADUT,13G KHAINI,PLAST,13G,REGULAR,,13.0,GM,25.0
15/02/2024,202402,3,3110105379,31101030526,1707284235245,99765139,105,GORKHA LAHARI PVT.LTD.- NEPAL,GORKHA FILTER,GORKHA FILTER RSFT HL 20NOS,113.5,20NOS,HL,,1707284235245-gorkha lahari pvt-ltd-- nepal-gorkha filter#3.png,RECODING,5,1,99765139,120.20988464355469,105,GORKHA LAHARI PVT.LTD.- NEPAL,GORKHA,GORKHA FILTER,HL 20'S,HL,20,FULL FLAVOUR,,20.0,NO,113.5
15/02/2024,202402,3,3110105379,31101030526,1707284235245,99765139,105,GORKHA LAHARI PVT.LTD.- NEPAL,GORKHA FILTER,GORKHA FILTER RSFT HL 20NOS,113.5,20NOS,HL,,1707284235245-gorkha lahari pvt-ltd-- nepal-gorkha filter#3.png,RECODING,5,2,99764933,133.11634826660156,105,GORKHA LAHARI PVT.LTD.- NEPAL,SAHARA,SAHARA FILTER PUNCH,HL 20'S,HL,20,FRESH,,20.0,NO,115.0
15/02/2024,202402,3,3110105379,31101030526,1707284235245,99765139,105,GORKHA LAHARI PVT.LTD.- NEPAL,GORKHA FILTER,GORKHA FILTER RSFT HL 20NOS,113.5,20NOS,HL,,1707284235245-gorkha lahari pvt-ltd-- nepal-gorkha filter#3.png,RECODING,5,3,99765156,146.7556610107422,105,GORKHA LAHARI PVT.LTD.- NEPAL,MAYALU,MAYALU FILTER,HL 20'S,HL,20,FULL FLAVOUR,,20.0,NO,88.0
15/02/2024,202402,2,122331327,31101020086,1707894442719,99763006,134,RELIABLE FOODS & BEVERAGES PVT LTD-NP,RED BLUE,RED BLUE ENERGY DRINK\CAN\250ML\RS:175\RELIABLE FOOD&BEVRAGE PVT.LTD  NEPAL,175.0,250ML,CAN,New SKU,1707894442719-reliable foods - beverages pvt ltd-np-red blue#3.png,CROSS CODING,2,1,99763006,105.76170349121094,118,RELIABLE FOODS & BEVERAGES PVT LTD-NP,RED BLUE,RED BLUE,CAN 250 ML,CAN,250.000 ML,,,250.0,ML,120.0
15/02/2024,202402,2,122331327,31101020086,1707894442719,99763006,134,RELIABLE FOODS & BEVERAGES PVT LTD-NP,RED BLUE,RED BLUE ENERGY DRINK\CAN\250ML\RS:175\RELIABLE FOOD&BEVRAGE PVT.LTD  NEPAL,175.0,250ML,CAN,New SKU,1707894442719-reliable foods - beverages pvt ltd-np-red blue#3.png,CROSS CODING,2,3,99765126,167.02499389648438,118,SARAS BEVERAGES PVT LTD-NEPAL,RED BULL,RED BULL,CAN 250 ML,CAN,250.000 ML,,,250.0,ML,110.0
15/02/2024,202402,2,122331327,31101020086,1707894442719,99763006,134,RELIABLE FOODS & BEVERAGES PVT LTD-NP,RED BLUE,RED BLUE ENERGY DRINK\CAN\250ML\RS:175\RELIABLE FOOD&BEVRAGE PVT.LTD  NEPAL,175.0,250ML,CAN,New SKU,1707894442719-reliable foods - beverages pvt ltd-np-red blue#3.png,CROSS CODING,2,4,99765109,167.38711547851562,118,LS WATER & BEVERAGE-NEPAL ,PRAN,PRAN POWER,CAN 250 ML,CAN,250.000 ML,,,250.0,ML,120.0
15/02/2024,202402,3,3110105343,31101030474,1707194355890,99765138,125,ROHIT TOBACCO PVT/LTD,MEGADUT,MEGADUT REGULAR\13GM\PPH\RS:25\ROHIT TOBACCO PVT.LTD NEPAL,25.0,13GM,PPH,Any other reason,,RECODING,5,1,99765138,159.21096801757812,125,ROHIT TOBACCO PVT/LTD,MEGADUT,MEGADUT,13G KHAINI,PLAST,13G,REGULAR,,13.0,GM,25.0
15/02/2024,202402,3,3110105400,31101030557,1707194355890,99765138,125,ROHIT TOBACCO PVT/LTD,MEGADUT,MEGADUT REGULAR\13GM\PPH\RS:25\ROHIT TOBACCO PVT.LTD NEPAL,25.0,13GM,PPH,New SKU,,RECODING,5,1,99765138,100.90202331542969,125,ROHIT TOBACCO PVT/LTD,MEGADUT,MEGADUT,13G KHAINI,PLAST,13G,REGULAR,,13.0,GM,25.0
22/02/2024,202402,2,117672861,51302020005,1708246846413,99765140,118,BOTTLERS NEPAL - NEPAL,SPRITE ,SPRITE/2.25ML/PBT/BOTTLERS NEPAL LIMITED/PBT 250ML SPRITE FREE,270.0,2.25ML,PBT,,,RECODING,5,1,99765140,96.01889038085938,118,BOTTLERS NEPAL - NEPAL,SPRITE,SPRITE,SPRITE PET 2250 ML+250 ML SPRITE FREE,PET,2250.000 ML,LEMON,,2250.0,ML,270.0
22/02/2024,202402,2,117672861,51302020005,1708246846413,99765140,118,BOTTLERS NEPAL - NEPAL,SPRITE ,SPRITE/2.25ML/PBT/BOTTLERS NEPAL LIMITED/PBT 250ML SPRITE FREE,270.0,2.25ML,PBT,,,RECODING,5,2,99765134,96.48090362548828,118,BOTTLERS NEPAL - NEPAL,SPRITE,SPRITE,SPRITE PET 1500 ML+250 ML SPRITE FREE,PET,1500.000 ML,LEMON,,1500.0,ML,190.0
22/02/2024,202402,2,117672861,51302020005,1708246846413,99765140,118,BOTTLERS NEPAL - NEPAL,SPRITE ,SPRITE/2.25ML/PBT/BOTTLERS NEPAL LIMITED/PBT 250ML SPRITE FREE,270.0,2.25ML,PBT,,,RECODING,5,3,99765367,110.55687713623047,118,BOTTLERS NEPAL - NEPAL,SPRITE,SPRITE,PET 2250 ML+250 ML COKE FREE,PET,2250.000 ML,LEMON,,2250.0,ML,270.0
22/02/2024,202402,3,3110105415,31101030576,1707194355890,99765138,125,ROHIT TOBACCO PVT/LTD,MEGADUT,MEGADUT REGULAR\13GM\PPH\RS:25\ROHIT TOBACCO PVT.LTD NEPAL,25.0,13GM,PPH,,,RECODING,5,1,99765138,104.68755340576172,125,ROHIT TOBACCO PVT/LTD,MEGADUT,MEGADUT,13G KHAINI,PLAST,13G,REGULAR,,13.0,GM,25.0
22/02/2024,202402,3,3110105394,31101030550,1707284235245,99765139,105,GORKHA LAHARI PVT.LTD.- NEPAL,GORKHA FILTER,GORKHA FILTER RSFT HL 20NOS,113.5,20NOS,HL,,1707284235245-gorkha lahari pvt-ltd-- nepal-gorkha filter#3.png,RECODING,5,1,99765139,117.36526489257812,105,GORKHA LAHARI PVT.LTD.- NEPAL,GORKHA,GORKHA FILTER,HL 20'S,HL,20,FULL FLAVOUR,,20.0,NO,113.5
22/02/2024,202402,3,3110105394,31101030550,1707284235245,99765139,105,GORKHA LAHARI PVT.LTD.- NEPAL,GORKHA FILTER,GORKHA FILTER RSFT HL 20NOS,113.5,20NOS,HL,,1707284235245-gorkha lahari pvt-ltd-- nepal-gorkha filter#3.png,RECODING,5,2,99764933,131.54739379882812,105,GORKHA LAHARI PVT.LTD.- NEPAL,SAHARA,SAHARA FILTER PUNCH,HL 20'S,HL,20,FRESH,,20.0,NO,115.0
22/02/2024,202402,3,3110105394,31101030550,1707284235245,99765139,105,GORKHA LAHARI PVT.LTD.- NEPAL,GORKHA FILTER,GORKHA FILTER RSFT HL 20NOS,113.5,20NOS,HL,,1707284235245-gorkha lahari pvt-ltd-- nepal-gorkha filter#3.png,RECODING,5,3,99765156,144.58087158203125,105,GORKHA LAHARI PVT.LTD.- NEPAL,MAYALU,MAYALU FILTER,HL 20'S,HL,20,FULL FLAVOUR,,20.0,NO,88.0
22/02/2024,202402,3,3110105351,31101030487,1707284235245,99765139,105,GORKHA LAHARI PVT.LTD.- NEPAL,GORKHA FILTER,GORKHA FILTER RSFT HL 20NOS,113.5,20NOS,HL,,1707284235245-gorkha lahari pvt-ltd-- nepal-gorkha filter#3.png,RECODING,5,1,99765139,118.04173278808594,105,GORKHA LAHARI PVT.LTD.- NEPAL,GORKHA,GORKHA FILTER,HL 20'S,HL,20,FULL FLAVOUR,,20.0,NO,113.5
22/02/2024,202402,3,3110105351,31101030487,1707284235245,99765139,105,GORKHA LAHARI PVT.LTD.- NEPAL,GORKHA FILTER,GORKHA FILTER RSFT HL 20NOS,113.5,20NOS,HL,,1707284235245-gorkha lahari pvt-ltd-- nepal-gorkha filter#3.png,RECODING,5,2,99764933,132.07086181640625,105,GORKHA LAHARI PVT.LTD.- NEPAL,SAHARA,SAHARA FILTER PUNCH,HL 20'S,HL,20,FRESH,,20.0,NO,115.0
22/02/2024,202402,3,3110105351,31101030487,1707284235245,99765139,105,GORKHA LAHARI PVT.LTD.- NEPAL,GORKHA FILTER,GORKHA FILTER RSFT HL 20NOS,113.5,20NOS,HL,,1707284235245-gorkha lahari pvt-ltd-- nepal-gorkha filter#3.png,RECODING,5,3,99765156,144.96466064453125,105,GORKHA LAHARI PVT.LTD.- NEPAL,MAYALU,MAYALU FILTER,HL 20'S,HL,20,FULL FLAVOUR,,20.0,NO,88.0
22/02/2024,202402,2,113111790,52204020012,1708326980979,99765144,134,AMAR DRINKING WATER & BEVRG-NP,AQUA AMAR,AQUA AMAR/20 LITR/PBT,70.0,20 LTR,PBT,New SKU,1708326980979-amar drinking water - bevrg-np-aqua amar#3.png,RECODING,5,1,52580,139.0341339111328,118,AMAR DRINKING WATER & BEVRG-NP,AQUA AMAR,AQUA AMAR,PET 1000 ML,PET,1000.000 ML,,,1000.0,ML,0.0
22/02/2024,202402,2,113111790,52204020012,1708326980979,99765144,134,AMAR DRINKING WATER & BEVRG-NP,AQUA AMAR,AQUA AMAR/20 LITR/PBT,70.0,20 LTR,PBT,New SKU,1708326980979-amar drinking water - bevrg-np-aqua amar#3.png,RECODING,5,2,99765144,140.3218994140625,118,AMAR DRINKING WATER & BEVRG-NP,AQUA AMAR,AQUA AMAR,JAR 20000 ML,JAR,20000.000 ML,,,20000.0,ML,70.0
22/02/2024,202402,2,113111790,52204020012,1708326980979,99765144,134,AMAR DRINKING WATER & BEVRG-NP,AQUA AMAR,AQUA AMAR/20 LITR/PBT,70.0,20 LTR,PBT,New SKU,1708326980979-amar drinking water - bevrg-np-aqua amar#3.png,RECODING,5,3,99762782,161.84463500976562,118,AMAR DRINKING WATER & BEVRG-NP,LIPULEK,LIPULEK,PET 1000 ML,PET,1000.000 ML,,,1000.0,ML,25.0
22/02/2024,202402,2,126914775,31101020022,1708252020275,99765142,118,BOTTLERS NEPAL - NEPAL,FANTA ORANGE,FANTA ORANGE\1500ML\PBT\RS:190\BOTTLERS NEPAL,190.0,1500ML,PBT,,1708252020275-bottlers nepal - nepal-fanta orange#3.png,RECODING,5,1,99765142,96.87875366210938,118,BOTTLERS NEPAL - NEPAL,FANTA,FANTA ORANGE,FANTA ORANGE PET 1500 ML+250 ML FANTA FREE,PET,1500.000 ML,ORANGE,,1500.0,ML,190.0
22/02/2024,202402,2,126914775,31101020022,1708252020275,99765142,118,BOTTLERS NEPAL - NEPAL,FANTA ORANGE,FANTA ORANGE\1500ML\PBT\RS:190\BOTTLERS NEPAL,190.0,1500ML,PBT,,1708252020275-bottlers nepal - nepal-fanta orange#3.png,RECODING,5,2,20110138,98.5296859741211,118,BOTTLERS NEPAL - NEPAL,FANTA,FANTA ORANGE,ORANGE PET 1500 ML,PET,1500.000 ML,ORANGE,,1500.0,ML,0.0
22/02/2024,202402,2,128725214,52203020013,1708246846413,99765140,118,BOTTLERS NEPAL - NEPAL,SPRITE ,SPRITE/2.25ML/PBT/BOTTLERS NEPAL LIMITED/PBT 250ML SPRITE FREE,270.0,2.25ML,PBT,,1708246846413-bottlers nepal - nepal-sprite #3.png,RECODING,5,1,99765134,99.02682495117188,118,BOTTLERS NEPAL - NEPAL,SPRITE,SPRITE,SPRITE PET 1500 ML+250 ML SPRITE FREE,PET,1500.000 ML,LEMON,,1500.0,ML,190.0
22/02/2024,202402,2,128725214,52203020013,1708246846413,99765140,118,BOTTLERS NEPAL - NEPAL,SPRITE ,SPRITE/2.25ML/PBT/BOTTLERS NEPAL LIMITED/PBT 250ML SPRITE FREE,270.0,2.25ML,PBT,,1708246846413-bottlers nepal - nepal-sprite #3.png,RECODING,5,2,99765140,99.09031677246094,118,BOTTLERS NEPAL - NEPAL,SPRITE,SPRITE,SPRITE PET 2250 ML+250 ML SPRITE FREE,PET,2250.000 ML,LEMON,,2250.0,ML,270.0
22/02/2024,202402,2,128725214,52203020013,1708246846413,99765140,118,BOTTLERS NEPAL - NEPAL,SPRITE ,SPRITE/2.25ML/PBT/BOTTLERS NEPAL LIMITED/PBT 250ML SPRITE FREE,270.0,2.25ML,PBT,,1708246846413-bottlers nepal - nepal-sprite #3.png,RECODING,5,3,20120418,114.50883483886719,118,BOTTLERS NEPAL - NEPAL,SPRITE,SPRITE,PET 2250 ML,PET,2250.000 ML,LEMON,,2250.0,ML,0.0
22/02/2024,202402,2,128587427,52203020002,1708233659422,99765145,134,ALINA WATER INDUSTRIES NEPAL ,AQUA AC,AQUA AC/1000ML/PBT/RS25/ALINA WATER INDUSTRIES NEPAL ,25.0,1000ML ,PBT,,1708233659422-alina water industries nepal -aqua ac#3.png,RECODING,5,1,99765145,111.63259887695312,118,ALINA WATER INDUSTRIES-NEPAL,AQUA AC,AQUA AC,PET 1000 ML,PET,1000.000 ML,,,1000.0,ML,25.0
22/02/2024,202402,2,128587427,52203020002,1708233659422,99765145,134,ALINA WATER INDUSTRIES NEPAL ,AQUA AC,AQUA AC/1000ML/PBT/RS25/ALINA WATER INDUSTRIES NEPAL ,25.0,1000ML ,PBT,,1708233659422-alina water industries nepal -aqua ac#3.png,RECODING,5,2,99765153,143.38385009765625,118,P.G WATER INDUSTRIES-NEPAL,AQUA CARE,AQUA CARE,PET 1000 ML,PET,1000.000 ML,,,1000.0,ML,25.0
22/02/2024,202402,2,128587427,52203020002,1708233659422,99765145,134,ALINA WATER INDUSTRIES NEPAL ,AQUA AC,AQUA AC/1000ML/PBT/RS25/ALINA WATER INDUSTRIES NEPAL ,25.0,1000ML ,PBT,,1708233659422-alina water industries nepal -aqua ac#3.png,RECODING,5,3,99765385,160.50416564941406,118,RESUNGA JAL PVT LTD-NEPAL,RESUNGA AQUA,RESUNGA AQUA,PET 1000 ML,PET,1000.000 ML,,,1000.0,ML,20.0
22/02/2024,202402,2,111344715,21102020053,1708241427701,99765146,134,AQUA GODAWARI BEVERAGE-NP,AQUA POWER,AQUA POWER/JAR/19000ML/RS50,50.0,19000ML,JAR,,1708241427701-aqua godawari beverage-np-aqua power#3.png,RECODING,5,1,99765146,108.07113647460938,118,AQUA GODAWARI BEVERAGE-NP,AQUA POWER,AQUA POWER,JAR 19000 ML,JAR,19000.000 ML,,,19000.0,ML,50.0
22/02/2024,202402,2,111344715,21102020053,1708241427701,99765146,134,AQUA GODAWARI BEVERAGE-NP,AQUA POWER,AQUA POWER/JAR/19000ML/RS50,50.0,19000ML,JAR,,1708241427701-aqua godawari beverage-np-aqua power#3.png,RECODING,5,3,99763981,167.18191528320312,118,N.B BEVERAGE PVT LTD-NEPAL,AQUA 2N,AQUA 2N,JAR 19000 ML,JAR,19000.000 ML,,,19000.0,ML,50.0
22/02/2024,202402,2,111344715,21102020053,1708241427701,99765146,134,AQUA GODAWARI BEVERAGE-NP,AQUA POWER,AQUA POWER/JAR/19000ML/RS50,50.0,19000ML,JAR,,1708241427701-aqua godawari beverage-np-aqua power#3.png,RECODING,5,4,52585,168.33692932128906,118,AQUATIC INDUSTRIES PVT LTD-NP,AQUA 77,AQUA 77,JAR 19000 ML,JAR,19000.000 ML,,,19000.0,ML,0.0
22/02/2024,202402,2,128879661,21401020024,1708236608421,99765140,118,BOTTLERS NEPAL - NEPAL,SPRITE,SPRITE-LEMON-PET 2250 ML/FREE 250 ML OF PET SPRITE,270.0,2250ML,PBT,,1708236608421-bottlers nepal - nepal-sprite#3.png,RECODING,5,1,99765140,53.00454330444336,118,BOTTLERS NEPAL - NEPAL,SPRITE,SPRITE,SPRITE PET 2250 ML+250 ML SPRITE FREE,PET,2250.000 ML,LEMON,,2250.0,ML,270.0
22/02/2024,202402,2,128879661,21401020024,1708236608421,99765140,118,BOTTLERS NEPAL - NEPAL,SPRITE,SPRITE-LEMON-PET 2250 ML/FREE 250 ML OF PET SPRITE,270.0,2250ML,PBT,,1708236608421-bottlers nepal - nepal-sprite#3.png,RECODING,5,3,99765367,69.62934112548828,118,BOTTLERS NEPAL - NEPAL,SPRITE,SPRITE,PET 2250 ML+250 ML COKE FREE,PET,2250.000 ML,LEMON,,2250.0,ML,270.0
22/02/2024,202402,2,128879661,21401020024,1708236608421,99765140,118,BOTTLERS NEPAL - NEPAL,SPRITE,SPRITE-LEMON-PET 2250 ML/FREE 250 ML OF PET SPRITE,270.0,2250ML,PBT,,1708236608421-bottlers nepal - nepal-sprite#3.png,RECODING,5,4,20120418,73.62060546875,118,BOTTLERS NEPAL - NEPAL,SPRITE,SPRITE,PET 2250 ML,PET,2250.000 ML,LEMON,,2250.0,ML,0.0
22/02/2024,202402,2,128879661,21401020024,1708236443644,99765141,118,BOTTLERS NEPAL - NEPAL,FANTA ORANGE,FANTA ORANGE-ORANGE-FREE 250 ML PET BOTTLE FANTA,270.0,2250ML,PBT,,1708236443644-bottlers nepal - nepal-fanta orange#3.png,RECODING,5,2,99765141,65.59750366210938,118,BOTTLERS NEPAL - NEPAL,FANTA,FANTA ORANGE,FANTA ORANGE PET 2250 ML+250 ML FANTA FREE,PET,2250.000 ML,ORANGE,,2250.0,ML,270.0
22/02/2024,202402,2,128879661,21401020024,1708236443644,99765141,118,BOTTLERS NEPAL - NEPAL,FANTA ORANGE,FANTA ORANGE-ORANGE-FREE 250 ML PET BOTTLE FANTA,270.0,2250ML,PBT,,1708236443644-bottlers nepal - nepal-fanta orange#3.png,RECODING,5,3,99765366,80.05335235595703,118,BOTTLERS NEPAL - NEPAL,FANTA,FANTA ORANGE,ORANGE PET 2250 ML+250 ML COKE FREE,PET,2250.000 ML,ORANGE,,2250.0,ML,270.0
22/02/2024,202402,2,128879661,21401020024,1708236443644,99765141,118,BOTTLERS NEPAL - NEPAL,FANTA ORANGE,FANTA ORANGE-ORANGE-FREE 250 ML PET BOTTLE FANTA,270.0,2250ML,PBT,,1708236443644-bottlers nepal - nepal-fanta orange#3.png,RECODING,5,4,20162468,84.23807525634766,118,BOTTLERS NEPAL - NEPAL,FANTA,FANTA ORANGE,ORANGE PET 2250 ML+125ML MAAZA MANGO FREE,PET,2250.000 ML,ORANGE,,2250.0,ML,0.0
22/02/2024,202402,3,3110102665,31101030277,1707194355890,99765138,125,ROHIT TOBACCO PVT/LTD,MEGADUT,MEGADUT REGULAR\13GM\PPH\RS:25\ROHIT TOBACCO PVT.LTD NEPAL,25.0,13GM,PPH,Any other reason,,RECODING,5,1,99765138,158.1661834716797,125,ROHIT TOBACCO PVT/LTD,MEGADUT,MEGADUT,13G KHAINI,PLAST,13G,REGULAR,,13.0,GM,25.0
22/02/2024,202402,3,3110104604,31101030302,1707194355890,99765138,125,ROHIT TOBACCO PVT/LTD,MEGADUT,MEGADUT REGULAR\13GM\PPH\RS:25\ROHIT TOBACCO PVT.LTD NEPAL,25.0,13GM,PPH,,,RECODING,5,1,99765138,103.19534301757812,125,ROHIT TOBACCO PVT/LTD,MEGADUT,MEGADUT,13G KHAINI,PLAST,13G,REGULAR,,13.0,GM,25.0
22/02/2024,202402,3,3110102993,31101030463,1707284235245,99765139,105,GORKHA LAHARI PVT.LTD.- NEPAL,GORKHA FILTER,GORKHA FILTER RSFT HL 20NOS,113.5,20NOS,HL,,1707284235245-gorkha lahari pvt-ltd-- nepal-gorkha filter#3.png,RECODING,5,1,99765139,118.47105407714844,105,GORKHA LAHARI PVT.LTD.- NEPAL,GORKHA,GORKHA FILTER,HL 20'S,HL,20,FULL FLAVOUR,,20.0,NO,113.5
22/02/2024,202402,3,3110102993,31101030463,1707284235245,99765139,105,GORKHA LAHARI PVT.LTD.- NEPAL,GORKHA FILTER,GORKHA FILTER RSFT HL 20NOS,113.5,20NOS,HL,,1707284235245-gorkha lahari pvt-ltd-- nepal-gorkha filter#3.png,RECODING,5,2,99764933,132.3382110595703,105,GORKHA LAHARI PVT.LTD.- NEPAL,SAHARA,SAHARA FILTER PUNCH,HL 20'S,HL,20,FRESH,,20.0,NO,115.0
22/02/2024,202402,3,3110102993,31101030463,1707284235245,99765139,105,GORKHA LAHARI PVT.LTD.- NEPAL,GORKHA FILTER,GORKHA FILTER RSFT HL 20NOS,113.5,20NOS,HL,,1707284235245-gorkha lahari pvt-ltd-- nepal-gorkha filter#3.png,RECODING,5,3,99765156,145.37353515625,105,GORKHA LAHARI PVT.LTD.- NEPAL,MAYALU,MAYALU FILTER,HL 20'S,HL,20,FULL FLAVOUR,,20.0,NO,88.0
22/02/2024,202402,3,3110101356,31101030292,1707284235245,99765139,105,GORKHA LAHARI PVT.LTD.- NEPAL,GORKHA FILTER,GORKHA FILTER RSFT HL 20NOS,113.5,20NOS,HL,Any other reason,1707284235245-gorkha lahari pvt-ltd-- nepal-gorkha filter#3.png,RECODING,5,1,99765139,121.93067932128906,105,GORKHA LAHARI PVT.LTD.- NEPAL,GORKHA,GORKHA FILTER,HL 20'S,HL,20,FULL FLAVOUR,,20.0,NO,113.5
22/02/2024,202402,3,3110101356,31101030292,1707284235245,99765139,105,GORKHA LAHARI PVT.LTD.- NEPAL,GORKHA FILTER,GORKHA FILTER RSFT HL 20NOS,113.5,20NOS,HL,Any other reason,1707284235245-gorkha lahari pvt-ltd-- nepal-gorkha filter#3.png,RECODING,5,2,99764933,134.64138793945312,105,GORKHA LAHARI PVT.LTD.- NEPAL,SAHARA,SAHARA FILTER PUNCH,HL 20'S,HL,20,FRESH,,20.0,NO,115.0
22/02/2024,202402,3,3110101356,31101030292,1707284235245,99765139,105,GORKHA LAHARI PVT.LTD.- NEPAL,GORKHA FILTER,GORKHA FILTER RSFT HL 20NOS,113.5,20NOS,HL,Any other reason,1707284235245-gorkha lahari pvt-ltd-- nepal-gorkha filter#3.png,RECODING,5,3,99765156,147.82034301757812,105,GORKHA LAHARI PVT.LTD.- NEPAL,MAYALU,MAYALU FILTER,HL 20'S,HL,20,FULL FLAVOUR,,20.0,NO,88.0
22/02/2024,202402,2,129022271,21401020020,1708067569241,99765147,134,MAA NASIKA BEVERAGE-NEPAL,MAA,MAA/JAR/20000ML/RS50,50.0,20000ML,JAR,,1708067569241-maa nasika beverage-nepal-maa#3.png,RECODING,5,1,99765147,109.69688415527344,118,MAA NASIKA BEVERAGE-NEPAL,MAA,MAA,JAR 20000 ML,JAR,20000.000 ML,,,20000.0,ML,50.0
22/02/2024,202402,2,129022271,21401020020,1708067569241,99765147,134,MAA NASIKA BEVERAGE-NEPAL,MAA,MAA/JAR/20000ML/RS50,50.0,20000ML,JAR,,1708067569241-maa nasika beverage-nepal-maa#3.png,RECODING,5,5,45563,175.15576171875,118,SEETAL JAL UDHYOG-NEPAL,SEETAL JAL,SEETAL JAL,JAR 20000 ML,JAR,20000.000 ML,,,20000.0,ML,0.0
22/02/2024,202402,2,129022271,21401020020,1708067569241,99765147,134,MAA NASIKA BEVERAGE-NEPAL,MAA,MAA/JAR/20000ML/RS50,50.0,20000ML,JAR,,1708067569241-maa nasika beverage-nepal-maa#3.png,RECODING,5,7,46896,178.63394165039062,118,RARA DRNKNG WATR PVT LTD-NEPAL,RARA,RARA,JAR 20000 ML,JAR,20000.000 ML,,,20000.0,ML,0.0
22/02/2024,202402,2,130102897,21401020027,1708064811296,99765143,134,TRIVENI FOOD & BEVERAGE-NP,BLOON,BLOON/LITCHI DRINK/PBT/135ML/RS20,20.0,135 ML,PBT,,1708064811296-triveni food - beverage-np-bloon#3.png,RECODING,5,2,99765150,137.53619384765625,118,TRIVENI FOOD & BEVERAGE-NP,LEELI,LEELI,LITCHI PET 135 ML,PET,135.000 ML,LYCHEE,,135.0,ML,20.0
22/02/2024,202402,2,130102897,21401020027,1708064811296,99765143,134,TRIVENI FOOD & BEVERAGE-NP,BLOON,BLOON/LITCHI DRINK/PBT/135ML/RS20,20.0,135 ML,PBT,,1708064811296-triveni food - beverage-np-bloon#3.png,RECODING,5,5,99765143,146.07220458984375,118,TRIVENI FOOD & BEVERAGE-NP,BLOOM,BLOOM,LITCHI PET 135 ML,PET,135.000 ML,LYCHEE,,135.0,ML,20.0
26/02/2024,202402,2,128959129,12201020016,1707464391585,99765101,134,MANAKAMANA FRUIT & BEVERAGE PVT LTD NEPAL,NIMBU FRESH,NIMBU FRESH CARBONATED PET 500ML,80.0,500ML,PET,,1707464391585-manakamana fruit - beverage pvt ltd nepal-nimbu fresh#3.png,CROSS CODING,2,5,99765101,167.8985595703125,118,MANAKAMANA FRUIT & BEVERAGE-NP,NIMBU FRESH,NIMBU FRESH,LEMON PET 500 ML,PET,500.000 ML,LEMON,,500.0,ML,80.0
26/02/2024,202402,2,128877778,12201020015,1708780074556,99765140,118,BOTTLERS NEPAL - NEPAL,SPRITE,SPRITE-LEMON-SPRITE PET 2250 ML+PET 250ML SPRITE FREE,270.0,2250ML,PET,,1708780074556-bottlers nepal - nepal-sprite#3.png,RECODING,5,1,99765140,59.5002555847168,118,BOTTLERS NEPAL - NEPAL,SPRITE,SPRITE,SPRITE PET 2250 ML+250 ML SPRITE FREE,PET,2250.000 ML,LEMON,,2250.0,ML,270.0
26/02/2024,202402,2,128877778,12201020015,1708780074556,99765140,118,BOTTLERS NEPAL - NEPAL,SPRITE,SPRITE-LEMON-SPRITE PET 2250 ML+PET 250ML SPRITE FREE,270.0,2250ML,PET,,1708780074556-bottlers nepal - nepal-sprite#3.png,RECODING,5,3,20120418,79.22242736816406,118,BOTTLERS NEPAL - NEPAL,SPRITE,SPRITE,PET 2250 ML,PET,2250.000 ML,LEMON,,2250.0,ML,0.0
26/02/2024,202402,2,128877778,12201020015,1708780074556,99765140,118,BOTTLERS NEPAL - NEPAL,SPRITE,SPRITE-LEMON-SPRITE PET 2250 ML+PET 250ML SPRITE FREE,270.0,2250ML,PET,,1708780074556-bottlers nepal - nepal-sprite#3.png,RECODING,5,4,99765367,81.15267944335938,118,BOTTLERS NEPAL - NEPAL,SPRITE,SPRITE,PET 2250 ML+250 ML COKE FREE,PET,2250.000 ML,LEMON,,2250.0,ML,270.0
26/02/2024,202402,2,128877778,12201020015,1708684675065,99765142,118,BOTTLERS NEPAL - NEPAL,FANTA ORANGE,FANTA ORANGE-ORANGE PET 1500ML FREE PET 250ML,190.0,1500ML,PET,,1708684675065-bottlers nepal - nepal-fanta orange#3.png,RECODING,5,1,99765142,67.76271057128906,118,BOTTLERS NEPAL - NEPAL,FANTA,FANTA ORANGE,FANTA ORANGE PET 1500 ML+250 ML FANTA FREE,PET,1500.000 ML,ORANGE,,1500.0,ML,190.0
26/02/2024,202402,2,128877778,12201020015,1708684675065,99765142,118,BOTTLERS NEPAL - NEPAL,FANTA ORANGE,FANTA ORANGE-ORANGE PET 1500ML FREE PET 250ML,190.0,1500ML,PET,,1708684675065-bottlers nepal - nepal-fanta orange#3.png,RECODING,5,3,20110138,84.98519897460938,118,BOTTLERS NEPAL - NEPAL,FANTA,FANTA ORANGE,ORANGE PET 1500 ML,PET,1500.000 ML,ORANGE,,1500.0,ML,0.0
26/02/2024,202402,2,129371071,12201020006,1708684675065,99765142,118,BOTTLERS NEPAL - NEPAL,FANTA ORANGE,FANTA ORANGE-ORANGE PET 1500ML FREE PET 250ML,190.0,1500ML,PET,,,RECODING,5,1,99765142,53.718048095703125,118,BOTTLERS NEPAL - NEPAL,FANTA,FANTA ORANGE,FANTA ORANGE PET 1500 ML+250 ML FANTA FREE,PET,1500.000 ML,ORANGE,,1500.0,ML,190.0
26/02/2024,202402,2,129371071,12201020006,1708684675065,99765142,118,BOTTLERS NEPAL - NEPAL,FANTA ORANGE,FANTA ORANGE-ORANGE PET 1500ML FREE PET 250ML,190.0,1500ML,PET,,,RECODING,5,5,20110138,72.38067626953125,118,BOTTLERS NEPAL - NEPAL,FANTA,FANTA ORANGE,ORANGE PET 1500 ML,PET,1500.000 ML,ORANGE,,1500.0,ML,0.0
26/02/2024,202402,2,111719660,12101020010,1708686547762,99765148,134,RADHA KRISHNA FOOD & BEVERAGE PVT.LTD. NEPAL,SARAS,SARAS PROCESSED DRINKING WATER  PBT 500ML,15.0,500 ML.,PBT,,1708686547762-radha krishna food - beverage pvt-ltd- nepal-saras#3.png,RECODING,5,2,48919,159.0042724609375,111,DABUR NEPAL LTD.-NEPAL,DABUR,DABUR SARSON AMLA,DABUR SARSON AMLA-PBT 450 ML+FR 50 ML,PLBOT,450.000 ML,,,500.0,ML,0.0
26/02/2024,202402,2,111719660,12101020010,1708686547762,99765148,134,RADHA KRISHNA FOOD & BEVERAGE PVT.LTD. NEPAL,SARAS,SARAS PROCESSED DRINKING WATER  PBT 500ML,15.0,500 ML.,PBT,,1708686547762-radha krishna food - beverage pvt-ltd- nepal-saras#3.png,RECODING,5,3,99765148,159.0133514404297,118,RADHA KRISHNA FOOD & BEVERAGE-NP,SARAS,SARAS,PET 500 ML,PET,500.000 ML,,,500.0,ML,15.0
26/02/2024,202402,2,117158265,11302020009,1707805740298,99765149,134,MARUTI DAIRY PRODUCT-NEPAL,GOPALA FRESHO,GOPALA FRESHO POMEGRANATE CAN 250ML,100.0,250ML,CAN,,1707805740298-maruti dairy product-nepal-gopala fresho#3.png,RECODING,5,1,99765149,54.261844635009766,118,MARUTI DAIRY PRODUCT-NEPAL,GOPALA,GOPALA FRESHO,POMEGRANATE CAN 250 ML,CAN,250.000 ML,POMEGRANATE,,250.0,ML,100.0
26/02/2024,202402,2,117158265,11302020009,1707805740298,99765149,134,MARUTI DAIRY PRODUCT-NEPAL,GOPALA FRESHO,GOPALA FRESHO POMEGRANATE CAN 250ML,100.0,250ML,CAN,,1707805740298-maruti dairy product-nepal-gopala fresho#3.png,RECODING,5,2,99765454,90.939697265625,118,MARUTI DAIRY PRODUCT-NEPAL,SEASON,SEASON,POMEGRANATE CAN 250 ML,CAN,250.000 ML,POMEGRANATE,,250.0,ML,100.0
26/02/2024,202402,2,117158265,11302020009,1707805740298,99765149,134,MARUTI DAIRY PRODUCT-NEPAL,GOPALA FRESHO,GOPALA FRESHO POMEGRANATE CAN 250ML,100.0,250ML,CAN,,1707805740298-maruti dairy product-nepal-gopala fresho#3.png,RECODING,5,3,99765120,96.20267486572266,118,MARUTI DAIRY PRODUCT-NEPAL,GOPALA,GOPALA FRESHO,MIXED FRUIT CAN 250 ML,CAN,250.000 ML,MIXED FRUIT,,250.0,ML,100.0
26/02/2024,202402,2,112331058,21102020041,1708584765315,99765141,118,BOTTLERS NEPAL - NEPAL,FANTA ORANGE,FANTA/PBT/2250ML/FREE FANTA ORANGE 250ML/RS 270 ,270.0,2250ML,PBT,,,RECODING,5,2,99765141,77.2521743774414,118,BOTTLERS NEPAL - NEPAL,FANTA,FANTA ORANGE,FANTA ORANGE PET 2250 ML+250 ML FANTA FREE,PET,2250.000 ML,ORANGE,,2250.0,ML,270.0
26/02/2024,202402,2,112331058,21102020041,1708584765315,99765141,118,BOTTLERS NEPAL - NEPAL,FANTA ORANGE,FANTA/PBT/2250ML/FREE FANTA ORANGE 250ML/RS 270 ,270.0,2250ML,PBT,,,RECODING,5,3,20120417,94.08123016357422,118,BOTTLERS NEPAL - NEPAL,FANTA,FANTA ORANGE,ORANGE PET 2250 ML,PET,2250.000 ML,ORANGE,,2250.0,ML,0.0
26/02/2024,202402,2,112331058,21102020041,1708584765315,99765141,118,BOTTLERS NEPAL - NEPAL,FANTA ORANGE,FANTA/PBT/2250ML/FREE FANTA ORANGE 250ML/RS 270 ,270.0,2250ML,PBT,,,RECODING,5,7,99765366,96.43020629882812,118,BOTTLERS NEPAL - NEPAL,FANTA,FANTA ORANGE,ORANGE PET 2250 ML+250 ML COKE FREE,PET,2250.000 ML,ORANGE,,2250.0,ML,270.0
26/02/2024,202402,2,111481610,21102020055,1708584765315,99765141,118,BOTTLERS NEPAL - NEPAL,FANTA ORANGE,FANTA/PBT/2250ML/FREE FANTA ORANGE 250ML/RS 270 ,270.0,2250ML,PBT,,1708584765315-bottlers nepal - nepal-fanta orange#3.png,RECODING,5,2,99765141,91.33001708984375,118,BOTTLERS NEPAL - NEPAL,FANTA,FANTA ORANGE,FANTA ORANGE PET 2250 ML+250 ML FANTA FREE,PET,2250.000 ML,ORANGE,,2250.0,ML,270.0
26/02/2024,202402,2,111481610,21102020055,1708584765315,99765141,118,BOTTLERS NEPAL - NEPAL,FANTA ORANGE,FANTA/PBT/2250ML/FREE FANTA ORANGE 250ML/RS 270 ,270.0,2250ML,PBT,,1708584765315-bottlers nepal - nepal-fanta orange#3.png,RECODING,5,7,20120417,106.11157989501953,118,BOTTLERS NEPAL - NEPAL,FANTA,FANTA ORANGE,ORANGE PET 2250 ML,PET,2250.000 ML,ORANGE,,2250.0,ML,0.0
26/02/2024,202402,2,121835993,12303020026,1708509467053,99765132,118,BOTTLERS NEPAL - NEPAL,COCA-COLA,COCA COLA PBT 2250ML FREE 250ML PBT COCA COLA,270.0,2250ML,PBT,,1708509467053-bottlers nepal - nepal-coca-cola#3.png,CROSS CODING,2,1,99765132,105.45796203613281,118,BOTTLERS NEPAL - NEPAL,COCA-COLA,COCA-COLA,COCA-COLA PET 2250 ML+250 ML COCA-COLA FREE,PET,2250.000 ML,COLA,,2250.0,ML,270.0
26/02/2024,202402,2,121835993,12303020026,1708509467053,99765132,118,BOTTLERS NEPAL - NEPAL,COCA-COLA,COCA COLA PBT 2250ML FREE 250ML PBT COCA COLA,270.0,2250ML,PBT,,1708509467053-bottlers nepal - nepal-coca-cola#3.png,CROSS CODING,2,4,99764934,120.09798431396484,118,BOTTLERS NEPAL - NEPAL,COCA-COLA,COCA-COLA,COCA-COLA PET 2250 ML+250 ML COCA-COLA ZERO SUGAR FREE,PET,2250.000 ML,COLA,,2250.0,ML,260.0
26/02/2024,202402,2,121835993,12303020026,1708509467053,99765132,118,BOTTLERS NEPAL - NEPAL,COCA-COLA,COCA COLA PBT 2250ML FREE 250ML PBT COCA COLA,270.0,2250ML,PBT,,1708509467053-bottlers nepal - nepal-coca-cola#3.png,CROSS CODING,2,5,20110266,121.90804290771484,118,BOTTLERS NEPAL - NEPAL,COCA-COLA,COCA-COLA,PET 2250 ML,PET,2250.000 ML,COLA,,2250.0,ML,0.0
27/02/2024,202402,2,121212210068,12121020004,1708147619680,99765150,134,TRIVENI FOOD & BEVERAGE-NP,LEELI,LEELI LITCHI DRINK 135ML,20.0,135ML,PBT,,1708147619680-triveni food - beverage-np-leeli#3.png,RECODING,5,1,99765150,94.193115234375,118,TRIVENI FOOD & BEVERAGE-NP,LEELI,LEELI,LITCHI PET 135 ML,PET,135.000 ML,LYCHEE,,135.0,ML,20.0
27/02/2024,202402,2,121212210068,12121020004,1708147619680,99765150,134,TRIVENI FOOD & BEVERAGE-NP,LEELI,LEELI LITCHI DRINK 135ML,20.0,135ML,PBT,,1708147619680-triveni food - beverage-np-leeli#3.png,RECODING,5,4,99765143,135.70947265625,118,TRIVENI FOOD & BEVERAGE-NP,BLOOM,BLOOM,LITCHI PET 135 ML,PET,135.000 ML,LYCHEE,,135.0,ML,20.0
27/02/2024,202402,2,516753710207,51675020002,1708747968927,99765142,118,BOTTLERS NEPAL - NEPAL,FANTA ORANGE,FANTA ORANGE/1500ML/PBT/250ML FANTA FREE,190.0,1500ML ,PBT,,1708747968927-bottlers nepal - nepal-fanta orange#3.png,RECODING,5,1,99765142,88.15621948242188,118,BOTTLERS NEPAL - NEPAL,FANTA,FANTA ORANGE,FANTA ORANGE PET 1500 ML+250 ML FANTA FREE,PET,1500.000 ML,ORANGE,,1500.0,ML,190.0
27/02/2024,202402,2,516753710207,51675020002,1708747968927,99765142,118,BOTTLERS NEPAL - NEPAL,FANTA ORANGE,FANTA ORANGE/1500ML/PBT/250ML FANTA FREE,190.0,1500ML ,PBT,,1708747968927-bottlers nepal - nepal-fanta orange#3.png,RECODING,5,6,20110138,107.24868774414062,118,BOTTLERS NEPAL - NEPAL,FANTA,FANTA ORANGE,ORANGE PET 1500 ML,PET,1500.000 ML,ORANGE,,1500.0,ML,0.0
27/02/2024,202402,2,527374310009,52737020001,1708677105048,99765151,134,NAWAYUG PROCESSED DRINKING WATER INDUSTRIES NEPAL ,DOGADAKEDAR,DOGADAKEDAR/1000ML/PBT,25.0,1000ML ,PBT,New Category,1708677105048-nawayug processed drinking water industries nepal -dogadakedar#3.png,RECODING,5,1,99765151,142.77352905273438,118,NAWAYUG PROCESSED DRINKING WATER-NP,DOGADAKEDAR,DOGADAKEDAR,PET 1000 ML,PET,1000.000 ML,,,1000.0,ML,25.0
27/02/2024,202402,2,527374310009,52737020001,1708677105048,99765151,134,NAWAYUG PROCESSED DRINKING WATER INDUSTRIES NEPAL ,DOGADAKEDAR,DOGADAKEDAR/1000ML/PBT,25.0,1000ML ,PBT,New Category,1708677105048-nawayug processed drinking water industries nepal -dogadakedar#3.png,RECODING,5,2,40125126,168.49978637695312,118,P.G WATER INDUSTRIES-NEPAL,P.G,P.G,PET 1000 ML,PET,1000.000 ML,,,1000.0,ML,0.0
27/02/2024,202402,2,527374310009,52737020001,1708677105048,99765151,134,NAWAYUG PROCESSED DRINKING WATER INDUSTRIES NEPAL ,DOGADAKEDAR,DOGADAKEDAR/1000ML/PBT,25.0,1000ML ,PBT,New Category,1708677105048-nawayug processed drinking water industries nepal -dogadakedar#3.png,RECODING,5,4,99765196,175.31622314453125,118,PRAJAWAL JAL UDHYOG-NEPAL,PRAMJAL,PRAMJAL,PET 1000 ML,PET,1000.000 ML,,,1000.0,ML,25.0
28/02/2024,202402,2,324121510013,32412020020,1709108060924,99765152,134,REAL DRINKING WATER INDUSTRY NEPAL ,ALPHA ZONE,ALPHA ZONE PET 1 LTR,25.0,1 LTR,PBT,,1709108060924-real drinking water industry nepal -alpha zone#3.png,RECODING,5,1,99765152,76.2755126953125,118,REAL DRINKING WATER INDUSTRY-NEPAL,ALPHA ZONE,ALPHA ZONE,PET 1000 ML,PET,1000.000 ML,,,1000.0,ML,25.0
28/02/2024,202402,2,324121510013,32412020020,1709108060924,99765152,134,REAL DRINKING WATER INDUSTRY NEPAL ,ALPHA ZONE,ALPHA ZONE PET 1 LTR,25.0,1 LTR,PBT,,1709108060924-real drinking water industry nepal -alpha zone#3.png,RECODING,5,2,40125126,145.1998291015625,118,P.G WATER INDUSTRIES-NEPAL,P.G,P.G,PET 1000 ML,PET,1000.000 ML,,,1000.0,ML,0.0
28/02/2024,202402,2,324121510013,32412020020,1709108060924,99765152,134,REAL DRINKING WATER INDUSTRY NEPAL ,ALPHA ZONE,ALPHA ZONE PET 1 LTR,25.0,1 LTR,PBT,,1709108060924-real drinking water industry nepal -alpha zone#3.png,RECODING,5,3,99765153,152.76837158203125,118,P.G WATER INDUSTRIES-NEPAL,AQUA CARE,AQUA CARE,PET 1000 ML,PET,1000.000 ML,,,1000.0,ML,25.0
