t_row_id,t_DATE,t_PERIOD,t_STORECODE,t_ITEMCODE,t_NEW_CODES,t_CATEGORY,t_MANUFACTURE,t_BRAND,t_ITEMDESC,t_MRP,t_PACKSIZE,t_PACKTYPE,t_COMMENTS,t_IMAGE,t_CODE COMMENT,t_FLAG,1,2,3,rank
0,2022-08-22,202208,1220100043,1660737150983,99764040,124,SHREE RAM TOBACCO UDHYOG PVT LTD NEPAL,BHOLA GOLD,BHOLA GOLD GUTKHA,7.0,PPH,2.14G,,1660737150983-shree ram tobacco udhyog pvt ltd nepal-bhola gold.png,RECODING,5,99764040,99762224,99762263,1
1,2022-08-22,202208,1220100050,1660737150983,99764040,124,SHREE RAM TOBACCO UDHYOG PVT LTD NEPAL,BHOLA GOLD,BHOLA GOLD GUTKHA,7.0,PPH,2.14G,,1660737150983-shree ram tobacco udhyog pvt ltd nepal-bhola gold.png,RECODING,5,99764040,99762224,99762263,1
2,2022-08-22,202208,1220102375,1660737150983,99764040,124,SHREE RAM TOBACCO UDHYOG PVT LTD NEPAL,BHOLA GOLD,BHOLA GOLD GUTKHA,7.0,PPH,2.14G,,1660737150983-shree ram tobacco udhyog pvt ltd nepal-bhola gold.png,RECODING,5,99764040,99762224,99762263,1
3,2022-08-22,202208,1220102372,1660737150983,99764040,124,SHREE RAM TOBACCO UDHYOG PVT LTD NEPAL,BHOLA GOLD,BHOLA GOLD GUTKHA,7.0,PPH,2.14G,,1660737150983-shree ram tobacco udhyog pvt ltd nepal-bhola gold.png,RECODING,5,99764040,99762224,99762263,1
4,2022-08-22,202208,1220102374,1660737150983,99764040,124,SHREE RAM TOBACCO UDHYOG PVT LTD NEPAL,BHOLA GOLD,BHOLA GOLD GUTKHA,7.0,PPH,2.14G,,1660737150983-shree ram tobacco udhyog pvt ltd nepal-bhola gold.png,RECODING,5,99764040,99762224,99762263,1
5,2022-08-22,202208,1220102368,1660737150983,99764040,124,SHREE RAM TOBACCO UDHYOG PVT LTD NEPAL,BHOLA GOLD,BHOLA GOLD GUTKHA,7.0,PPH,2.14G,,1660737150983-shree ram tobacco udhyog pvt ltd nepal-bhola gold.png,RECODING,5,99764040,99762224,99762263,1
6,2022-08-22,202208,1220100037,1660737150983,99764040,124,SHREE RAM TOBACCO UDHYOG PVT LTD NEPAL,BHOLA GOLD,BHOLA GOLD GUTKHA,7.0,PPH,2.14G,,1660737150983-shree ram tobacco udhyog pvt ltd nepal-bhola gold.png,RECODING,5,99764040,99762224,99762263,1
7,2022-08-22,202208,1220100030,1660737150983,99764040,124,SHREE RAM TOBACCO UDHYOG PVT LTD NEPAL,BHOLA GOLD,BHOLA GOLD GUTKHA,7.0,PPH,2.14G,,1660737150983-shree ram tobacco udhyog pvt ltd nepal-bhola gold.png,RECODING,5,99764040,99762224,99762263,1
8,2022-08-22,202208,1220100033,1660737150983,99764040,124,SHREE RAM TOBACCO UDHYOG PVT LTD NEPAL,BHOLA GOLD,BHOLA GOLD GUTKHA,7.0,PPH,2.14G,,1660737150983-shree ram tobacco udhyog pvt ltd nepal-bhola gold.png,RECODING,5,99764040,99762224,99762263,1
9,2022-08-22,202208,1220100032,1660737150983,99764040,124,SHREE RAM TOBACCO UDHYOG PVT LTD NEPAL,BHOLA GOLD,BHOLA GOLD GUTKHA,7.0,PPH,2.14G,,1660737150983-shree ram tobacco udhyog pvt ltd nepal-bhola gold.png,RECODING,5,99764040,99762224,99762263,1
10,2022-08-22,202208,122528029,1660892712173,99764045,122,GRIHA LAXMI SABUN UDHYOG-NPL,GRIHA LAXMI DETERGENT POWER,GRIHA LAXMI DETERGENT POWER\1000\GM,100.0,PPH,1000GM,New SKU,1660892712173-griha laxmi sabun udhyog-npl-griha laxmi detergent power.png,RECODING,5,99764045,99763682,99764098,1
11,2022-08-22,202208,113395539,1661064568437,99764048,123,DINESH SOAP & HOUSEHOLD-NPL,DINESH PREMIUM LAUNDRYSOAP,DINESH PREMIUM LAUNDRY SOAP\150\GM,30.0,PPH,150GM,,1661064568437-dinesh soap - household-npl-dinesh premium laundrysoap.png,RECODING,5,99764048,99763026,53334,1
12,2022-08-22,202208,113404008,1661061661068,99764042,118,AMRAPALI BEVERAGE-NEPAL,AMRAPALI RUCHI BADAM DRINK ,AMRAPALI RUCHI BADAM DRINK\180\ML,95.0,CAN,180 ML,,1661061661068-amrapali beverage-nepal-amrapali ruchi badam drink .png,RECODING,5,99764042,99765429,99765384,1
13,2022-08-22,202208,124621587,1661066197609,99764041,117,UNILEVER NEPAL LTD-NEPAL,SUNSILK,SUNSILK/HAIR FALL SOLUTION/625ML/PBT,550.0,PBT,625ML,,1661066197609-unilever nepal ltd-nepal-sunsilk.png,RECODING,5,99764041,99763771,99762395,1
14,2022-08-22,202208,124916559,1661062474502,99764039,133,NESTLE INDIA LTD. - INDIA,LACTOGEN 4,LACTOGEN 4/AFTER 18MONTHS UPTO 24 MONTHS/400GM/CBP,709.0,CBP,400GM ,,1661062474502-nestle india ltd- - india-lactogen 4.png,RECODING,5,99764039,99764030,99764028,1
15,2022-08-22,202208,124916559,1661062070120,99764044,120,BE ACTIVE PHARMACEUTICALS-INDIA,KETOACTIVE ,KETOACTIVE SOAP/75GM/CBP,200.0,CBP,75GM ,,1661062070120-be active pharmaceuticals-india-ketoactive .png,RECODING,5,99764044,99763547,45855,1
16,2022-08-22,202208,2110100152,1660890505180,99764040,124,SHREE RAM TOBACCO UDHYOG,BHOLA GOLD,BHOLA GOLD/PPH/2.14GM,5.0,PPH,2.14GM,,1660890505180-shree ram tobacco udhyog-bhola gold.png,RECODING,5,99764040,99762224,99762263,1
17,2022-08-22,202208,2110100336,1660890505180,99764040,124,SHREE RAM TOBACCO UDHYOG,BHOLA GOLD,BHOLA GOLD/PPH/2.14GM,5.0,PPH,2.14GM,,1660890505180-shree ram tobacco udhyog-bhola gold.png,RECODING,5,99764040,99762224,99762263,1
18,2022-08-22,202208,2110100480,1660890505180,99764040,124,SHREE RAM TOBACCO UDHYOG,BHOLA GOLD,BHOLA GOLD/PPH/2.14GM,5.0,PPH,2.14GM,,1660890505180-shree ram tobacco udhyog-bhola gold.png,RECODING,5,99764040,99762224,99762263,1
19,2022-08-22,202208,128997655,1661055819888,nan,111,EMAMI LTD. -INDIA,EMAMI 7 OILS IN ONE,EMAMI 7OILS IN ONE DAMAGE CONTROL/NON GREASY NON STICKY/100ML/PBT,67.0,PBT,100ML,,1661055819888-emami ltd- -india-emami 7 oils in one.png,PARKER FOR NEXT MONTH,999,90824159,90825769,90827614,1
20,2022-08-22,202208,1220102363,1660737150983,99764040,124,SHREE RAM TOBACCO UDHYOG PVT LTD NEPAL,BHOLA GOLD,BHOLA GOLD GUTKHA,7.0,PPH,2.14G,,1660737150983-shree ram tobacco udhyog pvt ltd nepal-bhola gold.png,RECODING,5,99764040,99762224,99762263,1
21,2022-08-22,202208,1220102394,1660737150983,99764040,124,SHREE RAM TOBACCO UDHYOG PVT LTD NEPAL,BHOLA GOLD,BHOLA GOLD GUTKHA,7.0,PPH,2.14G,,1660737150983-shree ram tobacco udhyog pvt ltd nepal-bhola gold.png,RECODING,5,99764040,99762224,99762263,1
22,2022-08-22,202208,1220102386,1660737150983,99764040,124,SHREE RAM TOBACCO UDHYOG PVT LTD NEPAL,BHOLA GOLD,BHOLA GOLD GUTKHA,7.0,PPH,2.14G,,1660737150983-shree ram tobacco udhyog pvt ltd nepal-bhola gold.png,RECODING,5,99764040,99762224,99762263,1
23,2022-08-22,202208,1220102367,1660737150983,99764040,124,SHREE RAM TOBACCO UDHYOG PVT LTD NEPAL,BHOLA GOLD,BHOLA GOLD GUTKHA,7.0,PPH,2.14G,,1660737150983-shree ram tobacco udhyog pvt ltd nepal-bhola gold.png,RECODING,5,99764040,99762224,99762263,1
24,2022-08-22,202208,1220102370,1660737150983,99764040,124,SHREE RAM TOBACCO UDHYOG PVT LTD NEPAL,BHOLA GOLD,BHOLA GOLD GUTKHA,7.0,PPH,2.14G,,1660737150983-shree ram tobacco udhyog pvt ltd nepal-bhola gold.png,RECODING,5,99764040,99762224,99762263,1
25,2022-08-22,202208,112773162,1660802454619,99764043,118,KOSHI MINIRAL WATER,AQUA GAURISHANKAR,AQUA GAURISANKAR\19\LTD,50.0,JAR,19 LTR,New SKU,1660802454619-koshi miniral water-aqua gaurishankar.png,RECODING,5,99764043,50320,99763478,1
26,2022-08-22,202208,1220199002,1660737150983,99764040,124,SHREE RAM TOBACCO UDHYOG PVT LTD NEPAL,BHOLA GOLD,BHOLA GOLD GUTKHA,7.0,PPH,2.14G,,1660737150983-shree ram tobacco udhyog pvt ltd nepal-bhola gold.png,RECODING,5,99764040,99762224,99762263,1
27,2022-08-22,202208,1220102358,1660737150983,99764040,124,SHREE RAM TOBACCO UDHYOG PVT LTD NEPAL,BHOLA GOLD,BHOLA GOLD GUTKHA,7.0,PPH,2.14G,,1660737150983-shree ram tobacco udhyog pvt ltd nepal-bhola gold.png,RECODING,5,99764040,99762224,99762263,1
28,2022-08-22,202208,1220102351,1660737150983,99764040,124,SHREE RAM TOBACCO UDHYOG PVT LTD NEPAL,BHOLA GOLD,BHOLA GOLD GUTKHA,7.0,PPH,2.14G,,1660737150983-shree ram tobacco udhyog pvt ltd nepal-bhola gold.png,RECODING,5,99764040,99762224,99762263,1
29,2022-08-22,202208,1220100041,1660737150983,99764040,124,SHREE RAM TOBACCO UDHYOG PVT LTD NEPAL,BHOLA GOLD,BHOLA GOLD GUTKHA,7.0,PPH,2.14G,,1660737150983-shree ram tobacco udhyog pvt ltd nepal-bhola gold.png,RECODING,5,99764040,99762224,99762263,1
30,2022-08-22,202208,1220100010,1660737150983,99764040,124,SHREE RAM TOBACCO UDHYOG PVT LTD NEPAL,BHOLA GOLD,BHOLA GOLD GUTKHA,7.0,PPH,2.14G,,1660737150983-shree ram tobacco udhyog pvt ltd nepal-bhola gold.png,RECODING,5,99764040,99762224,99762263,1
31,2022-08-22,202208,1220100004,1660737150983,99764040,124,SHREE RAM TOBACCO UDHYOG PVT LTD NEPAL,BHOLA GOLD,BHOLA GOLD GUTKHA,7.0,PPH,2.14G,,1660737150983-shree ram tobacco udhyog pvt ltd nepal-bhola gold.png,RECODING,5,99764040,99762224,99762263,1
32,2022-08-22,202208,1230399014,1660906497359,99764040,124,SHREE RAM TOBACCO UDHYOG,BHOLA GOLD,BHOLA GOLD GUTKHA PPH 2.14GM,7.0,PPH,2.14GM,,1660906497359-shree ram tobacco udhyog-bhola gold.png,RECODING,5,99764040,99762224,99762263,1
33,2022-08-22,202208,122724947,1660906497359,99764040,124,SHREE RAM TOBACCO UDHYOG,BHOLA GOLD,BHOLA GOLD GUTKHA PPH 2.14GM,7.0,PPH,2.14GM,,1660906497359-shree ram tobacco udhyog-bhola gold.png,RECODING,5,99764040,99762224,99762263,1
34,2022-08-22,202208,1230399001,1660906497359,99764040,124,SHREE RAM TOBACCO UDHYOG,BHOLA GOLD,BHOLA GOLD GUTKHA PPH 2.14GM,7.0,PPH,2.14GM,,1660906497359-shree ram tobacco udhyog-bhola gold.png,RECODING,5,99764040,99762224,99762263,1
35,2022-08-22,202208,122585143,1660906497359,99764040,124,SHREE RAM TOBACCO UDHYOG,BHOLA GOLD,BHOLA GOLD GUTKHA PPH 2.14GM,7.0,PPH,2.14GM,,1660906497359-shree ram tobacco udhyog-bhola gold.png,RECODING,5,99764040,99762224,99762263,1
36,2022-08-22,202208,123095015,1660906497359,99764040,124,SHREE RAM TOBACCO UDHYOG,BHOLA GOLD,BHOLA GOLD GUTKHA PPH 2.14GM,7.0,PPH,2.14GM,,1660906497359-shree ram tobacco udhyog-bhola gold.png,RECODING,5,99764040,99762224,99762263,1
37,2022-08-22,202208,1220100029,1660737150983,99764040,124,SHREE RAM TOBACCO UDHYOG PVT LTD NEPAL,BHOLA GOLD,BHOLA GOLD GUTKHA,7.0,PPH,2.14G,,1660737150983-shree ram tobacco udhyog pvt ltd nepal-bhola gold.png,RECODING,5,99764040,99762224,99762263,1
38,2022-08-22,202208,1220102389,1660737150983,99764040,124,SHREE RAM TOBACCO UDHYOG PVT LTD NEPAL,BHOLA GOLD,BHOLA GOLD GUTKHA,7.0,PPH,2.14G,,1660737150983-shree ram tobacco udhyog pvt ltd nepal-bhola gold.png,RECODING,5,99764040,99762224,99762263,1
39,2022-08-22,202208,1220102392,1660737150983,99764040,124,SHREE RAM TOBACCO UDHYOG PVT LTD NEPAL,BHOLA GOLD,BHOLA GOLD GUTKHA,7.0,PPH,2.14G,,1660737150983-shree ram tobacco udhyog pvt ltd nepal-bhola gold.png,RECODING,5,99764040,99762224,99762263,1
40,2022-08-22,202208,1220102387,1660737150983,99764040,124,SHREE RAM TOBACCO UDHYOG PVT LTD NEPAL,BHOLA GOLD,BHOLA GOLD GUTKHA,7.0,PPH,2.14G,,1660737150983-shree ram tobacco udhyog pvt ltd nepal-bhola gold.png,RECODING,5,99764040,99762224,99762263,1
41,2022-08-22,202208,1220102393,1660737150983,99764040,124,SHREE RAM TOBACCO UDHYOG PVT LTD NEPAL,BHOLA GOLD,BHOLA GOLD GUTKHA,7.0,PPH,2.14G,,1660737150983-shree ram tobacco udhyog pvt ltd nepal-bhola gold.png,RECODING,5,99764040,99762224,99762263,1
42,2022-08-22,202208,1230399007,1660906497359,99764040,124,SHREE RAM TOBACCO UDHYOG,BHOLA GOLD,BHOLA GOLD GUTKHA PPH 2.14GM,7.0,PPH,2.14GM,,1660906497359-shree ram tobacco udhyog-bhola gold.png,RECODING,5,99764040,99762224,99762263,1
43,2022-08-22,202208,122274320,1660906497359,99764040,124,SHREE RAM TOBACCO UDHYOG,BHOLA GOLD,BHOLA GOLD GUTKHA PPH 2.14GM,7.0,PPH,2.14GM,,1660906497359-shree ram tobacco udhyog-bhola gold.png,RECODING,5,99764040,99762224,99762263,1
44,2022-08-22,202208,123116182,1660906497359,99764040,124,SHREE RAM TOBACCO UDHYOG,BHOLA GOLD,BHOLA GOLD GUTKHA PPH 2.14GM,7.0,PPH,2.14GM,,1660906497359-shree ram tobacco udhyog-bhola gold.png,RECODING,5,99764040,99762224,99762263,1
45,2022-08-22,202208,122049038,1660906497359,99764040,124,SHREE RAM TOBACCO UDHYOG,BHOLA GOLD,BHOLA GOLD GUTKHA PPH 2.14GM,7.0,PPH,2.14GM,,1660906497359-shree ram tobacco udhyog-bhola gold.png,RECODING,5,99764040,99762224,99762263,1
46,2022-08-22,202208,1210102769,1660896419492,99764040,124,SHREE RAM TOBACCO UDHYOG,BHOLA GOLD,BHOLA GOLD GUTKHA PPH 2.14 GM. SHREE RAM TOBACCO UDHYOG NEPAL,7.0,PPH,2.14 GM.,,1660896419492-shree ram tobacco udhyog-bhola gold.png,RECODING,5,99764040,99762224,99762263,1
47,2022-08-22,202208,124567392,1660887956687,99764052,130,ISM CORPORATION PVT LTD- INDIA,HONEYMOON DOTTED,HONEYMOON DOTTED/3PCS/CBP,48.0,CBP,3 PCS,,1660887956687-ism corporation pvt ltd- india-honeymoon dotted.png,RECODING,5,99764052,99762510,46581,1
48,2022-08-22,202208,132577913,1660901161006,99764046,122,PATANJALI AYURVED PVT LTD-NEPAL,PATANJALI,PATANJALI \900\GM,100.0,PPH,900GM,,1660901161006-patanjali ayurved pvt ltd-nepal-patanjali.png,RECODING,5,52467,52468,50579,1
49,2022-08-22,202208,1210101123,1660896419492,99764040,124,SHREE RAM TOBACCO UDHYOG,BHOLA GOLD,BHOLA GOLD GUTKHA PPH 2.14 GM. SHREE RAM TOBACCO UDHYOG NEPAL,7.0,PPH,2.14 GM.,,1660896419492-shree ram tobacco udhyog-bhola gold.png,RECODING,5,99764040,99762224,99762263,1
50,2022-08-22,202208,1210102601,1660896419492,99764040,124,SHREE RAM TOBACCO UDHYOG,BHOLA GOLD,BHOLA GOLD GUTKHA PPH 2.14 GM. SHREE RAM TOBACCO UDHYOG NEPAL,7.0,PPH,2.14 GM.,,1660896419492-shree ram tobacco udhyog-bhola gold.png,RECODING,5,99764040,99762224,99762263,1
51,2022-08-22,202208,1210102733,1660896419492,99764040,124,SHREE RAM TOBACCO UDHYOG,BHOLA GOLD,BHOLA GOLD GUTKHA PPH 2.14 GM. SHREE RAM TOBACCO UDHYOG NEPAL,7.0,PPH,2.14 GM.,,1660896419492-shree ram tobacco udhyog-bhola gold.png,RECODING,5,99764040,99762224,99762263,1
52,2022-08-22,202208,1210102728,1660896419492,99764040,124,SHREE RAM TOBACCO UDHYOG,BHOLA GOLD,BHOLA GOLD GUTKHA PPH 2.14 GM. SHREE RAM TOBACCO UDHYOG NEPAL,7.0,PPH,2.14 GM.,Any other reason,1660896419492-shree ram tobacco udhyog-bhola gold.png,RECODING,5,99764040,99762224,99762263,1
53,2022-08-22,202208,2110100465,1660890505180,99764040,124,SHREE RAM TOBACCO UDHYOG,BHOLA GOLD,BHOLA GOLD/PPH/2.14GM,5.0,PPH,2.14GM,,1660890505180-shree ram tobacco udhyog-bhola gold.png,RECODING,5,99764040,99762224,99762263,1
54,2022-08-22,202208,122380503,1660831986849,99764049,123,MAHASHAKTI SOAP & CHEM.- NEPAL,DANFE,DANFE-PURE SOAP PPH 450GM 3PCD PACK,100.0,PPH,450GM 3PCS PACK,,1660831986849-mahashakti soap - chem-- nepal-danfe.png,RECODING,5,99764329,99762904,99763647,1
55,2022-08-22,202208,122380503,1660831850680,99764050,123,MOTI SOAP & CHEMICAL-NEPAL,DHANI,DHANI-EXTRA PPH 200GM,40.0,PPH,200GM,,1660831850680-moti soap - chemical-nepal-dhani.png,RECODING,5,99764050,50290,51507,1
56,2022-08-22,202208,1230399006,1660735527935,99764040,124,SHREE RAM TOBACCO UDHYOG,BHOLA GOLD,BHOLA GOLD GUTKHA 2.14GM PPH,3.0,PPH,2.14GM,,1660735527935-shree ram tobacco udhyog-bhola gold.png,RECODING,5,99764040,99762224,99762263,1
57,2022-08-22,202208,123263350,1660735527935,99764040,124,SHREE RAM TOBACCO UDHYOG,BHOLA GOLD,BHOLA GOLD GUTKHA 2.14GM PPH,7.0,PPH,2.14GM,,1660735527935-shree ram tobacco udhyog-bhola gold.png,RECODING,5,99764040,99762224,99762263,1
58,2022-08-22,202208,1210100754,1660793753431,99764040,124,SHREE RAM TOBACCO UDHYOG,BHOLA GOLD,BHOLA GOLD  PPH.2.14 GM.SHREE RAM TOBACCO UDHYOG NEPAL,7.0,PPH,2.14 GM,,1660793753431-shree ram tobacco udhyog-bhola gold.png,RECODING,5,99764040,99762224,99762263,1
59,2022-08-22,202208,131506983,1660718604474,99764047,122,PRABHU SOAP INDUSTRIES-NEPAL,GHODAGHODI - OXIPOWER ,GHODAGHODI -OXIPOWER \220\GM,20.0,PPH,220 GM,,1660718604474-prabhu soap industries-nepal-ghodaghodi - oxipower .png,RECODING,5,99764047,99763718,99764257,1
60,2022-08-22,202208,128296706,1660732318145,99764051,123,RSPL LTD-INDIA,GHADI ,GHADI/140GM/EWP,8.0,EWP,140GM ,,1660732318145-rspl ltd-india-ghadi .png,RECODING,5,99764051,99763599,99762433,1
61,2022-08-23,202208,130187486,1661147295868,99764053,111,EMAMI LTD. -INDIA,EMAMI 7 OILS IN ONE,EMAMI 7OILS IN ONE/100ML/PBT/FREE BOROPLUS SOAP RS 16,120.0,PBT,100ML,,1661147295868-emami ltd- -india-emami 7 oils in one.png,RECODING,5,99764053,54751,53296,1
62,2022-08-23,202208,124771648,1660897019245,99764054,111,A.S. HERBAL INDUSTRY,LARRY HERBAL ONION OIL,LARRY HERBAL ONION HAIR OIL\50\ML,270.0,PPH,50 ML,New SKU,1660897019245-a-s- herbal industry-larry herbal onion oil.png,RECODING,5,99764054,99764271,54576,1
63,2022-08-23,202208,2110100031,1660890505180,99764040,124,SHREE RAM TOBACCO UDHYOG,BHOLA GOLD,BHOLA GOLD/PPH/2.14GM,5.0,PPH,2.14GM,,1660890505180-shree ram tobacco udhyog-bhola gold.png,RECODING,5,99764040,99762224,99762263,1
64,2022-08-23,202208,2110100038,1660890505180,99764040,124,SHREE RAM TOBACCO UDHYOG,BHOLA GOLD,BHOLA GOLD/PPH/2.14GM,5.0,PPH,2.14GM,,1660890505180-shree ram tobacco udhyog-bhola gold.png,RECODING,5,99764040,99762224,99762263,1
65,2022-08-23,202208,2110100315,1660890505180,99764040,124,SHREE RAM TOBACCO UDHYOG,BHOLA GOLD,BHOLA GOLD/PPH/2.14GM,5.0,PPH,2.14GM,,1660890505180-shree ram tobacco udhyog-bhola gold.png,RECODING,5,99764040,99762224,99762263,1
66,2022-08-23,202208,123131585,1660906497359,99764040,124,SHREE RAM TOBACCO UDHYOG,BHOLA GOLD,BHOLA GOLD GUTKHA PPH 2.14GM,7.0,PPH,2.14GM,,1660906497359-shree ram tobacco udhyog-bhola gold.png,RECODING,5,99764040,99762224,99762263,1
67,2022-08-23,202208,122586931,1660906497359,99764040,124,SHREE RAM TOBACCO UDHYOG,BHOLA GOLD,BHOLA GOLD GUTKHA PPH 2.14GM,7.0,PPH,2.14GM,,1660906497359-shree ram tobacco udhyog-bhola gold.png,RECODING,5,99764040,99762224,99762263,1
68,2022-08-23,202208,122583598,1660906497359,99764040,124,SHREE RAM TOBACCO UDHYOG,BHOLA GOLD,BHOLA GOLD GUTKHA PPH 2.14GM,7.0,PPH,2.14GM,,1660906497359-shree ram tobacco udhyog-bhola gold.png,RECODING,5,99764040,99762224,99762263,1
69,2022-08-23,202208,123461292,1660906497359,99764040,124,SHREE RAM TOBACCO UDHYOG,BHOLA GOLD,BHOLA GOLD GUTKHA PPH 2.14GM,7.0,PPH,2.14GM,,1660906497359-shree ram tobacco udhyog-bhola gold.png,RECODING,5,99764040,99762224,99762263,1
70,2022-08-23,202208,123145969,1660906497359,99764040,124,SHREE RAM TOBACCO UDHYOG,BHOLA GOLD,BHOLA GOLD GUTKHA PPH 2.14GM,7.0,PPH,2.14GM,,1660906497359-shree ram tobacco udhyog-bhola gold.png,RECODING,5,99764040,99762224,99762263,1
71,2022-08-24,202208,1230399004,1660906497359,99764040,124,SHREE RAM TOBACCO UDHYOG,BHOLA GOLD,BHOLA GOLD GUTKHA PPH 2.14GM,7.0,PPH,2.14GM,,1660906497359-shree ram tobacco udhyog-bhola gold.png,RECODING,5,99764040,99762224,99762263,1
72,2022-08-24,202208,1230399003,1660906497359,99764040,124,SHREE RAM TOBACCO UDHYOG,BHOLA GOLD,BHOLA GOLD GUTKHA PPH 2.14GM,7.0,PPH,2.14GM,,1660906497359-shree ram tobacco udhyog-bhola gold.png,RECODING,5,99764040,99762224,99762263,1
73,2022-08-24,202208,123718865,1660906497359,99764040,124,SHREE RAM TOBACCO UDHYOG,BHOLA GOLD,BHOLA GOLD GUTKHA PPH 2.14GM,7.0,PPH,2.14GM,,1660906497359-shree ram tobacco udhyog-bhola gold.png,RECODING,5,99764040,99762224,99762263,1
74,2022-08-24,202208,123154505,1660906497359,99764040,124,SHREE RAM TOBACCO UDHYOG,BHOLA GOLD,BHOLA GOLD GUTKHA PPH 2.14GM,7.0,PPH,2.14GM,,1660906497359-shree ram tobacco udhyog-bhola gold.png,RECODING,5,99764040,99762224,99762263,1
75,2022-08-24,202208,122264617,1660906497359,99764040,124,SHREE RAM TOBACCO UDHYOG,BHOLA GOLD,BHOLA GOLD GUTKHA PPH 2.14GM,7.0,PPH,2.14GM,,1660906497359-shree ram tobacco udhyog-bhola gold.png,RECODING,5,99764040,99762224,99762263,1
76,2022-08-24,202208,122043458,1660906497359,99764040,124,SHREE RAM TOBACCO UDHYOG,BHOLA GOLD,BHOLA GOLD GUTKHA PPH 2.14GM,7.0,PPH,2.14GM,,1660906497359-shree ram tobacco udhyog-bhola gold.png,RECODING,5,99764040,99762224,99762263,1
77,2022-08-24,202208,122256593,1660906497359,99764040,124,SHREE RAM TOBACCO UDHYOG,BHOLA GOLD,BHOLA GOLD GUTKHA PPH 2.14GM,7.0,PPH,2.14GM,,1660906497359-shree ram tobacco udhyog-bhola gold.png,RECODING,5,99764040,99762224,99762263,1
78,2022-08-24,202208,121758245,1660906497359,99764040,124,SHREE RAM TOBACCO UDHYOG,BHOLA GOLD,BHOLA GOLD GUTKHA PPH 2.14GM,7.0,PPH,2.14GM,,1660906497359-shree ram tobacco udhyog-bhola gold.png,RECODING,5,99764040,99762224,99762263,1
79,2022-08-24,202208,1220102403,1661173794865,99764040,124,SHREE  RAM TOBACCO UDHYOG PVT LTD NEPAL,BHOLA GOLD,BHOLA GOLD GUTKHA ,7.0,PPH,2.14G,,1661173794865-shree  ram tobacco udhyog pvt ltd nepal-bhola gold.png,RECODING,5,99764040,99762224,99762263,1
80,2022-08-24,202208,1220102402,1661173794865,99764040,124,SHREE  RAM TOBACCO UDHYOG PVT LTD NEPAL,BHOLA GOLD,BHOLA GOLD GUTKHA ,7.0,PPH,2.14G,,1661173794865-shree  ram tobacco udhyog pvt ltd nepal-bhola gold.png,RECODING,5,99764040,99762224,99762263,1
81,2022-08-24,202208,1220102401,1661173794865,99764040,124,SHREE  RAM TOBACCO UDHYOG PVT LTD NEPAL,BHOLA GOLD,BHOLA GOLD GUTKHA ,7.0,PPH,2.14G,,1661173794865-shree  ram tobacco udhyog pvt ltd nepal-bhola gold.png,RECODING,5,99764040,99762224,99762263,1
82,2022-08-24,202208,1220102404,1661173794865,99764040,124,SHREE  RAM TOBACCO UDHYOG PVT LTD NEPAL,BHOLA GOLD,BHOLA GOLD GUTKHA ,7.0,PPH,2.14G,,1661173794865-shree  ram tobacco udhyog pvt ltd nepal-bhola gold.png,RECODING,5,99764040,99762224,99762263,1
83,2022-08-24,202208,1220102399,1661173794865,99764040,124,SHREE  RAM TOBACCO UDHYOG PVT LTD NEPAL,BHOLA GOLD,BHOLA GOLD GUTKHA ,7.0,PPH,2.14G,,1661173794865-shree  ram tobacco udhyog pvt ltd nepal-bhola gold.png,RECODING,5,99764040,99762224,99762263,1
84,2022-08-24,202208,1220100059,1661173794865,99764040,124,SHREE  RAM TOBACCO UDHYOG PVT LTD NEPAL,BHOLA GOLD,BHOLA GOLD GUTKHA ,7.0,PPH,2.14G,,1661173794865-shree  ram tobacco udhyog pvt ltd nepal-bhola gold.png,RECODING,5,99764040,99762224,99762263,1
85,2022-08-24,202208,1220100055,1661173794865,99764040,124,SHREE  RAM TOBACCO UDHYOG PVT LTD NEPAL,BHOLA GOLD,BHOLA GOLD GUTKHA ,7.0,PPH,2.14G,,1661173794865-shree  ram tobacco udhyog pvt ltd nepal-bhola gold.png,RECODING,5,99764040,99762224,99762263,1
86,2022-08-24,202208,1220102391,1661173794865,99764040,124,SHREE  RAM TOBACCO UDHYOG PVT LTD NEPAL,BHOLA GOLD,BHOLA GOLD GUTKHA ,7.0,PPH,2.14G,,1661173794865-shree  ram tobacco udhyog pvt ltd nepal-bhola gold.png,RECODING,5,99764040,99762224,99762263,1
87,2022-08-24,202208,1220102390,1661173794865,99764040,124,SHREE  RAM TOBACCO UDHYOG PVT LTD NEPAL,BHOLA GOLD,BHOLA GOLD GUTKHA ,7.0,PPH,2.14G,,1661173794865-shree  ram tobacco udhyog pvt ltd nepal-bhola gold.png,RECODING,5,99764040,99762224,99762263,1
88,2022-08-24,202208,1220102381,1661173794865,99764040,124,SHREE  RAM TOBACCO UDHYOG PVT LTD NEPAL,BHOLA GOLD,BHOLA GOLD GUTKHA ,7.0,PPH,2.14G,,1661173794865-shree  ram tobacco udhyog pvt ltd nepal-bhola gold.png,RECODING,5,99764040,99762224,99762263,1
89,2022-08-24,202208,1220102373,1661173794865,99764040,124,SHREE  RAM TOBACCO UDHYOG PVT LTD NEPAL,BHOLA GOLD,BHOLA GOLD GUTKHA ,7.0,PPH,2.14G,,1661173794865-shree  ram tobacco udhyog pvt ltd nepal-bhola gold.png,RECODING,5,99764040,99762224,99762263,1
90,2022-08-24,202208,1220102369,1661173794865,99764040,124,SHREE  RAM TOBACCO UDHYOG PVT LTD NEPAL,BHOLA GOLD,BHOLA GOLD GUTKHA ,7.0,PPH,2.14G,,1661173794865-shree  ram tobacco udhyog pvt ltd nepal-bhola gold.png,RECODING,5,99764040,99762224,99762263,1
91,2022-08-24,202208,1220100052,1661173794865,99764040,124,SHREE  RAM TOBACCO UDHYOG PVT LTD NEPAL,BHOLA GOLD,BHOLA GOLD GUTKHA ,7.0,PPH,2.14G,,1661173794865-shree  ram tobacco udhyog pvt ltd nepal-bhola gold.png,RECODING,5,99764040,99762224,99762263,1
92,2022-08-24,202208,1210101689,1660896419492,99764040,124,SHREE RAM TOBACCO UDHYOG,BHOLA GOLD,BHOLA GOLD GUTKHA PPH 2.14 GM. SHREE RAM TOBACCO UDHYOG NEPAL,7.0,PPH,2.14 GM.,,1660896419492-shree ram tobacco udhyog-bhola gold.png,RECODING,5,99764040,99762224,99762263,1
93,2022-08-24,202208,111527867,1660992767913,99764055,111,MARICO LIMITED - INDIA,PARACHUTE COCONUT OIL,PARACHUTE COCONUT OIL PBT 175 ML.,160.0,PBT,175 ML.,,1660992767913-marico limited - india-parachute coconut oil.png,RECODING,5,99763888,53084,99764196,1
94,2022-08-24,202208,112141235,1661155175814,99764056,118,MEGA JAL PVT.LTD.MEPAL,MEGA JAL PBT.1000 ML.,MEGA JAL PBT. 1000 ML. RS.20.00,20.0,PBT,1000 ML,,1661155175814-mega jal pvt-ltd-mepal-mega jal pbt-1000 ml-.png,RECODING,5,99764056,40120925,99765157,1
95,2022-08-24,202208,124683707,1661240828948,99764058,122,DINESH SOAP & HOUSEHOLD-NPL,SHILPA ADVANCE,SHILPA ADVANCE/LEMON FRESH/700GM/PPH,70.0,PPH,700GM ,,1661240828948-dinesh soap - household-npl-shilpa advance.png,RECODING,5,99764058,99764057,99762803,1
96,2022-08-24,202208,124683707,1661240715286,99764057,122,DINESH SOAP & HOUSEHOLD-NPL,SHILPA ADVANCE,SHILPA ADVANCE/LEMON FRESH/200GM/PPH,20.0,PPH,200GM ,,1661240715286-dinesh soap - household-npl-shilpa advance.png,RECODING,5,99764057,99764058,99762803,1
97,2022-08-24,202208,2110100291,1661236549890,99764040,124,SHREE RAM TOBACCO UDHYOG,BHOLA GOLD,BHOLA GOLD/2.14GM,5.0,PPH,2.14,,1661236549890-shree ram tobacco udhyog-bhola gold.png,RECODING,5,99764040,99762224,99762263,1
98,2022-08-24,202208,122041029,1660906497359,99764040,124,SHREE RAM TOBACCO UDHYOG,BHOLA GOLD,BHOLA GOLD GUTKHA PPH 2.14GM,7.0,PPH,2.14GM,,1660906497359-shree ram tobacco udhyog-bhola gold.png,RECODING,5,99764040,99762224,99762263,1
99,2022-08-24,202208,123328648,1660906497359,99764040,124,SHREE RAM TOBACCO UDHYOG,BHOLA GOLD,BHOLA GOLD GUTKHA PPH 2.14GM,7.0,PPH,2.14GM,,1660906497359-shree ram tobacco udhyog-bhola gold.png,RECODING,5,99764040,99762224,99762263,1
100,2022-08-24,202208,123238131,1660906497359,99764040,124,SHREE RAM TOBACCO UDHYOG,BHOLA GOLD,BHOLA GOLD GUTKHA PPH 2.14GM,7.0,PPH,2.14GM,,1660906497359-shree ram tobacco udhyog-bhola gold.png,RECODING,5,99764040,99762224,99762263,1
101,2022-08-24,202208,121892225,1660906497359,99764040,124,SHREE RAM TOBACCO UDHYOG,BHOLA GOLD,BHOLA GOLD GUTKHA PPH 2.14GM,7.0,PPH,2.14GM,,1660906497359-shree ram tobacco udhyog-bhola gold.png,RECODING,5,99764040,99762224,99762263,1
102,2022-08-24,202208,123578830,1660906497359,99764040,124,SHREE RAM TOBACCO UDHYOG,BHOLA GOLD,BHOLA GOLD GUTKHA PPH 2.14GM,7.0,PPH,2.14GM,,1660906497359-shree ram tobacco udhyog-bhola gold.png,RECODING,5,99764040,99762224,99762263,1
103,2022-08-24,202208,1210101577,1660896419492,99764040,124,SHREE RAM TOBACCO UDHYOG,BHOLA GOLD,BHOLA GOLD GUTKHA PPH 2.14 GM. SHREE RAM TOBACCO UDHYOG NEPAL,7.0,PPH,2.14 GM.,,1660896419492-shree ram tobacco udhyog-bhola gold.png,RECODING,5,99764040,99762224,99762263,1
104,2022-08-24,202208,1210101586,1660896419492,99764040,124,SHREE RAM TOBACCO UDHYOG,BHOLA GOLD,BHOLA GOLD GUTKHA PPH 2.14 GM. SHREE RAM TOBACCO UDHYOG NEPAL,7.0,PPH,2.14 GM.,,1660896419492-shree ram tobacco udhyog-bhola gold.png,RECODING,5,99764040,99762224,99762263,1
105,2022-08-24,202208,1210101790,1660896419492,99764040,124,SHREE RAM TOBACCO UDHYOG,BHOLA GOLD,BHOLA GOLD GUTKHA PPH 2.14 GM. SHREE RAM TOBACCO UDHYOG NEPAL,7.0,PPH,2.14 GM.,,1660896419492-shree ram tobacco udhyog-bhola gold.png,RECODING,5,99764040,99762224,99762263,1
106,2022-08-24,202208,1210102751,1660896419492,99764040,124,SHREE RAM TOBACCO UDHYOG,BHOLA GOLD,BHOLA GOLD GUTKHA PPH 2.14 GM. SHREE RAM TOBACCO UDHYOG NEPAL,7.0,PPH,2.14 GM.,,1660896419492-shree ram tobacco udhyog-bhola gold.png,RECODING,5,99764040,99762224,99762263,1
107,2022-08-24,202208,1210102774,1660896419492,99764040,124,SHREE RAM TOBACCO UDHYOG,BHOLA GOLD,BHOLA GOLD GUTKHA PPH 2.14 GM. SHREE RAM TOBACCO UDHYOG NEPAL,7.0,PPH,2.14 GM.,,1660896419492-shree ram tobacco udhyog-bhola gold.png,RECODING,5,99764040,99762224,99762263,1
108,2022-08-24,202208,1210100226,1660896419492,99764040,124,SHREE RAM TOBACCO UDHYOG,BHOLA GOLD,BHOLA GOLD GUTKHA PPH 2.14 GM. SHREE RAM TOBACCO UDHYOG NEPAL,7.0,PPH,2.14 GM.,,1660896419492-shree ram tobacco udhyog-bhola gold.png,RECODING,5,99764040,99762224,99762263,1
109,2022-08-24,202208,1210100769,1660896419492,99764040,124,SHREE RAM TOBACCO UDHYOG,BHOLA GOLD,BHOLA GOLD GUTKHA PPH 2.14 GM. SHREE RAM TOBACCO UDHYOG NEPAL,7.0,PPH,2.14 GM.,,1660896419492-shree ram tobacco udhyog-bhola gold.png,RECODING,5,99764040,99762224,99762263,1
110,2022-08-24,202208,1210101382,1660896419492,99764040,124,SHREE RAM TOBACCO UDHYOG,BHOLA GOLD,BHOLA GOLD GUTKHA PPH 2.14 GM. SHREE RAM TOBACCO UDHYOG NEPAL,7.0,PPH,2.14 GM.,,1660896419492-shree ram tobacco udhyog-bhola gold.png,RECODING,5,99764040,99762224,99762263,1
111,2022-08-24,202208,1210100651,1660896419492,99764040,124,SHREE RAM TOBACCO UDHYOG,BHOLA GOLD,BHOLA GOLD GUTKHA PPH 2.14 GM. SHREE RAM TOBACCO UDHYOG NEPAL,7.0,PPH,2.14 GM.,,1660896419492-shree ram tobacco udhyog-bhola gold.png,RECODING,5,99764040,99762224,99762263,1
112,2022-08-24,202208,111982481,1661155175814,99764056,118,MEGA JAL PVT.LTD.MEPAL,MEGA JAL PBT.1000 ML.,MEGA JAL PBT. 1000 ML. RS.20.00,20.0,PBT,1000 ML,,1661155175814-mega jal pvt-ltd-mepal-mega jal pbt-1000 ml-.png,RECODING,5,99764056,40120925,99765157,1
113,2022-08-24,202208,112167852,1661155175814,99764056,118,MEGA JAL PVT.LTD.MEPAL,MEGA JAL PBT.1000 ML.,MEGA JAL PBT. 1000 ML. RS.20.00,20.0,PBT,1000 ML,,1661155175814-mega jal pvt-ltd-mepal-mega jal pbt-1000 ml-.png,RECODING,5,99764056,40120925,99765157,1
114,2022-08-24,202208,1210102770,1660896419492,99764040,124,SHREE RAM TOBACCO UDHYOG,BHOLA GOLD,BHOLA GOLD GUTKHA PPH 2.14 GM. SHREE RAM TOBACCO UDHYOG NEPAL,7.0,PPH,2.14 GM.,,1660896419492-shree ram tobacco udhyog-bhola gold.png,RECODING,5,99764040,99762224,99762263,1
115,2022-08-24,202208,1210102772,1660896419492,99764040,124,SHREE RAM TOBACCO UDHYOG,BHOLA GOLD,BHOLA GOLD GUTKHA PPH 2.14 GM. SHREE RAM TOBACCO UDHYOG NEPAL,7.0,PPH,2.14 GM.,,1660896419492-shree ram tobacco udhyog-bhola gold.png,RECODING,5,99764040,99762224,99762263,1
116,2022-08-24,202208,1210100020,1660896419492,99764040,124,SHREE RAM TOBACCO UDHYOG,BHOLA GOLD,BHOLA GOLD GUTKHA PPH 2.14 GM. SHREE RAM TOBACCO UDHYOG NEPAL,7.0,PPH,2.14 GM.,,1660896419492-shree ram tobacco udhyog-bhola gold.png,RECODING,5,99764040,99762224,99762263,1
117,2022-08-24,202208,111740547,1660992767913,99764055,111,MARICO LIMITED - INDIA,PARACHUTE COCONUT OIL,PARACHUTE COCONUT OIL PBT 175 ML.,160.0,PBT,175 ML.,,1660992767913-marico limited - india-parachute coconut oil.png,RECODING,5,99763888,53084,99764196,1
118,2022-08-24,202208,1210102147,1660896419492,99764040,124,SHREE RAM TOBACCO UDHYOG,BHOLA GOLD,BHOLA GOLD GUTKHA PPH 2.14 GM. SHREE RAM TOBACCO UDHYOG NEPAL,7.0,PPH,2.14 GM.,,1660896419492-shree ram tobacco udhyog-bhola gold.png,RECODING,5,99764040,99762224,99762263,1
119,2022-08-24,202208,1210101757,1660896419492,99764040,124,SHREE RAM TOBACCO UDHYOG,BHOLA GOLD,BHOLA GOLD GUTKHA PPH 2.14 GM. SHREE RAM TOBACCO UDHYOG NEPAL,7.0,PPH,2.14 GM.,,1660896419492-shree ram tobacco udhyog-bhola gold.png,RECODING,5,99764040,99762224,99762263,1
120,2022-08-24,202208,1210102765,1660896419492,99764040,124,SHREE RAM TOBACCO UDHYOG,BHOLA GOLD,BHOLA GOLD GUTKHA PPH 2.14 GM. SHREE RAM TOBACCO UDHYOG NEPAL,7.0,PPH,2.14 GM.,,1660896419492-shree ram tobacco udhyog-bhola gold.png,RECODING,5,99764040,99762224,99762263,1
121,2022-08-24,202208,1210100608,1660896419492,99764040,124,SHREE RAM TOBACCO UDHYOG,BHOLA GOLD,BHOLA GOLD GUTKHA PPH 2.14 GM. SHREE RAM TOBACCO UDHYOG NEPAL,7.0,PPH,2.14 GM.,,1660896419492-shree ram tobacco udhyog-bhola gold.png,RECODING,5,99764040,99762224,99762263,1
122,2022-08-24,202208,1210102421,1660896419492,99764040,124,SHREE RAM TOBACCO UDHYOG,BHOLA GOLD,BHOLA GOLD GUTKHA PPH 2.14 GM. SHREE RAM TOBACCO UDHYOG NEPAL,7.0,PPH,2.14 GM.,,1660896419492-shree ram tobacco udhyog-bhola gold.png,RECODING,5,99764040,99762224,99762263,1
123,2022-08-24,202208,1210102766,1660896419492,99764040,124,SHREE RAM TOBACCO UDHYOG,BHOLA GOLD,BHOLA GOLD GUTKHA PPH 2.14 GM. SHREE RAM TOBACCO UDHYOG NEPAL,7.0,PPH,2.14 GM.,,1660896419492-shree ram tobacco udhyog-bhola gold.png,RECODING,5,99764040,99762224,99762263,1
124,2022-08-24,202208,1210101520,1660896419492,99764040,124,SHREE RAM TOBACCO UDHYOG,BHOLA GOLD,BHOLA GOLD GUTKHA PPH 2.14 GM. SHREE RAM TOBACCO UDHYOG NEPAL,7.0,PPH,2.14 GM.,,1660896419492-shree ram tobacco udhyog-bhola gold.png,RECODING,5,99764040,99762224,99762263,1
125,2022-08-24,202208,1210100079,1660896419492,99764040,124,SHREE RAM TOBACCO UDHYOG,BHOLA GOLD,BHOLA GOLD GUTKHA PPH 2.14 GM. SHREE RAM TOBACCO UDHYOG NEPAL,7.0,PPH,2.14 GM.,,1660896419492-shree ram tobacco udhyog-bhola gold.png,RECODING,5,99764040,99762224,99762263,1
126,2022-08-25,202208,1230399009,1660906497359,99764040,124,SHREE RAM TOBACCO UDHYOG,BHOLA GOLD,BHOLA GOLD GUTKHA PPH 2.14GM,7.0,PPH,2.14GM,,1660906497359-shree ram tobacco udhyog-bhola gold.png,RECODING,5,99764040,99762224,99762263,1
127,2022-08-25,202208,122256555,1660906497359,99764040,124,SHREE RAM TOBACCO UDHYOG,BHOLA GOLD,BHOLA GOLD GUTKHA PPH 2.14GM,7.0,PPH,2.14GM,,1660906497359-shree ram tobacco udhyog-bhola gold.png,RECODING,5,99764040,99762224,99762263,1
128,2022-08-25,202208,122397050,1660906497359,99764040,124,SHREE RAM TOBACCO UDHYOG,BHOLA GOLD,BHOLA GOLD GUTKHA PPH 2.14GM,7.0,PPH,2.14GM,,1660906497359-shree ram tobacco udhyog-bhola gold.png,RECODING,5,99764040,99762224,99762263,1
129,2022-08-25,202208,1230399013,1660906497359,99764040,124,SHREE RAM TOBACCO UDHYOG,BHOLA GOLD,BHOLA GOLD GUTKHA PPH 2.14GM,7.0,PPH,2.14GM,,1660906497359-shree ram tobacco udhyog-bhola gold.png,RECODING,5,99764040,99762224,99762263,1
130,2022-08-25,202208,1230399016,1660906497359,99764040,124,SHREE RAM TOBACCO UDHYOG,BHOLA GOLD,BHOLA GOLD GUTKHA PPH 2.14GM,7.0,PPH,2.14GM,,1660906497359-shree ram tobacco udhyog-bhola gold.png,RECODING,5,99764040,99762224,99762263,1
131,2022-08-25,202208,122358142,1660906497359,99764040,124,SHREE RAM TOBACCO UDHYOG,BHOLA GOLD,BHOLA GOLD GUTKHA PPH 2.14GM,7.0,PPH,2.14GM,,1660906497359-shree ram tobacco udhyog-bhola gold.png,RECODING,5,99764040,99762224,99762263,1
132,2022-08-25,202208,122275656,1660906497359,99764040,124,SHREE RAM TOBACCO UDHYOG,BHOLA GOLD,BHOLA GOLD GUTKHA PPH 2.14GM,7.0,PPH,2.14GM,,1660906497359-shree ram tobacco udhyog-bhola gold.png,RECODING,5,99764040,99762224,99762263,1
133,2022-08-25,202208,122007778,1660906497359,99764040,124,SHREE RAM TOBACCO UDHYOG,BHOLA GOLD,BHOLA GOLD GUTKHA PPH 2.14GM,7.0,PPH,2.14GM,,1660906497359-shree ram tobacco udhyog-bhola gold.png,RECODING,5,99764040,99762224,99762263,1
134,2022-08-25,202208,122191481,1660906497359,99764040,124,SHREE RAM TOBACCO UDHYOG,BHOLA GOLD,BHOLA GOLD GUTKHA PPH 2.14GM,7.0,PPH,2.14GM,,1660906497359-shree ram tobacco udhyog-bhola gold.png,RECODING,5,99764040,99762224,99762263,1
135,2022-08-25,202208,121819810,1660906497359,99764040,124,SHREE RAM TOBACCO UDHYOG,BHOLA GOLD,BHOLA GOLD GUTKHA PPH 2.14GM,7.0,PPH,2.14GM,,1660906497359-shree ram tobacco udhyog-bhola gold.png,RECODING,5,99764040,99762224,99762263,1
136,2022-08-25,202208,1230399005,1660906497359,99764040,124,SHREE RAM TOBACCO UDHYOG,BHOLA GOLD,BHOLA GOLD GUTKHA PPH 2.14GM,7.0,PPH,2.14GM,,1660906497359-shree ram tobacco udhyog-bhola gold.png,RECODING,5,99764040,99762224,99762263,1
137,2022-08-25,202208,1230399008,1660906497359,99764040,124,SHREE RAM TOBACCO UDHYOG,BHOLA GOLD,BHOLA GOLD GUTKHA PPH 2.14GM,7.0,PPH,2.14GM,,1660906497359-shree ram tobacco udhyog-bhola gold.png,RECODING,5,99764040,99762224,99762263,1
138,2022-08-25,202208,122557165,1660906497359,99764040,124,SHREE RAM TOBACCO UDHYOG,BHOLA GOLD,BHOLA GOLD GUTKHA PPH 2.14GM,7.0,PPH,2.14GM,,1660906497359-shree ram tobacco udhyog-bhola gold.png,RECODING,5,99764040,99762224,99762263,1
139,2022-08-25,202208,122152893,1660906497359,99764040,124,SHREE RAM TOBACCO UDHYOG,BHOLA GOLD,BHOLA GOLD GUTKHA PPH 2.14GM,7.0,PPH,2.14GM,,1660906497359-shree ram tobacco udhyog-bhola gold.png,RECODING,5,99764040,99762224,99762263,1
140,2022-08-25,202208,122544567,1660906497359,99764040,124,SHREE RAM TOBACCO UDHYOG,BHOLA GOLD,BHOLA GOLD GUTKHA PPH 2.14GM,7.0,PPH,2.14GM,,1660906497359-shree ram tobacco udhyog-bhola gold.png,RECODING,5,99764040,99762224,99762263,1
141,2022-08-25,202208,124902886,1661334915849,99764059,123,RAM AUTAR INDUSTRIES INDIA ,KING ACTIVE ,KING ACTIVE/DETERGENT CAKE/210GM/PPH/FREE 50GM,16.0,PPH,210GM,,1661334915849-ram autar industries india -king active .png,RECODING,5,99764059,99764305,54982,1
142,2022-08-25,202208,123877049,1661323677943,99764067,123,HIMGIRI HYGIENE PVT LTD-NEPAL,BIJAYA SUPER,BIJAYA SUPER \250\GM,45.0,PPH,250 GM,New SKU,1661323677943-himgiri hygiene pvt ltd-nepal-bijaya super.png,RECODING,5,99763506,99763248,99763163,1
143,2022-08-25,202208,2110115984,1661236549890,99764040,124,SHREE RAM TOBACCO UDHYOG,BHOLA GOLD,BHOLA GOLD/2.14GM,5.0,PPH,2.14,,1661236549890-shree ram tobacco udhyog-bhola gold.png,RECODING,5,99764040,99762224,99762263,1
144,2022-08-25,202208,2110115997,1661236549890,99764040,124,SHREE RAM TOBACCO UDHYOG,BHOLA GOLD,BHOLA GOLD/2.14GM,5.0,PPH,2.14,,1661236549890-shree ram tobacco udhyog-bhola gold.png,RECODING,5,99764040,99762224,99762263,1
145,2022-08-25,202208,2110100468,1661236549890,99764040,124,SHREE RAM TOBACCO UDHYOG,BHOLA GOLD,BHOLA GOLD/2.14GM,5.0,PPH,2.14,,1661236549890-shree ram tobacco udhyog-bhola gold.png,RECODING,5,99764040,99762224,99762263,1
146,2022-08-25,202208,2110100576,1661236549890,99764040,124,SHREE RAM TOBACCO UDHYOG,BHOLA GOLD,BHOLA GOLD/2.14GM,5.0,PPH,2.14,,1661236549890-shree ram tobacco udhyog-bhola gold.png,RECODING,5,99764040,99762224,99762263,1
147,2022-08-26,202208,130486710,1661408356280,99764060,106,SARAS HOME PRODUCTS,HAZAM MAZZA,HAZAM MAZZA/CHURAN KI GOLI/3GM/PPH,2.0,PPH,3GM,,1661408356280-saras home products-hazam mazza.png,RECODING,5,99764060,99764531,99764061,1
148,2022-08-26,202208,130486710,1661408166984,99764061,106,SARAS HOME PRODUCTS,PAN SUGHANDH,PAN SUGANDH/3GM/PPH,2.0,PPH,3GM,,1661408166984-saras home products-pan sughandh.png,RECODING,5,99764061,99764532,91826242,1
149,2022-08-26,202208,1210100709,1660896419492,99764040,124,SHREE RAM TOBACCO UDHYOG,BHOLA GOLD,BHOLA GOLD GUTKHA PPH 2.14 GM. SHREE RAM TOBACCO UDHYOG NEPAL,7.0,PPH,2.14 GM.,,1660896419492-shree ram tobacco udhyog-bhola gold.png,RECODING,5,99764040,99762224,99762263,1
150,2022-08-26,202208,1210100002,1660896419492,99764040,124,SHREE RAM TOBACCO UDHYOG,BHOLA GOLD,BHOLA GOLD GUTKHA PPH 2.14 GM. SHREE RAM TOBACCO UDHYOG NEPAL,7.0,PPH,2.14 GM.,,1660896419492-shree ram tobacco udhyog-bhola gold.png,RECODING,5,99764040,99762224,99762263,1
151,2022-08-26,202208,111909057,1661412594441,99764062,122,KALASH SOAP INDUSTRIES PVT.LTD,JUNI,JUNI/PPH500GM,60.0,PPH,500GM,,1661412594441-kalash soap industries pvt-ltd-juni.png,RECODING,5,99764062,99764590,99764379,1
152,2022-08-26,202208,121995980,1660906497359,99764040,124,SHREE RAM TOBACCO UDHYOG,BHOLA GOLD,BHOLA GOLD GUTKHA PPH 2.14GM,7.0,PPH,2.14GM,,1660906497359-shree ram tobacco udhyog-bhola gold.png,RECODING,5,99764040,99762224,99762263,1
153,2022-08-26,202208,1230399011,1660906497359,99764040,124,SHREE RAM TOBACCO UDHYOG,BHOLA GOLD,BHOLA GOLD GUTKHA PPH 2.14GM,7.0,PPH,2.14GM,,1660906497359-shree ram tobacco udhyog-bhola gold.png,RECODING,5,99764040,99762224,99762263,1
154,2022-08-26,202208,123325807,1660906497359,99764040,124,SHREE RAM TOBACCO UDHYOG,BHOLA GOLD,BHOLA GOLD GUTKHA PPH 2.14GM,7.0,PPH,2.14GM,,1660906497359-shree ram tobacco udhyog-bhola gold.png,RECODING,5,99764040,99762224,99762263,1
155,2022-08-26,202208,123657650,1660906497359,99764040,124,SHREE RAM TOBACCO UDHYOG,BHOLA GOLD,BHOLA GOLD GUTKHA PPH 2.14GM,7.0,PPH,2.14GM,,1660906497359-shree ram tobacco udhyog-bhola gold.png,RECODING,5,99764040,99762224,99762263,1
156,2022-08-26,202208,122002412,1661410304392,99764063,118,AGRO THAI FOODS PVT LTD-NEPAL,MAX TIGER,MAX TIGER ENERGY DRINK SUGER FREE CAN 250ML+80ML EXTRA,150.0,CAN,330ML(250ML+80ML EXTRA),,1661410304392-agro thai foods pvt ltd-nepal-max tiger.png,RECODING,5,99764063,99762383,99763747,1
157,2022-08-26,202208,1210101501,1660896419492,99764040,124,SHREE RAM TOBACCO UDHYOG,BHOLA GOLD,BHOLA GOLD GUTKHA PPH 2.14 GM. SHREE RAM TOBACCO UDHYOG NEPAL,7.0,PPH,2.14 GM.,,1660896419492-shree ram tobacco udhyog-bhola gold.png,RECODING,5,99764040,99762224,99762263,1
158,2022-08-26,202208,1210100158,1660896419492,99764040,124,SHREE RAM TOBACCO UDHYOG,BHOLA GOLD,BHOLA GOLD GUTKHA PPH 2.14 GM. SHREE RAM TOBACCO UDHYOG NEPAL,7.0,PPH,2.14 GM.,,1660896419492-shree ram tobacco udhyog-bhola gold.png,RECODING,5,99764040,99762224,99762263,1
159,2022-08-26,202208,1210100766,1660896419492,99764040,124,SHREE RAM TOBACCO UDHYOG,BHOLA GOLD,BHOLA GOLD GUTKHA PPH 2.14 GM. SHREE RAM TOBACCO UDHYOG NEPAL,7.0,PPH,2.14 GM.,,1660896419492-shree ram tobacco udhyog-bhola gold.png,RECODING,5,99764040,99762224,99762263,1
160,2022-08-26,202208,1210102747,1660896419492,99764040,124,SHREE RAM TOBACCO UDHYOG,BHOLA GOLD,BHOLA GOLD GUTKHA PPH 2.14 GM. SHREE RAM TOBACCO UDHYOG NEPAL,7.0,PPH,2.14 GM.,,1660896419492-shree ram tobacco udhyog-bhola gold.png,RECODING,5,99764040,99762224,99762263,1
161,2022-08-26,202208,1210102743,1660896419492,99764040,124,SHREE RAM TOBACCO UDHYOG,BHOLA GOLD,BHOLA GOLD GUTKHA PPH 2.14 GM. SHREE RAM TOBACCO UDHYOG NEPAL,7.0,PPH,2.14 GM.,,1660896419492-shree ram tobacco udhyog-bhola gold.png,RECODING,5,99764040,99762224,99762263,1
162,2022-08-26,202208,1210101196,1660896419492,99764040,124,SHREE RAM TOBACCO UDHYOG,BHOLA GOLD,BHOLA GOLD GUTKHA PPH 2.14 GM. SHREE RAM TOBACCO UDHYOG NEPAL,7.0,PPH,2.14 GM.,Any other reason,1660896419492-shree ram tobacco udhyog-bhola gold.png,RECODING,5,99764040,99762224,99762263,1
163,2022-08-26,202208,1210102598,1660896419492,99764040,124,SHREE RAM TOBACCO UDHYOG,BHOLA GOLD,BHOLA GOLD GUTKHA PPH 2.14 GM. SHREE RAM TOBACCO UDHYOG NEPAL,7.0,PPH,2.14 GM.,,1660896419492-shree ram tobacco udhyog-bhola gold.png,RECODING,5,99764040,99762224,99762263,1
164,2022-08-26,202208,1210102732,1660896419492,99764040,124,SHREE RAM TOBACCO UDHYOG,BHOLA GOLD,BHOLA GOLD GUTKHA PPH 2.14 GM. SHREE RAM TOBACCO UDHYOG NEPAL,7.0,PPH,2.14 GM.,Any other reason,1660896419492-shree ram tobacco udhyog-bhola gold.png,RECODING,5,99764040,99762224,99762263,1
165,2022-08-26,202208,1210100433,1660896419492,99764040,124,SHREE RAM TOBACCO UDHYOG,BHOLA GOLD,BHOLA GOLD GUTKHA PPH 2.14 GM. SHREE RAM TOBACCO UDHYOG NEPAL,7.0,PPH,2.14 GM.,,1660896419492-shree ram tobacco udhyog-bhola gold.png,RECODING,5,99764040,99762224,99762263,1
166,2022-08-26,202208,1210102741,1660896419492,99764040,124,SHREE RAM TOBACCO UDHYOG,BHOLA GOLD,BHOLA GOLD GUTKHA PPH 2.14 GM. SHREE RAM TOBACCO UDHYOG NEPAL,7.0,PPH,2.14 GM.,,1660896419492-shree ram tobacco udhyog-bhola gold.png,RECODING,5,99764040,99762224,99762263,1
167,2022-08-26,202208,1210100144,1660896419492,99764040,124,SHREE RAM TOBACCO UDHYOG,BHOLA GOLD,BHOLA GOLD GUTKHA PPH 2.14 GM. SHREE RAM TOBACCO UDHYOG NEPAL,7.0,PPH,2.14 GM.,Any other reason,1660896419492-shree ram tobacco udhyog-bhola gold.png,RECODING,5,99764040,99762224,99762263,1
168,2022-08-26,202208,1210102727,1660896419492,99764040,124,SHREE RAM TOBACCO UDHYOG,BHOLA GOLD,BHOLA GOLD GUTKHA PPH 2.14 GM. SHREE RAM TOBACCO UDHYOG NEPAL,7.0,PPH,2.14 GM.,,1660896419492-shree ram tobacco udhyog-bhola gold.png,RECODING,5,99764040,99762224,99762263,1
169,2022-08-26,202208,1210100666,1660896419492,99764040,124,SHREE RAM TOBACCO UDHYOG,BHOLA GOLD,BHOLA GOLD GUTKHA PPH 2.14 GM. SHREE RAM TOBACCO UDHYOG NEPAL,7.0,PPH,2.14 GM.,Any other reason,1660896419492-shree ram tobacco udhyog-bhola gold.png,RECODING,5,99764040,99762224,99762263,1
170,2022-08-26,202208,121999176,1660906497359,99764040,124,SHREE RAM TOBACCO UDHYOG,BHOLA GOLD,BHOLA GOLD GUTKHA PPH 2.14GM,7.0,PPH,2.14GM,,1660906497359-shree ram tobacco udhyog-bhola gold.png,RECODING,5,99764040,99762224,99762263,1
171,2022-08-26,202208,121890787,1660906497359,99764040,124,SHREE RAM TOBACCO UDHYOG,BHOLA GOLD,BHOLA GOLD GUTKHA PPH 2.14GM,7.0,PPH,2.14GM,,1660906497359-shree ram tobacco udhyog-bhola gold.png,RECODING,5,99764040,99762224,99762263,1
172,2022-08-27,202208,123460576,1661504318054,99764039,133,NESTLE INDIA LTD. - INDIA,LACTOGEN 4 AFTER,LACTOGEN 4 AFTER ABOVE TO 18 MONTH,709.0,CBP,400 GM,,1661504318054-nestle india ltd- - india-lactogen 4 after.png,RECODING,5,99764039,99764030,99764028,1
173,2022-08-27,202208,124302976,1661496130327,99764068,123,HIMGIRI HYGIENE PVT LTD-NEPAL,BIJAYA SUPER,BIJAYA SUPER\300\GM,50.0,PPH,300GM,New SKU,1661496130327-himgiri hygiene pvt ltd-nepal-bijaya super.png,RECODING,5,99763506,99763248,99763163,1
174,2022-08-27,202208,124302976,1661496357623,99764069,123,HIMGIRI HYGIENE PVT LTD-NEPAL,BIJAYA SUPER,BIJAYA SUPER \150\GM,30.0,PPH,150 GM,New SKU,1661496357623-himgiri hygiene pvt ltd-nepal-bijaya super.png,RECODING,5,99763248,99763506,99763163,1
175,2022-08-27,202208,113125633,1661497295747,99764066,122,PRABHU SOAP INDUSTRIES-NEPAL,DHANYABAD,DHANYABAD\5000\GM,310.0,PPH,5000GM,,1661497295747-prabhu soap industries-nepal-dhanyabad.png,RECODING,5,99764066,99763904,99762509,1
176,2022-08-27,202208,1230399017,1660906497359,99764040,124,SHREE RAM TOBACCO UDHYOG,BHOLA GOLD,BHOLA GOLD GUTKHA PPH 2.14GM,7.0,PPH,2.14GM,,1660906497359-shree ram tobacco udhyog-bhola gold.png,RECODING,5,99764040,99762224,99762263,1
177,2022-08-27,202208,123461317,1660906497359,99764040,124,SHREE RAM TOBACCO UDHYOG,BHOLA GOLD,BHOLA GOLD GUTKHA PPH 2.14GM,7.0,PPH,2.14GM,,1660906497359-shree ram tobacco udhyog-bhola gold.png,RECODING,5,99764040,99762224,99762263,1
178,2022-08-27,202208,122590579,1660906497359,99764040,124,SHREE RAM TOBACCO UDHYOG,BHOLA GOLD,BHOLA GOLD GUTKHA PPH 2.14GM,7.0,PPH,2.14GM,,1660906497359-shree ram tobacco udhyog-bhola gold.png,RECODING,5,99764040,99762224,99762263,1
179,2022-08-27,202208,1230399015,1660906497359,99764040,124,SHREE RAM TOBACCO UDHYOG,BHOLA GOLD,BHOLA GOLD GUTKHA PPH 2.14GM,7.0,PPH,2.14GM,,1660906497359-shree ram tobacco udhyog-bhola gold.png,RECODING,5,99764040,99762224,99762263,1
180,2022-08-27,202208,1230399018,1660906497359,99764040,124,SHREE RAM TOBACCO UDHYOG,BHOLA GOLD,BHOLA GOLD GUTKHA PPH 2.14GM,7.0,PPH,2.14GM,,1660906497359-shree ram tobacco udhyog-bhola gold.png,RECODING,5,99764040,99762224,99762263,1
181,2022-08-27,202208,130034813,1661497543715,99764064,120,VIKAS DETERGENTS INDIA,ZIO REFRESHING ,ZIO REFRESHING LIME/4Ã—40GM/EWP,64.0,EWP,4Ã—40GM,,1661497543715-vikas detergents india-zio refreshing .png,RECODING,5,48374,48638,50185,1
182,2022-08-27,202208,130403381,1661500921468,99764065,120,ZENITH PHARMACHEN INDUSTRIES PVT.LTD NEPAL ,KETOZEN ,KETOZEN KETOCONAZOLE SOAP/75GM/CBP,96.0,CBP,75GM ,,1661500921468-zenith pharmachen industries pvt-ltd nepal -ketozen .png,RECODING,5,99764065,99764448,99764044,1
183,2022-08-27,202208,130377806,1661408356280,99764060,106,SARAS HOME PRODUCTS,HAZAM MAZZA,HAZAM MAZZA/CHURAN KI GOLI/3GM/PPH,2.0,PPH,3GM,,1661408356280-saras home products-hazam mazza.png,RECODING,5,99764060,99764531,99764061,1
184,2022-08-27,202208,127031725,1661490702185,99764070,106,PEPPE NUTRITIONS PVT LTD-IND,HOPPIN RING POP,HOPPIN\5GM\PPH\RING POP,2.5,PPH,5GM,,1661490702185-peppe nutritions pvt ltd-ind-hoppin ring pop.png,RECODING,5,99764070,55030,55023,1
185,2022-08-27,202208,127031725,1661489947541,99764071,106,ASHA CONFECTIONERY-INDIA,SR 25,SR 25 FRUTS\3.8GM\PPH\LYCHEE FLAVOUR ,1.6,PPH,3.8GM,,1661489947541-asha confectionery-india-sr 25.png,RECODING,5,99764071,54100,46596,1
186,2022-08-27,202208,128811617,1661485711198,99764072,106,GANGOTRI HOLY PRODUCTS-INDIA,KACCHA SACCHA,KACCHA SACCHA\2.95GM\PPH\NAGPURI ORANGE BITE,0.8,PPH,2.95GM,,1661485711198-gangotri holy products-india-kaccha saccha.png,RECODING,5,99764072,99764208,99763789,1
187,2022-08-27,202208,122590200,1660906497359,99764040,124,SHREE RAM TOBACCO UDHYOG,BHOLA GOLD,BHOLA GOLD GUTKHA PPH 2.14GM,7.0,PPH,2.14GM,,1660906497359-shree ram tobacco udhyog-bhola gold.png,RECODING,5,99764040,99762224,99762263,1
188,2022-08-27,202208,123718421,1660906497359,99764040,124,SHREE RAM TOBACCO UDHYOG,BHOLA GOLD,BHOLA GOLD GUTKHA PPH 2.14GM,7.0,PPH,2.14GM,,1660906497359-shree ram tobacco udhyog-bhola gold.png,RECODING,5,99764040,99762224,99762263,1
189,2022-08-27,202208,122150219,1660906497359,99764040,124,SHREE RAM TOBACCO UDHYOG,BHOLA GOLD,BHOLA GOLD GUTKHA PPH 2.14GM,7.0,PPH,2.14GM,,1660906497359-shree ram tobacco udhyog-bhola gold.png,RECODING,5,99764040,99762224,99762263,1
190,2022-08-27,202208,122187289,1660906497359,99764040,124,SHREE RAM TOBACCO UDHYOG,BHOLA GOLD,BHOLA GOLD GUTKHA PPH 2.14GM,7.0,PPH,2.14GM,,1660906497359-shree ram tobacco udhyog-bhola gold.png,RECODING,5,99764040,99762224,99762263,1
191,2022-08-27,202208,123325786,1660906497359,99764040,124,SHREE RAM TOBACCO UDHYOG,BHOLA GOLD,BHOLA GOLD GUTKHA PPH 2.14GM,7.0,PPH,2.14GM,,1660906497359-shree ram tobacco udhyog-bhola gold.png,RECODING,5,99764040,99762224,99762263,1
192,2022-08-27,202208,123126414,1660906497359,99764040,124,SHREE RAM TOBACCO UDHYOG,BHOLA GOLD,BHOLA GOLD GUTKHA PPH 2.14GM,7.0,PPH,2.14GM,,1660906497359-shree ram tobacco udhyog-bhola gold.png,RECODING,5,99764040,99762224,99762263,1
193,2022-08-27,202208,122262981,1660906497359,99764040,124,SHREE RAM TOBACCO UDHYOG,BHOLA GOLD,BHOLA GOLD GUTKHA PPH 2.14GM,7.0,PPH,2.14GM,,1660906497359-shree ram tobacco udhyog-bhola gold.png,RECODING,5,99764040,99762224,99762263,1
194,2022-08-27,202208,1210102219,1660896419492,99764040,124,SHREE RAM TOBACCO UDHYOG,BHOLA GOLD,BHOLA GOLD GUTKHA PPH 2.14 GM. SHREE RAM TOBACCO UDHYOG NEPAL,7.0,PPH,2.14 GM.,,1660896419492-shree ram tobacco udhyog-bhola gold.png,RECODING,5,99764040,99762224,99762263,1
195,2022-08-27,202208,1210102723,1660896419492,99764040,124,SHREE RAM TOBACCO UDHYOG,BHOLA GOLD,BHOLA GOLD GUTKHA PPH 2.14 GM. SHREE RAM TOBACCO UDHYOG NEPAL,7.0,PPH,2.14 GM.,,1660896419492-shree ram tobacco udhyog-bhola gold.png,RECODING,5,99764040,99762224,99762263,1
196,2022-08-27,202208,1210102742,1660896419492,99764040,124,SHREE RAM TOBACCO UDHYOG,BHOLA GOLD,BHOLA GOLD GUTKHA PPH 2.14 GM. SHREE RAM TOBACCO UDHYOG NEPAL,7.0,PPH,2.14 GM.,,1660896419492-shree ram tobacco udhyog-bhola gold.png,RECODING,5,99764040,99762224,99762263,1
197,2022-08-27,202208,1210101941,1660896419492,99764040,124,SHREE RAM TOBACCO UDHYOG,BHOLA GOLD,BHOLA GOLD GUTKHA PPH 2.14 GM. SHREE RAM TOBACCO UDHYOG NEPAL,7.0,PPH,2.14 GM.,,1660896419492-shree ram tobacco udhyog-bhola gold.png,RECODING,5,99764040,99762224,99762263,1
198,2022-08-27,202208,1210100491,1660896419492,99764040,124,SHREE RAM TOBACCO UDHYOG,BHOLA GOLD,BHOLA GOLD GUTKHA PPH 2.14 GM. SHREE RAM TOBACCO UDHYOG NEPAL,7.0,PPH,2.14 GM.,,1660896419492-shree ram tobacco udhyog-bhola gold.png,RECODING,5,99764040,99762224,99762263,1
199,2022-08-27,202208,1210100076,1660896419492,99764040,124,SHREE RAM TOBACCO UDHYOG,BHOLA GOLD,BHOLA GOLD GUTKHA PPH 2.14 GM. SHREE RAM TOBACCO UDHYOG NEPAL,7.0,PPH,2.14 GM.,,1660896419492-shree ram tobacco udhyog-bhola gold.png,RECODING,5,99764040,99762224,99762263,1
200,2022-08-29,202208,130258315,1661672114331,99764074,111,DABUR INDIA LTD.- INDIA,DABUR ANMOL JASMINE ,DABUR ANMOL JASMINE/COCONUT OIL/100ML/PBT/FREE DABUR RED PASTE 18GM,64.0,PBT,100ML,,1661672114331-dabur india ltd-- india-dabur anmol jasmine .png,RECODING,5,99764074,99763169,51058,1
201,2022-08-29,202208,130258315,1661672842713,nan,116,PROCTER & GAMBLE - INDIA,WHISPER CHOICE,WHISPER CHOICE ULTRA/XL MAGIC GEL/6 PADS/PPH,72.0,PPH,6 PADS,,1661672842713-procter - gamble - india-whisper choice.png,DELETE THE ITEM,1,92061030,54369,92061055,1
202,2022-08-29,202208,130258315,1661672443393,99764077,120,VIKAS DETERGENTS INDIA,ZIO REFRESHING ,ZIO REFRESHING/LIME/100GM/EWP/4+1 FREE,185.0,EWP,100GM ,,1661672443393-vikas detergents india-zio refreshing .png,RECODING,5,48638,48374,50185,1
203,2022-08-29,202208,130220638,1661667424145,99764078,120,NAMASTE HERBAL UDHYOG NEPAL-NP,SANCHO PAPAYA,SANCHO PAPAYA SOAP/WHITENING SOAP/60GM/CBP,60.0,CBP,60GM ,,1661667424145-namaste herbal udhyog nepal-np-sancho papaya.png,RECODING,5,99764078,92525017,92520605,1
204,2022-08-29,202208,130220638,1661408166984,99764061,106,SARAS HOME PRODUCTS,PAN SUGHANDH,PAN SUGANDH/3GM/PPH,2.0,PPH,3GM,,1661408166984-saras home products-pan sughandh.png,RECODING,5,99764061,99764532,91826242,1
205,2022-08-29,202208,130220638,1661667934783,99764079,120,GODREJ CONSUMER PRODUCTS-INDIA,GODREJ NO.1 ,GODREJ NO.1/SANDAL TURMERIC/4Ã—61GM/EWP/10% EXTRA,64.0,EWP,4Ã—61GM,,1661667934783-godrej consumer products-india-godrej no-1 .png,RECODING,5,99763898,99764079,92562073,1
206,2022-08-29,202208,114634529,1661500869418,99764073,106,ROSE CONFECTIONRY UDHYOG-NEPAL,ROSE KHATTA AAP,ROSE KHATTA AAP\2.5\GM,1.0,PPH,2.5 GM,,1661500869418-rose confectionry udhyog-nepal-rose khatta aap.png,RECODING,5,99764073,46950,54707,1
207,2022-08-29,202208,123094992,1660906497359,99764040,124,SHREE RAM TOBACCO UDHYOG,BHOLA GOLD,BHOLA GOLD GUTKHA PPH 2.14GM,7.0,PPH,2.14GM,,1660906497359-shree ram tobacco udhyog-bhola gold.png,RECODING,5,99764040,99762224,99762263,1
208,2022-08-29,202208,122529224,1660906497359,99764040,124,SHREE RAM TOBACCO UDHYOG,BHOLA GOLD,BHOLA GOLD GUTKHA PPH 2.14GM,7.0,PPH,2.14GM,,1660906497359-shree ram tobacco udhyog-bhola gold.png,RECODING,5,99764040,99762224,99762263,1
209,2022-08-29,202208,122529224,1661692237026,99764125,125,GUPTA TOBACCO CO. INDIA,NEVLA,NEVLA TOBACCO 11GM PPH,16.0,PPH,11GM,,1661692237026-gupta tobacco co- india-nevla.png,RECODING,5,99764125,99762245,99765073,1
210,2022-08-29,202208,123578813,1660906497359,99764040,124,SHREE RAM TOBACCO UDHYOG,BHOLA GOLD,BHOLA GOLD GUTKHA PPH 2.14GM,7.0,PPH,2.14GM,,1660906497359-shree ram tobacco udhyog-bhola gold.png,RECODING,5,99764040,99762224,99762263,1
211,2022-08-29,202208,122216882,1660906497359,99764040,124,SHREE RAM TOBACCO UDHYOG,BHOLA GOLD,BHOLA GOLD GUTKHA PPH 2.14GM,7.0,PPH,2.14GM,,1660906497359-shree ram tobacco udhyog-bhola gold.png,RECODING,5,99764040,99762224,99762263,1
212,2022-08-29,202208,128702098,1661676658925,99764080,123,HIMGIRI HYGIENE PVT LTD-NEPAL,FIZZ,FIZZ\100GM\PPH\100%LAUNDRY SOAP ,20.0,PPH,100GM,,1661676658925-himgiri hygiene pvt ltd-nepal-fizz.png,RECODING,5,99764080,99763281,99763404,1
213,2022-08-29,202208,128702098,1661675060627,99764075,117,UNILEVER NEPAL LTD-NEPAL,SUNSILK,SUNSILK \5ML\SCT\HAIR FALL SOLUTION ,2.0,SCT,5ML,,1661675060627-unilever nepal ltd-nepal-sunsilk.png,RECODING,5,99764075,50716,92119819,1
214,2022-08-29,202208,124329527,1661665647396,99764081,123,KARUNA SOAP & CHEMICALS-NEPAL,KING KONG LAUNDRY SOAP,KING KONG LAUNDRY SOAP\300\GM,50.0,PPH,300,New SKU,1661665647396-karuna soap - chemicals-nepal-king kong laundry soap.png,RECODING,5,99764081,99763165,99764745,1
215,2022-08-29,202208,1210101175,1660896419492,99764040,124,SHREE RAM TOBACCO UDHYOG,BHOLA GOLD,BHOLA GOLD GUTKHA PPH 2.14 GM. SHREE RAM TOBACCO UDHYOG NEPAL,7.0,PPH,2.14 GM.,,1660896419492-shree ram tobacco udhyog-bhola gold.png,RECODING,5,99764040,99762224,99762263,1
216,2022-08-29,202208,1210100776,1660896419492,99764040,124,SHREE RAM TOBACCO UDHYOG,BHOLA GOLD,BHOLA GOLD GUTKHA PPH 2.14 GM. SHREE RAM TOBACCO UDHYOG NEPAL,7.0,PPH,2.14 GM.,,1660896419492-shree ram tobacco udhyog-bhola gold.png,RECODING,5,99764040,99762224,99762263,1
217,2022-08-29,202208,110136547,1661670881061,99764076,118,SAKCHAM FOOD & BEVERAGE (P)LTD,AQUA BEST,AQUA BEST/PBT 1000ML,20.0,PBT,1000ML,,1661670881061-sakcham food - beverage -p-ltd-aqua best.png,RECODING,5,99764076,99763714,99765113,1
218,2022-08-29,202208,1210100753,1660896419492,99764040,124,SHREE RAM TOBACCO UDHYOG,BHOLA GOLD,BHOLA GOLD GUTKHA PPH 2.14 GM. SHREE RAM TOBACCO UDHYOG NEPAL,7.0,PPH,2.14 GM.,,1660896419492-shree ram tobacco udhyog-bhola gold.png,RECODING,5,99764040,99762224,99762263,1
219,2022-08-29,202208,1210102763,1660896419492,99764040,124,SHREE RAM TOBACCO UDHYOG,BHOLA GOLD,BHOLA GOLD GUTKHA PPH 2.14 GM. SHREE RAM TOBACCO UDHYOG NEPAL,7.0,PPH,2.14 GM.,,1660896419492-shree ram tobacco udhyog-bhola gold.png,RECODING,5,99764040,99762224,99762263,1
220,2022-08-29,202208,1210102777,1660896419492,99764040,124,SHREE RAM TOBACCO UDHYOG,BHOLA GOLD,BHOLA GOLD GUTKHA PPH 2.14 GM. SHREE RAM TOBACCO UDHYOG NEPAL,7.0,PPH,2.14 GM.,,1660896419492-shree ram tobacco udhyog-bhola gold.png,RECODING,5,99764040,99762224,99762263,1
221,2022-08-29,202208,1210102744,1660896419492,99764040,124,SHREE RAM TOBACCO UDHYOG,BHOLA GOLD,BHOLA GOLD GUTKHA PPH 2.14 GM. SHREE RAM TOBACCO UDHYOG NEPAL,7.0,PPH,2.14 GM.,,1660896419492-shree ram tobacco udhyog-bhola gold.png,RECODING,5,99764040,99762224,99762263,1
222,2022-08-29,202208,1210102749,1660896419492,99764040,124,SHREE RAM TOBACCO UDHYOG,BHOLA GOLD,BHOLA GOLD GUTKHA PPH 2.14 GM. SHREE RAM TOBACCO UDHYOG NEPAL,7.0,PPH,2.14 GM.,,1660896419492-shree ram tobacco udhyog-bhola gold.png,RECODING,5,99764040,99762224,99762263,1
223,2022-08-29,202208,1210102745,1660896419492,99764040,124,SHREE RAM TOBACCO UDHYOG,BHOLA GOLD,BHOLA GOLD GUTKHA PPH 2.14 GM. SHREE RAM TOBACCO UDHYOG NEPAL,7.0,PPH,2.14 GM.,,1660896419492-shree ram tobacco udhyog-bhola gold.png,RECODING,5,99764040,99762224,99762263,1
224,2022-08-29,202208,1210102746,1660896419492,99764040,124,SHREE RAM TOBACCO UDHYOG,BHOLA GOLD,BHOLA GOLD GUTKHA PPH 2.14 GM. SHREE RAM TOBACCO UDHYOG NEPAL,7.0,PPH,2.14 GM.,,1660896419492-shree ram tobacco udhyog-bhola gold.png,RECODING,5,99764040,99762224,99762263,1
225,2022-08-29,202208,1210102294,1660896419492,99764040,124,SHREE RAM TOBACCO UDHYOG,BHOLA GOLD,BHOLA GOLD GUTKHA PPH 2.14 GM. SHREE RAM TOBACCO UDHYOG NEPAL,7.0,PPH,2.14 GM.,,1660896419492-shree ram tobacco udhyog-bhola gold.png,RECODING,5,99764040,99762224,99762263,1
226,2022-08-29,202208,1210101553,1660896419492,99764040,124,SHREE RAM TOBACCO UDHYOG,BHOLA GOLD,BHOLA GOLD GUTKHA PPH 2.14 GM. SHREE RAM TOBACCO UDHYOG NEPAL,7.0,PPH,2.14 GM.,,1660896419492-shree ram tobacco udhyog-bhola gold.png,RECODING,5,99764040,99762224,99762263,1
227,2022-08-29,202208,1210102758,1660896419492,99764040,124,SHREE RAM TOBACCO UDHYOG,BHOLA GOLD,BHOLA GOLD GUTKHA PPH 2.14 GM. SHREE RAM TOBACCO UDHYOG NEPAL,7.0,PPH,2.14 GM.,,1660896419492-shree ram tobacco udhyog-bhola gold.png,RECODING,5,99764040,99762224,99762263,1
228,2022-08-29,202208,1210102221,1660896419492,99764040,124,SHREE RAM TOBACCO UDHYOG,BHOLA GOLD,BHOLA GOLD GUTKHA PPH 2.14 GM. SHREE RAM TOBACCO UDHYOG NEPAL,7.0,PPH,2.14 GM.,,1660896419492-shree ram tobacco udhyog-bhola gold.png,RECODING,5,99764040,99762224,99762263,1
229,2022-08-29,202208,1210102757,1660896419492,99764040,124,SHREE RAM TOBACCO UDHYOG,BHOLA GOLD,BHOLA GOLD GUTKHA PPH 2.14 GM. SHREE RAM TOBACCO UDHYOG NEPAL,7.0,PPH,2.14 GM.,,1660896419492-shree ram tobacco udhyog-bhola gold.png,RECODING,5,99764040,99762224,99762263,1
230,2022-08-29,202208,1210102756,1660896419492,99764040,124,SHREE RAM TOBACCO UDHYOG,BHOLA GOLD,BHOLA GOLD GUTKHA PPH 2.14 GM. SHREE RAM TOBACCO UDHYOG NEPAL,7.0,PPH,2.14 GM.,,1660896419492-shree ram tobacco udhyog-bhola gold.png,RECODING,5,99764040,99762224,99762263,1
231,2022-08-29,202208,1210102762,1660896419492,99764040,124,SHREE RAM TOBACCO UDHYOG,BHOLA GOLD,BHOLA GOLD GUTKHA PPH 2.14 GM. SHREE RAM TOBACCO UDHYOG NEPAL,7.0,PPH,2.14 GM.,,1660896419492-shree ram tobacco udhyog-bhola gold.png,RECODING,5,99764040,99762224,99762263,1
232,2022-08-29,202208,1210101773,1660896419492,99764040,124,SHREE RAM TOBACCO UDHYOG,BHOLA GOLD,BHOLA GOLD GUTKHA PPH 2.14 GM. SHREE RAM TOBACCO UDHYOG NEPAL,7.0,PPH,2.14 GM.,,1660896419492-shree ram tobacco udhyog-bhola gold.png,RECODING,5,99764040,99762224,99762263,1
233,2022-08-29,202208,1210102739,1660896419492,99764040,124,SHREE RAM TOBACCO UDHYOG,BHOLA GOLD,BHOLA GOLD GUTKHA PPH 2.14 GM. SHREE RAM TOBACCO UDHYOG NEPAL,7.0,PPH,2.14 GM.,,1660896419492-shree ram tobacco udhyog-bhola gold.png,RECODING,5,99764040,99762224,99762263,1
234,2022-08-29,202208,1210101900,1660896419492,99764040,124,SHREE RAM TOBACCO UDHYOG,BHOLA GOLD,BHOLA GOLD GUTKHA PPH 2.14 GM. SHREE RAM TOBACCO UDHYOG NEPAL,7.0,PPH,2.14 GM.,,1660896419492-shree ram tobacco udhyog-bhola gold.png,RECODING,5,99764040,99762224,99762263,1
235,2022-08-29,202208,1210102303,1660896419492,99764040,124,SHREE RAM TOBACCO UDHYOG,BHOLA GOLD,BHOLA GOLD GUTKHA PPH 2.14 GM. SHREE RAM TOBACCO UDHYOG NEPAL,7.0,PPH,2.14 GM.,,1660896419492-shree ram tobacco udhyog-bhola gold.png,RECODING,5,99764040,99762224,99762263,1
236,2022-08-29,202208,1210102754,1660896419492,99764040,124,SHREE RAM TOBACCO UDHYOG,BHOLA GOLD,BHOLA GOLD GUTKHA PPH 2.14 GM. SHREE RAM TOBACCO UDHYOG NEPAL,7.0,PPH,2.14 GM.,,1660896419492-shree ram tobacco udhyog-bhola gold.png,RECODING,5,99764040,99762224,99762263,1
237,2022-08-30,202208,122009535,1661766584843,99763554,122,HIMGIRI HYGIENE PVT LTD-NEPAL,SHAKTI,SHAKTI-POWER OF LEMON PPH 200GM,20.0,PPH,200GM,,1661766584843-himgiri hygiene pvt ltd-nepal-shakti.png,CROSS CODING,2,51856,52471,51854,1
238,2022-08-30,202208,1210101739,1660896419492,99764040,124,SHREE RAM TOBACCO UDHYOG,BHOLA GOLD,BHOLA GOLD GUTKHA PPH 2.14 GM. SHREE RAM TOBACCO UDHYOG NEPAL,7.0,PPH,2.14 GM.,,1660896419492-shree ram tobacco udhyog-bhola gold.png,RECODING,5,99764040,99762224,99762263,1
239,2022-08-30,202208,126240640,1661752138787,99762860,123,KWALITY CHEM PVT LTD-NEPAL,KWALITY LAUNDRY SOAP,KWALITY LAUNDRY SOAP\200\GM,40.0,PPH,200 GM,New SKU,1661752138787-kwality chem pvt ltd-nepal-kwality laundry soap.png,CROSS CODING,2,99762860,99763369,99762708,1
240,2022-08-30,202208,122761663,1661761735126,99764086,118,THE BINDESHWORI DRK WTR&BVG-NP,AQUA RUIS,AQUA RUIS\100ML\PBT\RS:25\THE BINDESHWORI DRINKING WATER AND BEVRAGE PVT.LTD NEPAL,25.0,PBT,100ML,New SKU,1661761735126-the bindeshwori drk wtr-bvg-np-aqua ruis.png,RECODING,5,99764086,99765112,99765267,1
241,2022-08-30,202208,111260571,1661757379458,99764085,117,UNILEVER NEPAL LTD-NEPAL,SUNSILK PERFECT STRAIGHT,SUNSILK PERFECT STRAIGHT/325ML,299.0,PBT,325ML,,1661757379458-unilever nepal ltd-nepal-sunsilk perfect straight.png,RECODING,5,99764085,92127113,53725,1
242,2022-08-30,202208,1210102761,1660896419492,99764040,124,SHREE RAM TOBACCO UDHYOG,BHOLA GOLD,BHOLA GOLD GUTKHA PPH 2.14 GM. SHREE RAM TOBACCO UDHYOG NEPAL,7.0,PPH,2.14 GM.,,1660896419492-shree ram tobacco udhyog-bhola gold.png,RECODING,5,99764040,99762224,99762263,1
243,2022-08-30,202208,1210102740,1660896419492,99764040,124,SHREE RAM TOBACCO UDHYOG,BHOLA GOLD,BHOLA GOLD GUTKHA PPH 2.14 GM. SHREE RAM TOBACCO UDHYOG NEPAL,7.0,PPH,2.14 GM.,,1660896419492-shree ram tobacco udhyog-bhola gold.png,RECODING,5,99764040,99762224,99762263,1
244,2022-08-30,202208,1210101599,1660896419492,99764040,124,SHREE RAM TOBACCO UDHYOG,BHOLA GOLD,BHOLA GOLD GUTKHA PPH 2.14 GM. SHREE RAM TOBACCO UDHYOG NEPAL,7.0,PPH,2.14 GM.,,1660896419492-shree ram tobacco udhyog-bhola gold.png,RECODING,5,99764040,99762224,99762263,1
245,2022-08-30,202208,1210102760,1660896419492,99764040,124,SHREE RAM TOBACCO UDHYOG,BHOLA GOLD,BHOLA GOLD GUTKHA PPH 2.14 GM. SHREE RAM TOBACCO UDHYOG NEPAL,7.0,PPH,2.14 GM.,,1660896419492-shree ram tobacco udhyog-bhola gold.png,RECODING,5,99764040,99762224,99762263,1
246,2022-08-30,202208,1210102190,1660896419492,99764040,124,SHREE RAM TOBACCO UDHYOG,BHOLA GOLD,BHOLA GOLD GUTKHA PPH 2.14 GM. SHREE RAM TOBACCO UDHYOG NEPAL,7.0,PPH,2.14 GM.,,1660896419492-shree ram tobacco udhyog-bhola gold.png,RECODING,5,99764040,99762224,99762263,1
247,2022-08-30,202208,1210101590,1660896419492,99764040,124,SHREE RAM TOBACCO UDHYOG,BHOLA GOLD,BHOLA GOLD GUTKHA PPH 2.14 GM. SHREE RAM TOBACCO UDHYOG NEPAL,7.0,PPH,2.14 GM.,,1660896419492-shree ram tobacco udhyog-bhola gold.png,RECODING,5,99764040,99762224,99762263,1
248,2022-08-30,202208,1210102205,1660896419492,99764040,124,SHREE RAM TOBACCO UDHYOG,BHOLA GOLD,BHOLA GOLD GUTKHA PPH 2.14 GM. SHREE RAM TOBACCO UDHYOG NEPAL,7.0,PPH,2.14 GM.,,1660896419492-shree ram tobacco udhyog-bhola gold.png,RECODING,5,99764040,99762224,99762263,1
249,2022-08-30,202208,1210100412,1660896419492,99764040,124,SHREE RAM TOBACCO UDHYOG,BHOLA GOLD,BHOLA GOLD GUTKHA PPH 2.14 GM. SHREE RAM TOBACCO UDHYOG NEPAL,7.0,PPH,2.14 GM.,,1660896419492-shree ram tobacco udhyog-bhola gold.png,RECODING,5,99764040,99762224,99762263,1
250,2022-08-30,202208,1210102771,1660896419492,99764040,124,SHREE RAM TOBACCO UDHYOG,BHOLA GOLD,BHOLA GOLD GUTKHA PPH 2.14 GM. SHREE RAM TOBACCO UDHYOG NEPAL,7.0,PPH,2.14 GM.,,1660896419492-shree ram tobacco udhyog-bhola gold.png,RECODING,5,99764040,99762224,99762263,1
251,2022-08-30,202208,1210101826,1660896419492,99764040,124,SHREE RAM TOBACCO UDHYOG,BHOLA GOLD,BHOLA GOLD GUTKHA PPH 2.14 GM. SHREE RAM TOBACCO UDHYOG NEPAL,7.0,PPH,2.14 GM.,,1660896419492-shree ram tobacco udhyog-bhola gold.png,RECODING,5,99764040,99762224,99762263,1
252,2022-08-30,202208,1210102775,1660896419492,99764040,124,SHREE RAM TOBACCO UDHYOG,BHOLA GOLD,BHOLA GOLD GUTKHA PPH 2.14 GM. SHREE RAM TOBACCO UDHYOG NEPAL,7.0,PPH,2.14 GM.,,1660896419492-shree ram tobacco udhyog-bhola gold.png,RECODING,5,99764040,99762224,99762263,1
253,2022-08-30,202208,1210102730,1660896419492,99764040,124,SHREE RAM TOBACCO UDHYOG,BHOLA GOLD,BHOLA GOLD GUTKHA PPH 2.14 GM. SHREE RAM TOBACCO UDHYOG NEPAL,7.0,PPH,2.14 GM.,,1660896419492-shree ram tobacco udhyog-bhola gold.png,RECODING,5,99764040,99762224,99762263,1
254,2022-08-30,202208,1210101924,1660896419492,99764040,124,SHREE RAM TOBACCO UDHYOG,BHOLA GOLD,BHOLA GOLD GUTKHA PPH 2.14 GM. SHREE RAM TOBACCO UDHYOG NEPAL,7.0,PPH,2.14 GM.,,1660896419492-shree ram tobacco udhyog-bhola gold.png,RECODING,5,99764040,99762224,99762263,1
255,2022-08-30,202208,1210101722,1660896419492,99764040,124,SHREE RAM TOBACCO UDHYOG,BHOLA GOLD,BHOLA GOLD GUTKHA PPH 2.14 GM. SHREE RAM TOBACCO UDHYOG NEPAL,7.0,PPH,2.14 GM.,,1660896419492-shree ram tobacco udhyog-bhola gold.png,RECODING,5,99764040,99762224,99762263,1
256,2022-08-31,202208,1210101706,1660896419492,99764040,124,SHREE RAM TOBACCO UDHYOG,BHOLA GOLD,BHOLA GOLD GUTKHA PPH 2.14 GM. SHREE RAM TOBACCO UDHYOG NEPAL,7.0,PPH,2.14 GM.,,1660896419492-shree ram tobacco udhyog-bhola gold.png,RECODING,5,99764040,99762224,99762263,1
257,2022-08-31,202208,1210100356,1660896419492,99764040,124,SHREE RAM TOBACCO UDHYOG,BHOLA GOLD,BHOLA GOLD GUTKHA PPH 2.14 GM. SHREE RAM TOBACCO UDHYOG NEPAL,7.0,PPH,2.14 GM.,,1660896419492-shree ram tobacco udhyog-bhola gold.png,RECODING,5,99764040,99762224,99762263,1
258,2022-08-31,202208,125904438,1661507076041,99764082,106,SAGUN FOODS PVT LTD-NEPAL,FUNNY,FUNNY COLA LOLLIPOP/10GM/EWP/SAGUN FOODS PVT LTD-NEPAL,5.0,EWP,10GM,,1661507076041-sagun foods pvt ltd-nepal-funny.png,RECODING,5,99764082,99764694,48460,1
259,2022-08-31,202208,125904438,1661507816400,99764083,106,KWALITY FOOD PRODS-IND,KAMBY LONDON DELIGHTS,KAMBY LONDON DELIGHTS/2.7GM/PPH/KWALITY FOOD PRODS-IND,1.0,PPH,2.7GM,,1661507816400-kwality food prods-ind-kamby london delights.png,RECODING,5,99764083,54361,53973,1
260,2022-08-31,202208,124499789,1661765180272,99764084,110,GODREJ CONSUMER PRODUCTS-INDIA,GODREJ EXPERT NATURAL BLACK 1,GODREJ EXPERT NATURAL BLACK 1\9ML COLURANT\9ML DEVELOPER,25.0,PPH,9 ML COLUERANT 9 ML DEVELOPER,,1661765180272-godrej consumer products-india-godrej expert natural black 1.png,RECODING,5,91927557,46437,91927450,1
261,2022-08-31,202208,1210100475,1660896419492,99764040,124,SHREE RAM TOBACCO UDHYOG,BHOLA GOLD,BHOLA GOLD GUTKHA PPH 2.14 GM. SHREE RAM TOBACCO UDHYOG NEPAL,7.0,PPH,2.14 GM.,,1660896419492-shree ram tobacco udhyog-bhola gold.png,RECODING,5,99764040,99762224,99762263,1
262,2022-08-31,202208,1210100638,1660896419492,99764040,124,SHREE RAM TOBACCO UDHYOG,BHOLA GOLD,BHOLA GOLD GUTKHA PPH 2.14 GM. SHREE RAM TOBACCO UDHYOG NEPAL,7.0,PPH,2.14 GM.,,1660896419492-shree ram tobacco udhyog-bhola gold.png,RECODING,5,99764040,99762224,99762263,1
263,2022-08-31,202208,1210101154,1660896419492,99764040,124,SHREE RAM TOBACCO UDHYOG,BHOLA GOLD,BHOLA GOLD GUTKHA PPH 2.14 GM. SHREE RAM TOBACCO UDHYOG NEPAL,7.0,PPH,2.14 GM.,,1660896419492-shree ram tobacco udhyog-bhola gold.png,RECODING,5,99764040,99762224,99762263,1
264,2022-08-31,202208,111743899,1660992767913,99764055,111,MARICO LIMITED - INDIA,PARACHUTE COCONUT OIL,PARACHUTE COCONUT OIL PBT 175 ML.,160.0,PBT,175 ML.,,1660992767913-marico limited - india-parachute coconut oil.png,RECODING,5,99763888,53084,99764196,1
265,2022-08-31,202208,111849288,1661155175814,99764056,118,MEGA JAL PVT.LTD.MEPAL,MEGA JAL PBT.1000 ML.,MEGA JAL PBT. 1000 ML. RS.20.00,20.0,PBT,1000 ML,,1661155175814-mega jal pvt-ltd-mepal-mega jal pbt-1000 ml-.png,RECODING,5,99764056,40120925,99765157,1
266,2022-08-31,202208,128699486,1661847255997,99764087,118,BOTTLERS NEPAL - NEPAL,KINLEY SODA,KINLEY SODA PET 250ML,50.0,PET,250ML,,1661847255997-bottlers nepal - nepal-kinley soda.png,RECODING,5,99764087,20110234,20110235,1
267,2022-08-31,202208,1210102657,1660896419492,99764040,124,SHREE RAM TOBACCO UDHYOG,BHOLA GOLD,BHOLA GOLD GUTKHA PPH 2.14 GM. SHREE RAM TOBACCO UDHYOG NEPAL,7.0,PPH,2.14 GM.,,1660896419492-shree ram tobacco udhyog-bhola gold.png,RECODING,5,99764040,99762224,99762263,1
268,2022-08-31,202208,1210102759,1660896419492,99764040,124,SHREE RAM TOBACCO UDHYOG,BHOLA GOLD,BHOLA GOLD GUTKHA PPH 2.14 GM. SHREE RAM TOBACCO UDHYOG NEPAL,7.0,PPH,2.14 GM.,,1660896419492-shree ram tobacco udhyog-bhola gold.png,RECODING,5,99764040,99762224,99762263,1
269,2022-08-31,202208,1210102729,1660896419492,99764040,124,SHREE RAM TOBACCO UDHYOG,BHOLA GOLD,BHOLA GOLD GUTKHA PPH 2.14 GM. SHREE RAM TOBACCO UDHYOG NEPAL,7.0,PPH,2.14 GM.,,1660896419492-shree ram tobacco udhyog-bhola gold.png,RECODING,5,99764040,99762224,99762263,1
270,2022-08-31,202208,128210573,1661751281546,99764088,122,UNILEVER NEPAL LTD-NEPAL,WHEEL ACTIVE 2IN1 , WHEEL ACTIVE 2IN1/CLEAN & FRESH/180GM/PPH,20.0,PPH,180GM ,,1661751281546-unilever nepal ltd-nepal-wheel active 2in1 .png,RECODING,5,99764088,99764844,99762424,1
271,2022-09-01,202208,1210102672,1660896419492,99764040,124,SHREE RAM TOBACCO UDHYOG,BHOLA GOLD,BHOLA GOLD GUTKHA PPH 2.14 GM. SHREE RAM TOBACCO UDHYOG NEPAL,7.0,PPH,2.14 GM.,,1660896419492-shree ram tobacco udhyog-bhola gold.png,RECODING,5,99764040,99762224,99762263,1
272,2022-09-01,202208,1210102540,1660896419492,99764040,124,SHREE RAM TOBACCO UDHYOG,BHOLA GOLD,BHOLA GOLD GUTKHA PPH 2.14 GM. SHREE RAM TOBACCO UDHYOG NEPAL,7.0,PPH,2.14 GM.,,1660896419492-shree ram tobacco udhyog-bhola gold.png,RECODING,5,99764040,99762224,99762263,1
273,2022-09-01,202208,1210102635,1660896419492,99764040,124,SHREE RAM TOBACCO UDHYOG,BHOLA GOLD,BHOLA GOLD GUTKHA PPH 2.14 GM. SHREE RAM TOBACCO UDHYOG NEPAL,7.0,PPH,2.14 GM.,,1660896419492-shree ram tobacco udhyog-bhola gold.png,RECODING,5,99764040,99762224,99762263,1
274,2022-09-01,202208,1210102726,1660896419492,99764040,124,SHREE RAM TOBACCO UDHYOG,BHOLA GOLD,BHOLA GOLD GUTKHA PPH 2.14 GM. SHREE RAM TOBACCO UDHYOG NEPAL,7.0,PPH,2.14 GM.,,1660896419492-shree ram tobacco udhyog-bhola gold.png,RECODING,5,99764040,99762224,99762263,1
275,2022-09-01,202208,1210102776,1660896419492,99764040,124,SHREE RAM TOBACCO UDHYOG,BHOLA GOLD,BHOLA GOLD GUTKHA PPH 2.14 GM. SHREE RAM TOBACCO UDHYOG NEPAL,7.0,PPH,2.14 GM.,,1660896419492-shree ram tobacco udhyog-bhola gold.png,RECODING,5,99764040,99762224,99762263,1
276,2022-09-01,202208,1210102725,1660896419492,99764040,124,SHREE RAM TOBACCO UDHYOG,BHOLA GOLD,BHOLA GOLD GUTKHA PPH 2.14 GM. SHREE RAM TOBACCO UDHYOG NEPAL,7.0,PPH,2.14 GM.,,1660896419492-shree ram tobacco udhyog-bhola gold.png,RECODING,5,99764040,99762224,99762263,1
277,2022-09-01,202208,132965389,1661924317095,99764095,123,HIMGIRI HYGIENE PVT LTD-NEPAL,DISHWASH,DHONI 75G,10.0,PPH,75G,,1661924317095-himgiri hygiene pvt ltd-nepal-dishwash.png,RECODING,5,99763575,99764336,99763151,1
278,2022-09-01,202208,132965389,1661923989339,99764094,123,HIMGIRI HYGIENE PVT LTD-NEPAL,LAUNDRY SOAP,DHONI 200G,50.0,PPH,200G,,1661923989339-himgiri hygiene pvt ltd-nepal-laundry soap.png,RECODING,5,99764094,99763487,99763151,1
279,2022-09-01,202208,133925318,1661937466520,99764096,123,GOLDEN STAR SOAP IND-NEPAL,DISHWASH,UNIK 95G,10.0,PPH,95G,,1661937466520-golden star soap ind-nepal-dishwash.png,RECODING,5,99764096,99763234,99763953,1
280,2022-09-01,202208,133925318,1661923989339,99764094,123,HIMGIRI HYGIENE PVT LTD-NEPAL,LAUNDRY SOAP,DHONI 200G,50.0,PPH,200G,,1661923989339-himgiri hygiene pvt ltd-nepal-laundry soap.png,RECODING,5,99764094,99763487,99763151,1
281,2022-09-01,202208,122010787,1661921866365,99764090,116,SRIJANSHIL MAHILA UDHYAMI PVT.LTD NEPAL,SATHI,SATHI  EXTRA LARGE(XL) PPH 8 NOSE,75.0,PPH,8NOSE,,1661921866365-srijanshil mahila udhyami pvt-ltd nepal-sathi.png,RECODING,5,99764090,99764099,99764100,1
282,2022-09-01,202208,122549633,1661921866365,99764090,116,SRIJANSHIL MAHILA UDHYAMI PVT.LTD NEPAL,SATHI,SATHI  EXTRA LARGE(XL) PPH 8 NOSE,75.0,PPH,8NOSE,,1661921866365-srijanshil mahila udhyami pvt-ltd nepal-sathi.png,RECODING,5,99764090,99764099,99764100,1
283,2022-09-01,202208,122547898,1661916694476,99764091,122,PUSHPANJALI SOAP & CHEMICALS NEPAL,SUPER HILL,SUPER HILL DETERGENT POWDER PPH 1000GM,70.0,PPH,1000GM,,1661916694476-pushpanjali soap - chemicals nepal-super hill.png,RECODING,5,99764091,99763828,99762937,1
284,2022-09-01,202208,128421355,1661930423754,99764089,106,ASIAN BISCUITS & CONFECTNRY-NP,IMLI BOMB SPECY IMLI CANDY,GOODLIFE IMLI BOMB SPECY IMLI CANDY\3\GM,1.0,PPH,3 GM,,1661930423754-asian biscuits - confectnry-np-imli bomb specy imli candy.png,RECODING,5,99764089,51804,99764853,1
285,2022-09-01,202208,128412429,1661931481108,99764092,122,KARNALI SOAP & CHEMICAL-NEPAL,KARNALI POWER GHADI,KARNALI POWER GHADI\600\GM,50.0,PPH,600GM,,1661931481108-karnali soap - chemical-nepal-karnali power ghadi.png,RECODING,5,99764092,99764169,99764170,1
286,2022-09-01,202208,128412429,1661931638954,99764093,122,JANUKA & SONS INDUSTRIES-NEPAL,STARJET GHADI,STARJET GHADI\200\GM,20.0,PPH,200GM,,1661931638954-januka - sons industries-nepal-starjet ghadi.png,RECODING,5,99764093,99764389,99763733,1
287,2022-09-01,202208,128412429,1661930423754,99764089,106,ASIAN BISCUITS & CONFECTNRY-NP,IMLI BOMB SPECY IMLI CANDY,GOODLIFE IMLI BOMB SPECY IMLI CANDY\3\GM,1.0,PPH,3 GM,,1661930423754-asian biscuits - confectnry-np-imli bomb specy imli candy.png,RECODING,5,99764089,51804,99764853,1
288,2022-09-01,202208,128840459,1661923006623,99764046,122,PATANJALI AYURVED PVT LTD-NEPAL,PATANJALI,PATANJALI/ANTI BACTERIAL NEEM FRESH ROSE/750GM/PPH/20% EXTRA,100.0,PPH,750GM ,,1661923006623-patanjali ayurved pvt ltd-nepal-patanjali.png,RECODING,5,99764046,99763279,99763956,1
289,2022-09-01,202208,128840459,1661922514095,99764097,123,MAHASHAKTI SOAP & CHEM.- NEPAL,LION HERBAL,LION HERBAL/LEMON & NEEM/100GM/PPH,10.0,PPH,100GM ,,1661922514095-mahashakti soap - chem-- nepal-lion herbal.png,RECODING,5,99764097,99763785,99764778,1
290,2022-09-01,202208,128840459,1661925904706,53114,121,PATANJALI AYURVED PVT LTD-NEPAL,PATANJALI DANT KANTI ,PATANJALI DANT KANTI/DENTAL CREAM/50GM/TUBE,32.0,TUBE,50GM,,1661925904706-patanjali ayurved pvt ltd-nepal-patanjali dant kanti .png,CROSS CODING,2,53330,99764220,53329,1
291,2022-09-01,202208,124866555,1661937584057,99764075,117,UNILEVER NEPAL LTD-NEPAL,SUNSILK ,SUNSILK HAIR FALL SOLUTION/5ML/SCT,2.0,SCT,5ML,,1661937584057-unilever nepal ltd-nepal-sunsilk .png,RECODING,5,99764075,92119819,50716,1
292,2022-09-01,202208,124866555,1661937818572,99764080,123,HIMGIRI HYGIENE PVT LTD-NEPAL ,FIZZ,FIZZ/100% LAUNDRY SOAP/100GM/PPH,20.0,PPH,100GM ,,1661937818572-himgiri hygiene pvt ltd-nepal -fizz.png,RECODING,5,99764080,99763281,99763404,1
293,2022-09-01,202208,110974232,1661925456995,99764075,117,UNILEVER NEPAL LTD-NEPAL,SUNSILK HAIR FALL SOLUTION,SUNSILK HAIR FALL SOLUTION/5ML,2.0,PPH,5ML,,1661925456995-unilever nepal ltd-nepal-sunsilk hair fall solution.png,RECODING,5,99764075,50716,92119819,1
294,2022-09-01,202208,124370981,1661504318054,99764039,133,NESTLE INDIA LTD. - INDIA,LACTOGEN 4 AFTER,LACTOGEN 4 AFTER ABOVE TO 18 MONTH,709.0,CBP,400 GM,New SKU,1661504318054-nestle india ltd- - india-lactogen 4 after.png,RECODING,5,99764039,99764030,99764028,1
295,2022-09-02,202209,122193016,1662093711518,99764100,116,SRIJANSHIL MAHILA UDHYAMI PVT.LTD NEPAL,SATHI,SATHI XXL PPH 7NOSE,130.0,PPH,7NOSE,,1662093711518-srijanshil mahila udhyami pvt-ltd nepal-sathi.png,RECODING,5,99764100,99764099,99764090,1
296,2022-09-02,202209,122193016,1662093656858,99764099,116,SRIJANSHIL MAHILA UDHYAMI PVT.LTD NEPAL,SATHI,SATHI XL PPH 7NOSE,75.0,PPH,7NOSE,,1662093656858-srijanshil mahila udhyami pvt-ltd nepal-sathi.png,RECODING,5,99764100,99764099,99764090,1
297,2022-09-02,202208,123126410,1662033417803,99764098,122,LAXMI SABUN UDHYOG-NEPAL,LSU ULTRA WASH,LSU ULTRA WASH DETERGENT POWDER PPH 500GMM,70.0,PPH,500GM,,1662033417803-laxmi sabun udhyog-nepal-lsu ultra wash.png,RECODING,5,99764098,99763548,93023085,1
298,2022-09-02,202209,127949811,1662016912430,99764122,106,KWALITY CONFECTIONERY-NPL,CENTER COOL,CENTER COOL WATERMELON/2GM,2.0,PPH,2GM,,1662016912430-kwality confectionery-npl-center cool.png,RECODING,5,99764122,99764227,99764228,1
299,2022-09-02,202208,1210101167,1660896419492,99764040,124,SHREE RAM TOBACCO UDHYOG,BHOLA GOLD,BHOLA GOLD GUTKHA PPH 2.14 GM. SHREE RAM TOBACCO UDHYOG NEPAL,7.0,PPH,2.14 GM.,,1660896419492-shree ram tobacco udhyog-bhola gold.png,RECODING,5,99764040,99762224,99762263,1
300,2022-09-02,202209,233775810127,1662021307557,99763261,106,GANGOTRI HOLY PRODUCTS-INDIA,EATALIA MANGO ,EATALIA MANGO\2.95GM\PPH\DOUBLE AADHA KHATA AADHA MITTA,1.0,PPH,2.95GM,,1662021307557-gangotri holy products-india-eatalia mango .png,CROSS CODING,2,99763261,99764013,99763789,1
301,2022-09-02,202209,233775810127,1662021615536,nan,106,SHRI SHYAM CONFECTIONERY INDIA,PULPES,PULPES\3GM\PPH\TWIST ,0.8,PPH,3GM,,1662021615536-shri shyam confectionery india-pulpes.png,PARKER FOR NEXT MONTH,999,99764249,99763591,91826315,1
302,2022-09-02,202209,233775810074,1662024183780,99764101,111,MARICO LIMITED - INDIA,NIHAR NATURAL,NIHAR NATURAL\95ML\PBT\SHANTI AMLA,70.0,PBT,95ML,,1662024183780-marico limited - india-nihar natural.png,RECODING,5,90817224,46467,90816461,1
303,2022-09-02,202209,233775810039,1662019814606,99764123,106,AMBER CONFECTIONERY-INDIA,AMBER SMOOTH,AMBER SMOOTH\4.85GM\PPH\CARAMELO,1.6,PPH,4.85GM,,1662019814606-amber confectionery-india-amber smooth.png,RECODING,5,99764123,53583,50108,1
304,2022-09-02,202209,233775810039,1662019081778,99764124,106,GANGOTRI HOLY PRODUCTS-INDIA,EATALIA DAIRYDOZ,ETALIA DAIRYDOZ\2.95GM\PPH\RICH CARAMELISED MILK CANDY,1.0,PPH,2.95GM,,1662019081778-gangotri holy products-india-eatalia dairydoz.png,RECODING,5,99764124,99764013,99763790,1
305,2022-09-02,202208,111513886,1661155175814,99764056,118,MEGA JAL PVT.LTD.MEPAL,MEGA JAL PBT.1000 ML.,MEGA JAL PBT. 1000 ML. RS.20.00,20.0,PBT,1000 ML,,1661155175814-mega jal pvt-ltd-mepal-mega jal pbt-1000 ml-.png,RECODING,5,99764056,40120925,99765157,1
306,2022-09-05,202209,222691310121,1662190754248,99764121,106,KWALITY CONFECTIONERY-NPL,KWALITY LOCO POCO,KWALITY LOCO POCO LOLLIPOP/9GM,5.0,PPH,9 GM,,1662190754248-kwality confectionery-npl-kwality loco poco.png,RECODING,5,99764121,53408,54731,1
307,2022-09-05,202209,222691310150,1662190754248,99764121,106,KWALITY CONFECTIONERY-NPL,KWALITY LOCO POCO,KWALITY LOCO POCO LOLLIPOP/9GM,5.0,PPH,.,,1662190754248-kwality confectionery-npl-kwality loco poco.png,RECODING,5,99764121,53408,54731,1
308,2022-09-05,202209,516813610245,1662259581044,99764109,118,KWALITY THAI FOODS PVT LTD-NPL,EX-CESS,EX-CESS/MANGO/TPK/180ML/20ML EXTRA ,25.0,TPK,180ML ,,1662259581044-kwality thai foods pvt ltd-npl-ex-cess.png,RECODING,5,99762403,99764109,99765172,1
309,2022-09-05,202209,516753310237,1662261554997,99764110,118,LUMBINI BEVERAGE-NEPAL,CONFIRM CHISO,CONFIRM CHISO/ORANGE/500ML/PBT,80.0,PBT,500ML ,,1662261554997-lumbini beverage-nepal-confirm chiso.png,RECODING,5,99764110,99763567,53567,1
310,2022-09-05,202209,516753310229,1662251296522,99764111,118,NEPAL M.D FOOD & BEVERAGE-NEPAL,SPORT CLEAR ,SPORT CLEAR/LEMON/500ML/PBT,70.0,PBT,500ML ,,1662251296522-nepal m-d food - beverage-nepal-sport clear .png,RECODING,5,99764111,99762409,99765410,1
311,2022-09-05,202209,516753710201,1662259581044,99764109,118,KWALITY THAI FOODS PVT LTD-NPL,EX-CESS,EX-CESS/MANGO/TPK/180ML/20ML EXTRA ,25.0,TPK,180ML ,,1662259581044-kwality thai foods pvt ltd-npl-ex-cess.png,RECODING,5,99762403,99764109,99765172,1
312,2022-09-05,202209,516753710246,1662211541177,99764114,120,KWALITY CHEM PVT LTD-NEPAL,GIV REFRESHING ROSE,GIV REFRESHING/ROSE/50GM/EWP/20GM EXTRA,20.0,EWP,50GM,,1662211541177-kwality chem pvt ltd-nepal-giv refreshing rose.png,RECODING,5,99763195,99764682,99764114,1
313,2022-09-05,202209,516753710246,1661922514095,99764097,123,MAHASHAKTI SOAP & CHEM.- NEPAL,LION HERBAL,LION HERBAL/LEMON & NEEM/100GM/PPH,10.0,PPH,100GM ,,1661922514095-mahashakti soap - chem-- nepal-lion herbal.png,RECODING,5,99764097,99763785,99764778,1
314,2022-09-05,202209,117705870,1662115304318,99764112,118,SURYODAYA DAIRY UDHYOG-NEPAL,COOL ALMOND MILK,COOL ALMOND MILK DRINK/ALMOND AND SAFFRON/180ML/CAN,90.0,CAN,180ML ,,1662115304318-suryodaya dairy udhyog-nepal-cool almond milk.png,RECODING,5,99764112,99765323,99763925,1
315,2022-09-05,202209,117672282,1662172692072,99764094,123,HIMGIRI HYGIENE PVT LTD-NEPAL ,DHONI ,DHONI/100% LAUNDRY SOAP/200GM/PPH,40.0,PPH,200GM ,,1662172692072-himgiri hygiene pvt ltd-nepal -dhoni .png,RECODING,5,99763297,99764094,99763487,1
316,2022-09-05,202209,133702300,1662280283149,99764113,118,ANJANEYA BEVERAGE NEPAL,KOUSHIKI JAL,KOUSHIKI JAL,25.0,PET,1000ML,,1662280283149-anjaneya beverage nepal-koushiki jal.png,RECODING,5,99764113,40123340,99763423,1
317,2022-09-05,202209,133189188,1662280283149,99764113,118,ANJANEYA BEVERAGE NEPAL,KOUSHIKI JAL,KOUSHIKI JAL,25.0,PET,1000ML,,1662280283149-anjaneya beverage nepal-koushiki jal.png,RECODING,5,99764113,40123340,99763423,1
318,2022-09-05,202209,121892265,1662251620750,99764105,117,UNILEVER NEPAL LTD-NEPAL,SUNSILK BLACK SHINE,SUNSILK BLACK SHINE PBT 325ML ,300.0,PBT,325 ML,,1662251620750-unilever nepal ltd-nepal-sunsilk black shine.png,RECODING,5,99764105,92119838,99763873,1
319,2022-09-05,202209,122559184,1662219309750,99764107,117,UNILEVER NEPAL LTD-NEPAL,CLINIC PLUS,CLINIC PLUS-STRONG & LONG PBT 640ML,450.0,PBT,640ML,,1662219309750-unilever nepal ltd-nepal-clinic plus.png,RECODING,5,99764107,99763922,99762390,1
320,2022-09-05,202209,117138913,1662174827073,nan,133,NESTLE,SOCIATE DES PRODUCT NESTLE S.A,CERELAC 10,513.0,PPH,300 GM,,1662174827073-nestle-sociate des product nestle s-a.png,DELETE THE ITEM,1,99764028,99764030,99764029,1
321,2022-09-05,202208,128715435,1661484542141,99764104,112,HINDUSTAN UNILEVER LTD-INDIA,HORLICKS,HORLICKS CLASSIC MALT PCN 500G FREE 1 SACHET HORLICKS 3IN 1 CEREAL NPR 36,408.0,PCN,500G,,1661484542141-hindustan unilever ltd-india-horlicks.png,RECODING,5,99764104,99763352,99763364,1
322,2022-09-05,202208,129371691,1661925590068,99764120,132,UNICHARM INDIA LTD-INDIA,MAMYPOKO PANTS,MAMYPOKO PANTS  STANDARD 10PANTS SMALL,160.0,PPH,10PANTS,,1661925590068-unicharm india ltd-india-mamypoko pants.png,RECODING,5,99764120,99763663,99763492,1
323,2022-09-05,202208,129371691,1661924436939,99764116,130,RAYMOND CONSUMER CARE-INDIA,KAMASUTRA ,KAMASUTRA CHOCOLATE 3 NOS,80.0,CBO,3NOS,,1661924436939-raymond consumer care-india-kamasutra .png,RECODING,5,99764116,99764321,99764319,1
324,2022-09-05,202208,129024572,1661328901832,99764107,117,UNILEVER NEPAL LTD-NEPAL,CLINIC PLUS,CLINIC PLUS STRONG & LONG 640ML,450.0,PBT,640ML,Any other reason,1661328901832-unilever nepal ltd-nepal-clinic plus.png,RECODING,5,99764107,99763922,99762390,1
325,2022-09-05,202208,129024572,1661328484365,99764041,117,UNILEVER NEPAL LTD-NEPAL,SUNSILK HAIR FALL SOLUTION,SUNSILK HAIRFALL SOLUTION SHAMPOO 625ML,550.0,PBT,625ML,Any other reason,1661328484365-unilever nepal ltd-nepal-sunsilk hair fall solution.png,RECODING,5,50716,92119819,99763689,1
326,2022-09-05,202208,129024572,1661323909540,99764103,111,MARICO LIMITED - INDIA,PARACHUTE COCONUT OIL,PARACHUTE COCONUT OIL PBT 90ML,85.0,PBT,90ML,Any other reason,1661323909540-marico limited - india-parachute coconut oil.png,RECODING,5,53084,99763888,99764196,1
327,2022-09-05,202208,129024572,1661328622732,99764106,117,UNILEVER NEPAL LTD-NEPAL,SUNSILK THICK & LONG,SUNSILK THICK & LONG 625 ML,550.0,PBT,625ML,Any other reason,1661328622732-unilever nepal ltd-nepal-sunsilk thick - long.png,RECODING,5,99764106,99764007,99763772,1
328,2022-09-05,202208,129024572,1661325157379,99764108,117,UNILEVER NEPAL LTD-NEPAL,DOVE NUTRITIVE SOLUTIONS,DOVE NUTRITIVE SOLUTIONS INTENSE REPAIR 625ML,615.0,PBT,625ML,Any other reason,1661325157379-unilever nepal ltd-nepal-dove nutritive solutions.png,RECODING,5,99764157,99762394,53585,1
329,2022-09-05,202208,129024572,1661327734867,99764102,110,HYGIENIC RESEARCH - INDIA,STREAX,STREAX-7.5 MAHOGANY BLONDE-COLORENT 120G,250.0,CBP,120G,Any other reason,1661327734867-hygienic research - india-streax.png,RECODING,5,91927583,91927591,91962524,1
330,2022-09-05,202209,130515903,1662103818164,99764115,123,KWALITY CHEM PVT LTD-NEPAL,KWALITY DIAL HERBAL ,KWALITY-DIAL HERBAL NEEM AND LEMON PPH125GM+25GM,20.0,PPH,125GM+25GM,,1662103818164-kwality chem pvt ltd-nepal-kwality dial herbal .png,RECODING,5,99764239,53916,99762521,1
331,2022-09-05,202209,124617794,1662098489573,99763708,118,AMRAPALI BEVERAGE-NEPAL,AMRAPALI KOOL ,AMRAPALI KOOL BADAM DRINK CAN 180ML,95.0,CAN,180ML,,1662098489573-amrapali beverage-nepal-amrapali kool .png,CROSS CODING,2,99763708,99764042,99765429,1
332,2022-09-05,202209,125958453,1662103911431,99764105,117,UNILEVER NEPAL LTD-NEPAL,SUNSILK BLACK SHINE,SUNSILK BLACK SHINE\325ML\PBT\RS:299\UNILIVER NEPAL LIMITED NEPAL,299.0,PBT,325ML,New SKU,1662103911431-unilever nepal ltd-nepal-sunsilk black shine.png,RECODING,5,99764105,99763873,92119838,1
333,2022-09-05,202209,117667009,1662109729211,99764117,130,UNIVERSAL PROPHYLACTIC-INDIA,NIGHT RIDER,NIGHT RIDER/PINEAPPLE/3PCS/CBP,70.0,CBP,3 PCS,,1662109729211-universal prophylactic-india-night rider.png,RECODING,5,99764117,52336,51842,1
334,2022-09-05,202208,1210101804,1660896419492,99764040,124,SHREE RAM TOBACCO UDHYOG,BHOLA GOLD,BHOLA GOLD GUTKHA PPH 2.14 GM. SHREE RAM TOBACCO UDHYOG NEPAL,7.0,PPH,2.14 GM.,,1660896419492-shree ram tobacco udhyog-bhola gold.png,RECODING,5,99764040,99762224,99762263,1
335,2022-09-05,202208,1210100623,1660896419492,99764040,124,SHREE RAM TOBACCO UDHYOG,BHOLA GOLD,BHOLA GOLD GUTKHA PPH 2.14 GM. SHREE RAM TOBACCO UDHYOG NEPAL,7.0,PPH,2.14 GM.,,1660896419492-shree ram tobacco udhyog-bhola gold.png,RECODING,5,99764040,99762224,99762263,1
336,2022-09-05,202208,1210101366,1660896419492,99764040,124,SHREE RAM TOBACCO UDHYOG,BHOLA GOLD,BHOLA GOLD GUTKHA PPH 2.14 GM. SHREE RAM TOBACCO UDHYOG NEPAL,7.0,PPH,2.14 GM.,,1660896419492-shree ram tobacco udhyog-bhola gold.png,RECODING,5,99764040,99762224,99762263,1
337,2022-09-05,202208,1210100564,1660896419492,99764040,124,SHREE RAM TOBACCO UDHYOG,BHOLA GOLD,BHOLA GOLD GUTKHA PPH 2.14 GM. SHREE RAM TOBACCO UDHYOG NEPAL,7.0,PPH,2.14 GM.,,1660896419492-shree ram tobacco udhyog-bhola gold.png,RECODING,5,99764040,99762224,99762263,1
338,2022-09-05,202208,1210102738,1660896419492,99764040,124,SHREE RAM TOBACCO UDHYOG,BHOLA GOLD,BHOLA GOLD GUTKHA PPH 2.14 GM. SHREE RAM TOBACCO UDHYOG NEPAL,7.0,PPH,2.14 GM.,,1660896419492-shree ram tobacco udhyog-bhola gold.png,RECODING,5,99764040,99762224,99762263,1
339,2022-09-05,202208,1210102724,1660896419492,99764040,124,SHREE RAM TOBACCO UDHYOG,BHOLA GOLD,BHOLA GOLD GUTKHA PPH 2.14 GM. SHREE RAM TOBACCO UDHYOG NEPAL,7.0,PPH,2.14 GM.,,1660896419492-shree ram tobacco udhyog-bhola gold.png,RECODING,5,99764040,99762224,99762263,1
340,2022-09-05,202208,1210101986,1660896419492,99764040,124,SHREE RAM TOBACCO UDHYOG,BHOLA GOLD,BHOLA GOLD GUTKHA PPH 2.14 GM. SHREE RAM TOBACCO UDHYOG NEPAL,7.0,PPH,2.14 GM.,,1660896419492-shree ram tobacco udhyog-bhola gold.png,RECODING,5,99764040,99762224,99762263,1
341,2022-09-05,202209,130609425,1662097490054,99764126,106,HENSHI FOODS - INDIA,SUPERCOOL,SUPERCOOL\3GM\PPH\GUM MINT,1.6,PPH,3GM,,1662097490054-henshi foods - india-supercool.png,RECODING,5,99764126,99764383,99763706,1
342,2022-09-05,202209,130609425,1662099282453,99764119,132,B.R.H.CARE PVT.LTD INDIA,NIRBHAYA,NIRBHAYA BABAY CARE\1NOS\PPH\6-11KG (M),16.0,PPH,1NOS,,1662099282453-b-r-h-care pvt-ltd india-nirbhaya.png,RECODING,5,99764119,99764009,99764118,1
343,2022-09-05,202209,130609425,1662099488553,99764118,132,B.R.H.CARE PVT.LTD INDIA,NIRBHAYA,NIRBHAYA\1NOS\PPH\BABY CARE 3-8 KG SMALL(S),16.0,PPH,1NOS,,1662099488553-b-r-h-care pvt-ltd india-nirbhaya.png,RECODING,5,99764118,99764119,99764009,1
344,2022-09-05,202209,113200967,1660804789791,99763542,118,GOODLIFE BEVERAGE-NEPAL,KIK ENERGY,KIK ENERGY DRINKS\200ML\TPK,60.0,TPK,200 ML,New SKU,1660804789791-goodlife beverage-nepal-kik energy.png,CROSS CODING,2,99763542,52747,53076,1
345,2022-09-07,202209,516815410164,1662261554997,99764110,118,LUMBINI BEVERAGE-NEPAL,CONFIRM CHISO,CONFIRM CHISO/ORANGE/500ML/PBT,80.0,PBT,500ML ,,1662261554997-lumbini beverage-nepal-confirm chiso.png,RECODING,5,99764110,99763567,53567,1
346,2022-09-07,202209,516865410047,1662352123186,99764131,120,SUPER TATA SOAP & CHEMICAL INDUSTRIES-NEPAL ,DON NO.1,DON NO.1/ROSE/63GM/EWP,25.0,EWP,63GM ,,1662352123186-super tata soap - chemical industries-nepal -don no-1.png,RECODING,5,99764131,92524119,92562040,1
347,2022-09-07,202209,516865410047,1662351741468,99764128,117,DABUR NEPAL LTD.-NEPAL,DABUR VATIKA NATURALS,DABUR VATIKA NATURALS/THICK & LONG/3.5ML/SCT,1.0,SCT,3.5ML,,1662351741468-dabur nepal ltd--nepal-dabur vatika naturals.png,RECODING,5,99764128,99763539,99763649,1
348,2022-09-07,202209,516813610182,1662115304318,99764112,118,SURYODAYA DAIRY UDHYOG-NEPAL,COOL ALMOND MILK,COOL ALMOND MILK DRINK/ALMOND AND SAFFRON/180ML/CAN,90.0,CAN,180ML ,,1662115304318-suryodaya dairy udhyog-nepal-cool almond milk.png,RECODING,5,99764112,99765323,99763925,1
349,2022-09-07,202209,516815410150,1662285008178,99764129,118,S.A.J SOFTDRNK & BEVRG IND-NP,FRESH,FRESH/ORANGE/600ML/PBT,100.0,PBT,600ML ,,1662285008178-s-a-j softdrnk - bevrg ind-np-fresh.png,RECODING,5,99764129,99763820,99765489,1
350,2022-09-07,202209,516815410150,1662259581044,99764109,118,KWALITY THAI FOODS PVT LTD-NPL,EX-CESS,EX-CESS/MANGO/TPK/180ML/20ML EXTRA ,40.0,TPK,180ML ,,1662259581044-kwality thai foods pvt ltd-npl-ex-cess.png,RECODING,5,99762403,99764109,99765172,1
351,2022-09-07,202209,116904874,1662270455009,99764095,123,HIMGIRI HYGIENE PVT LTD-NEPAL,DHONI HERBAL,DHONI HERBAL DISH WASH BAR PPH 75G,10.0,PPH,75G,,1662270455009-himgiri hygiene pvt ltd-nepal-dhoni herbal.png,RECODING,5,49824,53550,48526,1
352,2022-09-07,202209,116492009,1662266986825,99764046,122,PATANJALI AYURVED PVT LTD-NEPAL,PATANJALI,PATANJALI ANTI BACTERIAL NEEM PPH 750G,100.0,PPH,750G,Any other reason,1662266986825-patanjali ayurved pvt ltd-nepal-patanjali.png,RECODING,5,99763956,99764046,99763279,1
353,2022-09-07,202209,232114410216,1662432561298,99764130,118,RIDHI SIDHI PROCESS DRINKING WATER UDYOG NEPAL,RIDHI SIDHI,RIDHI SIDHI\1000ML\PBT\MINERAL WATER ,20.0,PBT,1000ML,,1662432561298-ridhi sidhi process drinking water udyog nepal-ridhi sidhi.png,RECODING,5,99764130,99764546,40120885,1
354,2022-09-07,202209,232113810229,1662435129942,99764132,120,RSPL LTD-INDIA ,GLORI,GLORI\60GM\EWP\LIME 60GMÃ—4PCS,64.0,,60GM,,1662435129942-rspl ltd-india -glori.png,RECODING,5,99764132,92561857,92560792,1
355,2022-09-07,202209,116336450,1662383796894,99763712,118,VARUN BEVERAGE -NEPAL,STING,STING ENERGY DRINK,60.0,PET,250ML,,1662383796894-varun beverage -nepal-sting.png,CROSS CODING,2,99764296,99764907,20125599,1
356,2022-09-07,202209,116301687,1662355245662,99764136,123,SHIVA SHAKTI SOAP - NEPAL,RICH,RICH\75GM\EWP\SHIVASHAKTI SOAP INDUSTRIES NEPAL,10.0,EWP,75GM,New SKU,1662355245662-shiva shakti soap - nepal-rich.png,RECODING,5,99764136,92912688,92918195,1
357,2022-09-07,202209,116301687,1662355428828,99764137,123,JYOTHY LABORATORIES LTD-INDIA,EXO,EXO\75GM\PPH\RS:10\JYOTHY LABS LIMITED INDIA,10.0,PPH,75GM,New SKU,1662355428828-jyothy laboratories ltd-india-exo.png,RECODING,5,99764137,99764176,99763100,1
358,2022-09-07,202209,232114410205,1662373608395,nan,106,AVON CONFECTIONERS  INDIA,MURRFI LITCHI,MURRFI LITCHI\3GM\PPH\LITCHI CANDY ,0.8,PPH,3GM,,1662373608395-avon confectioners  india-murrfi litchi.png,PARKER FOR NEXT MONTH,999,99764346,99764345,99764347,1
359,2022-09-07,202209,232114410205,1662373438437,nan,106,AVON CONFECTIONERS  INDIA,MURRFI COFFEE,MURRFI COFFEE\3GM\PPH\CANDY,0.8,PPH,3GM,,1662373438437-avon confectioners  india-murrfi coffee.png,PARKER FOR NEXT MONTH,999,99764347,99764346,99764345,1
360,2022-09-07,202209,232114410205,1662373080593,99764140,106,AMRIT CONFECTIONERY-INDIA ,AMRIT CHATPATI ,AMRIT CHATPATI\3GM\PPH\MAST CANDY,1.0,PPH,3GM,,1662373080593-amrit confectionery-india -amrit chatpati .png,RECODING,5,99764140,99764349,46599,1
361,2022-09-07,202209,232114410202,1662364706419,99764135,123,MAKALU SOAP-NEPAL,EKTA,EKTA\PPH\150GM\LAUNDRY SOAP,25.0,PPH,150GM,,1662364706419-makalu soap-nepal-ekta.png,RECODING,5,99764135,99764380,99764024,1
362,2022-09-07,202209,232114410202,1662365759145,99764134,122, HARI HARI MAI SURF UDYOG NEPAL,AAGAN,AAGAN\3000GM\PPH\OXIPOWER,290.0,PPH,3000GM,,1662365759145- hari hari mai surf udyog nepal-aagan.png,RECODING,5,99763426,93014992,99764134,1
363,2022-09-07,202209,232114410202,1662364413562,99764138,132,PAN HEALTH CARE PVT.LTD INDIA ,SUPER CUTE'S,SUPER CUTE'S\1NOS\PPH\SMALL(S)4-7KG,16.0,PPH,1NOS,,1662364413562-pan health care pvt-ltd india -super cute-s.png,RECODING,5,99764138,99764139,99764832,1
364,2022-09-07,202209,232114410202,1662366256672,99764127,111, SHREE BALAJI INDUSTRIES INDIA,PARALITE,PARALITE\500ML\PCN\COCONUT ,304.0,PCN,500ML,,1662366256672- shree balaji industries india-paralite.png,RECODING,5,99764127,99762740,50918,1
365,2022-09-07,202209,232114410202,1662364282060,99764139,132,PAN HEALTH CARE PVT.LTD INDIA ,SUPER CUTE'S,SUPER CUTE'S\1NOS\PPH\MEDIUM(M) 5-11KG,17.6,PPH,1NOS,,1662364282060-pan health care pvt-ltd india -super cute-s.png,RECODING,5,99764139,99764138,99762791,1
366,2022-09-07,202209,130454910265,1662374105544,99764133,120,PATANJALI AYURVED PVT LTD-NEPAL,PATANJALI ANTIBACTRL HRBL HNWS,PATANJALI ANTI BACTERIAL HERBAL HAND WASH PPH 200 ML. RS.70.00,70.0,PPH,200 ML.,,1662374105544-patanjali ayurved pvt ltd-nepal-patanjali antibactrl hrbl hnws.png,RECODING,5,45809,45833,99764133,1
367,2022-09-07,202209,1102154139248,1661236549890,99764040,124,SHREE RAM TOBACCO UDHYOG,BHOLA GOLD,BHOLA GOLD/2.14GM,5.0,PPH,2.14,,1661236549890-shree ram tobacco udhyog-bhola gold.png,RECODING,5,99764040,99762224,99762263,1
368,2022-09-08,202209,128238054,1662537708451,99764143,122,SATYAWATI SOAP INDUSTRIES-NPL,AXN PLUS,AXN PLUS PPH 600GM,50.0,PPH,600GM,,1662537708451-satyawati soap industries-npl-axn plus.png,RECODING,5,99764143,93024481,45765,1
369,2022-09-08,202209,132782486,1661328901832,99764107,117,UNILEVER NEPAL LTD-NEPAL,CLINIC PLUS,CLINIC PLUS STRONG & LONG 640ML,450.0,PBT,640ML,Any other reason,1661328901832-unilever nepal ltd-nepal-clinic plus.png,RECODING,5,99764107,99763922,99762390,1
370,2022-09-08,202209,132782486,1661328484365,99764041,117,UNILEVER NEPAL LTD-NEPAL,SUNSILK HAIR FALL SOLUTION,SUNSILK HAIRFALL SOLUTION SHAMPOO 625ML,550.0,PBT,625ML,Any other reason,1661328484365-unilever nepal ltd-nepal-sunsilk hair fall solution.png,RECODING,5,50716,92119819,99763689,1
371,2022-09-08,202208,115395903,1662538693926,51369,121,COLGATE PALMOLIVE-INDIA,COLGATE,COLGATE RED GEL,70.0,TUBE,70 G,,1662538693926-colgate palmolive-india-colgate.png,CROSS CODING,2,92717189,92717171,92711343,1
372,2022-09-08,202209,130293667,1662535548211,99764144,122,KWALITY CHEM PVT LTD-NEPAL,123,123/200GM/LEMON & JASMINE,20.0,PPH,200GM,,1662535548211-kwality chem pvt ltd-nepal-123.png,RECODING,5,99762867,53847,99763296,1
373,2022-09-10,202209,222332210121,1662699560939,99764146,123,GOLDEN STAR SOAP IND-NEPAL,NOKIA,NOKIA \200\GM,40.0,PPH,200 GM,New SKU,1662699560939-golden star soap ind-nepal-nokia.png,RECODING,5,99764146,99763847,92921576,1
374,2022-09-10,202209,122187172,1662627854936,99764147,123,SHIVA SHAKTI SOAP - NEPAL,RICH,RICH\150GM\PPH\RS:20\SHIVA SHAKTI SOAP INDUSTRIES NEPAL,20.0,PPH,150,,1662627854936-shiva shakti soap - nepal-rich.png,RECODING,5,99763779,92925941,92919673,1
375,2022-09-10,202209,122187172,1662629039735,99764142,117,UNILEVER NEPAL LTD-NEPAL,DOVE CONDITIONER,DOVE NUTRITIVE SOLUTIONS DAILY MOSTURE CONDITIONER\200ML\PBT\UNILIVER NEPAL ,220.0,PBT,200ML,New SKU,1662629039735-unilever nepal ltd-nepal-dove conditioner.png,RECODING,5,99762500,99764158,99762392,1
376,2022-09-10,202209,122117535,1662617168787,99764148,123,BABA SOAP INDUSTRIES - NEPAL,ANMOL,ANMOL\200GM\PPH\RS:40\BABA SOAP INDUSTRIES P.LTD NEPAL,40.0,PPH,200GM,,1662617168787-baba soap industries - nepal-anmol.png,RECODING,5,99764148,99762838,99764616,1
377,2022-09-10,202209,122117535,1662617055934,99764149,123,KWALITY CHEM PVT LTD-NEPAL,MARSHAL,MARSHAL\250GM\PPH\RS:45\KWALITY CHEMICAL PVT.LTD NEPAL,45.0,PPH,250GM,,1662617055934-kwality chem pvt ltd-nepal-marshal.png,RECODING,5,99764149,99763101,99764812,1
378,2022-09-10,202209,133176975,1662538648284,99764145,122,R.K. SOAP & CHEMICAL INDUSTRIES NEPAP,RK OXIPOWER,RK OXIPOWER DETERGENT POWDER/600GM/PPH/R.K. SOAP & CHEMICAL INDUSTRIES NEPAP,75.0,PPH,600GM,Any other reason,1662538648284-r-k- soap - chemical industries nepap-rk oxipower.png,RECODING,5,99764145,99762678,99764366,1
379,2022-09-10,202209,128883480,1662604476689,99764150,133,RAPTAKOS BRETT &CO.LTD INDIA,LACTODEX,LACTODEX-4/AFTER 18 MONTHS,910.4,TIN ,450 GM,,1662604476689-raptakos brett -co-ltd india-lactodex.png,RECODING,5,99764150,99764039,99764030,1
380,2022-09-10,202209,122216788,1662618037844,99764105,117,UNILEVER NEPAL LTD-NEPAL,SUNSILK BLACK SHINE,SUNSILK BLACK SHINE-PBT 325ML,299.0,PBT,325ML,,1662618037844-unilever nepal ltd-nepal-sunsilk black shine.png,RECODING,5,99764105,99763873,92119838,1
381,2022-09-10,202209,122531509,1662623590827,99764141,109,NATURAL GLUCOSE PACKING UYG-NP,NATURAL GLUCOSE - D,NATURAL GLUCOSE - D-PCN400GM+25GM,160.0,PCN,400GM,,1662623590827-natural glucose packing uyg-np-natural glucose - d.png,RECODING,5,53569,99764141,90225011,1
