t_row_id,t_DATE,t_PERIOD,t_AUDITYPE,t_STORECODE,t_DLRCODE,t_ITEMCODE,t_NEW_CODES,t_CATEGORY,t_MANUFACTURE,t_BRAND,t_ITEMDESC,t_MRP,t_PACKSIZE,t_PACKTYPE,t_COMMENTS,t_IMAGE,t_CODE COMMENT,t_FLAG,1,2,3,rank
0,2023-04-10,202304,2,131343819,52201020001,1680853322789,99764966,118,BOTTLERS NEPAL - NEPAL,SPRITE ,SPRITE/2.25L/ML/PET/LEMON/80GM 2PM NOODLES FREE,260.0,PET,2.25L,,1680853322789-bottlers nepal - nepal-sprite #3.png,RECODING,5,99764966,20150012,99765140,1
1,2023-04-10,202304,2,125080826,21301020003,1681030084943,99764967,134,DABUR NEPAL LTD.-NEPAL,REAL FRUIT POWER MASALA COLA FIZZIN,REAL FRUIT POWER MASALA COLA FIZZIN\150\ML,30.0,PET,150 ML,New SKU,1681030084943-dabur nepal ltd--nepal-real fruit power masala cola fizzin#3.png,RECODING,5,99764967,99764980,99764981,1
2,2023-04-10,202304,2,124917435,52202020014,1680853322789,99764966,118,BOTTLERS NEPAL - NEPAL,SPRITE ,SPRITE/2.25L/ML/PET/LEMON/80GM 2PM NOODLES FREE,260.0,PET,2.25L,,1680853322789-bottlers nepal - nepal-sprite #3.png,RECODING,5,99764966,20150012,99765140,1
3,2023-04-10,202304,3,121890787,12303030041,1680867943602,99764972,125,BALAJI SURTIUDHYOG,BH SUPER POWER,BG SUPER POWER PPH 10GM,25.0,PPH,10GM,,1680867943602-balaji surtiudhyog-bh super power#3.png,RECODING,5,99765278,99762281,99762310,1
4,2023-04-10,202304,2,113200967,21101020334,1680769422553,99764970,134,LIFE FOOD & BEVERAGE-NEPAL,FIZZY LIFE,LITCHI/250/ML/PBT/LITCHI ,50.0,PBT,250ML,New SKU,1680769422553-life food - beverage-nepal-fizzy life#3.png,RECODING,5,99764970,99765180,99765206,1
5,2023-04-10,202304,2,113200967,21101020334,1680769746387,99764968,134,LIFE FOOD & BEVERAGE-NEPAL,FIZZY LIFE,CLUB SODA/250/ML/PBT,50.0,PBT,250ML,New SKU,1680769746387-life food - beverage-nepal-fizzy life#3.png,RECODING,5,99764968,99765042,99765206,1
6,2023-04-10,202304,2,113200967,21101020334,1680769633896,99764969,134,LIFE FOOD & BEVERAGE-NEPAL,FIZZY LIFE,GREEN APPLE/250/ML/PBT,50.0,PBT,250ML,New SKU,1680769633896-life food - beverage-nepal-fizzy life#3.png,RECODING,5,99764969,99765206,99765075,1
7,2023-04-10,202304,2,131076027,22101020027,1680773056551,99764971,118,PEPSI COLA CMPNY IMPRTD-IMPRTD,MIRINDA ORANGE,MIRINDA \2250ML\PBT\ORANGE FLAVOUR ,136.0,PBT,2250ML,,1680773056551-pepsi cola cmpny imprtd-imprtd-mirinda orange#3.png,RECODING,5,99764971,52117,20125227,1
8,2023-04-10,202304,2,111851502,21102020054,1680767579188,99764970,134,LIFE FOOD & BEVERAGE-NEPAL,FIZZY LIFE,FIZZY LIFE/LITCHI/PBT/250ML,50.0,PBT,250ML,,1680767579188-life food - beverage-nepal-fizzy life#3.png,RECODING,5,99764970,99765206,99765042,1
9,2023-04-11,202304,3,1210102733,12101030176,1681105379394,99764944,126,MAA VINDHYAVASINI TOBACCO-IN,MADHU PAN MASALA,MADHU KESHAR MISRIT PAN MASALA PSC.3 GM.,6.4,PSC,3 GM.,,1681105379394-maa vindhyavasini tobacco-in-madhu pan masala#3.png,CROSS CODING,2,99763654,99764944,99765458,1
10,2023-04-11,202304,2,129024634,22101020014,1681107693734,99764974,134,AMAANZA AGRO INDIA PVT LTD-INDIA,FRUIT HIT,FRUIT HIT\200ML\TPK\MANGO ,32.0,TPK,200ML,,1681107693734-amaanza agro india pvt ltd-india-fruit hit#3.png,RECODING,5,99764974,99763942,20110748,1
11,2023-04-11,202304,2,129024634,22101020014,1681106222232,99764973,118,PEPSI COLA CMPNY IMPRTD-IMPRTD,PEPSI,PEPSI\250ML\PBT\MORE FIZZ,32.0,PBT,250ML,,1681106222232-pepsi cola cmpny imprtd-imprtd-pepsi#3.png,RECODING,5,99764973,20121459,99763463,1
12,2023-04-12,202304,2,233775810076,23377020003,1681199388753,nan,118,ICE BEVERAGE PVT LTD-INDIA,RC Q LEMON LIME,RC Q \300ML\PBT\LEMON LIME,28.8,PBT,300ML,,1681199388753-ice beverage pvt ltd-india-rc q lemon lime#3.png,RECODING,5,52740,99764218,99764991,1
13,2023-04-12,202304,2,233775810010,23377020002,1681196728958,99764975,134,SHREE RAM FOOD PRODUCT-INDIA,FRUTOLA,FRUTOLA\100ML\PBT\LITCHI,8.0,100ML,PBT,,1681196728958-shree ram food product-india-frutola#3.png,RECODING,5,99764975,99764938,None,1
14,2023-04-12,202304,2,124865093,52202020009,1680853322789,99764966,118,BOTTLERS NEPAL - NEPAL,SPRITE ,SPRITE/2.25L/ML/PET/LEMON/80GM 2PM NOODLES FREE,260.0,PET,2.25L,,1680853322789-bottlers nepal - nepal-sprite #3.png,RECODING,5,99764966,20150012,99765140,1
15,2023-04-12,202304,2,124865093,52202020009,1681190419697,99764976,134,AMRAPALI BEVERAGE-NEPAL,AMRAPALI KOOL ALPHONSO,AMRAPALI KOOL ALPHONSO/200ML/TPK/MANGO/20ML EXTRA ,25.0,TPK,200ML ,,1681190419697-amrapali beverage-nepal-amrapali kool alphonso#3.png,RECODING,5,99764976,99762480,52510,1
16,2023-04-12,202304,2,111918525,12101020019,1681188041741,99764977,134,SHREEJEE FOOD & BEVERAGE INDUSTRY NEPAL,TRISHNA GOLD,TRISHNA GOLD PROCESSED DRINKING WATER PET-1000 ML.,20.0,PET,1000 ML.,,1681188041741-shreejee food - beverage industry nepal-trishna gold#3.png,RECODING,5,99764977,99764978,99765476,1
17,2023-04-12,202304,2,111918525,12101020019,1681189162046,99764979,134,INDRAWATI PET & BEVERAGE IND NEPAL,DUDH KOSHI,DUDH KOSHI PROCESSED DRINKING WATER PET-1000 ML.,20.0,PET,1000 ML,,1681189162046-indrawati pet - beverage ind nepal-dudh koshi#3.png,RECODING,5,99764979,40120852,40120727,1
18,2023-04-12,202304,2,111918525,12101020019,1681188373657,99764978,134,SHREEJEE FOOD & BEVERAGE INDUSTRY NEPAL,TRISHNA GOLD,TRISHNA GOLD PROCESSED DRINKING WATER - PET-500 ML.,15.0,PET,500 ML.,,1681188373657-shreejee food - beverage industry nepal-trishna gold#3.png,RECODING,5,99764978,99764977,99765476,1
19,2023-04-12,202304,2,124328539,21301020038,1681196876709,99764980,134,DABUR NEPAL LTD.-NEPAL,REAL FRUIT POWER NIMBU FIZZIN,REAL FRUIT POWER NIMBU FIZZIN\150\ML,30.0,PET,150 ML,New SKU,1681196876709-dabur nepal ltd--nepal-real fruit power nimbu fizzin#3.png,RECODING,5,99764980,99764967,99764981,1
20,2023-04-12,202304,2,124328539,21301020038,1681030084943,99764967,134,DABUR NEPAL LTD.-NEPAL,REAL FRUIT POWER MASALA COLA FIZZIN,REAL FRUIT POWER MASALA COLA FIZZIN\150\ML,30.0,PET,150 ML,,1681030084943-dabur nepal ltd--nepal-real fruit power masala cola fizzin#3.png,RECODING,5,99764967,99764980,99764981,1
21,2023-04-12,202304,2,112116438,21102020060,1681200072931,99764966,118,BOTTLERS NEPAL - NEPAL,SPRITE,SPRITE-LEMON-PET 2250 ML/FREE 80 GM 2PM AKABARE CHICKEN NOODLES,260.0,PBT,2250ML,,1681200072931-bottlers nepal - nepal-sprite#3.png,RECODING,5,99764966,20150012,99765140,1
23,2023-04-17,202304,2,124650089,31101020099,1681632301424,99764967,134,DABUR NEPAL LTD.-NEPAL,REAL FRUIT POWER,REAL FRUIT POWER-MASALA COLA PBT 150ML,30.0,150ML,PBT,,1681632301424-dabur nepal ltd--nepal-real fruit power#3.png,RECODING,5,99764967,None,None,1
24,2023-04-17,202304,2,128702441,12201020028,1680674399122,51766,134,DABUR NEPAL LTD.-NEPAL,REAL FRUIT POWER,REAL/FRUIT POWER/MIXED FRUIT/RICH IN VITAMIN C,280.0,TPK,1LTR,,1680674399122-dabur nepal ltd--nepal-real fruit power#3.png,CROSS CODING,2,99763989,51766,99765363,1
28,2023-04-17,202304,2,134462915,12202020033,1681375880871,99764966,118,BOTTLERS NEPAL - NEPAL,SPRITE ,SPRITE-LEMON-PET 2250 ML FREE2PM NOODLES AKABARE CHICKEN 80GM,260.0,PET,2250 ML,,1681375880871-bottlers nepal - nepal-sprite #3.png,RECODING,5,99764966,20150012,99765140,1
25,2023-04-17,202304,2,122331327,31101020086,1681627867368,99764980,134,DABUR NEPAL LTD.-NEPAL,REAL FRUIT POWER,REAL FRUIT POWER NIMBU FIZZIN MINI\150ML\PET\RS:30\DABUR NEPAL PVT.LTD NEPAL,30.0,PET,150ML,New SKU,1681627867368-dabur nepal ltd--nepal-real fruit power#3.png,RECODING,5,99764980,99764967,99764981,1
26,2023-04-17,202304,2,130302224,31101020064,1681618125858,99764984,134,AAKAR FOOD& BEVRAGE P.LTD NEPAL,POKHRELI,POKHRELI\1000ML\PBT\RS:25\AAKAR FOOD&BEVRAGE P.LTD NEPAL,25.0,PBT,1000ML,New SKU,1681618125858-aakar food- bevrage p-ltd nepal-pokhreli#3.png,RECODING,5,99764984,99765246,99765051,1
27,2023-04-17,202304,2,115065195,21101020193,1680765933048,99764985,134,MOON LIGHT SPRING MNRL WTR-NPL,AQUA MILD,AQUA MILD/1000/ML/PBT/WATER,20.0,PBT,1000ML,New SKU,1680765933048-moon light spring mnrl wtr-npl-aqua mild#3.png,RECODING,5,99764985,45550,45553,1
30,2023-04-17,202304,2,113111235,21102020029,1681624689482,99764967,118,DABUR NEPAL LTD.-NEPAL,REAL FRUIT POWER,REAL FRUIT POWER/MASALA COLA FIZZIN/CARBONATE/PBT/150ML/RS30,30.0,PBT,150ML,,1681624689482-dabur nepal ltd--nepal-real fruit power#3.png,RECODING,5,99764967,52828,53072,1
29,2023-04-17,202304,2,132818056,12202020031,1681375880871,99764966,118,BOTTLERS NEPAL - NEPAL,SPRITE ,SPRITE-LEMON-PET 2250 ML FREE2PM NOODLES AKABARE CHICKEN 80GM,260.0,PET,2250 ML,,1681375880871-bottlers nepal - nepal-sprite #3.png,RECODING,5,99764966,20150012,99765140,1
31,2023-04-17,202304,2,113111235,21102020029,1681624289028,99764982,118,DABUR NEPAL LTD.-NEPAL,REAL FRUIT POWER,REAL FRUIT POWER/CARBONATE/APPLE FIZZIN/PBT/250ML/RS50,50.0,PBT,250ML,,1681624289028-dabur nepal ltd--nepal-real fruit power#3.png,RECODING,5,99764982,99764983,99764981,1
32,2023-04-17,202304,2,113111235,21102020029,1681624480068,99764983,118,DABUR NEPAL LTD.-NEPAL,REAL FRUIT POWER,REAL FRUIT POWER/CARBONATE/APPLE FIZZIN/PBT/500ML/RS80,80.0,PBT,500ML,,1681624480068-dabur nepal ltd--nepal-real fruit power#3.png,RECODING,5,99764983,99764982,99764981,1
48,2023-04-19,202304,2,124774822,21209020036,1681809687289,99764967,118,DABUR NEPAL,REAL FRUIT POWER MASALA FIZZIN,REAL FRUIT POWER/MASALACOLA FIZZIN/MINI/150ML/PBT/CARBONATED MASALA COLA/,30.0,PBT,150ML,,1681809687289-dabur nepal-real fruit power masala fizzin#3.png,RECODING,5,99764967,99764980,52828,1
33,2023-04-17,202304,2,112331058,21102020041,1681365377076,99764966,118,BOTTLERS NEPAL - NEPAL,SPRITE,SPRITE/2250/ML/PBT/FREE 2PM AKBARE CHICKEN,260.0,PBT,2250 ML,,1681365377076-bottlers nepal - nepal-sprite#3.png,RECODING,5,99764966,99765140,99765367,1
34,2023-04-17,202304,2,111651929,21102020038,1681200072931,99764966,118,BOTTLERS NEPAL - NEPAL,SPRITE,SPRITE-LEMON-PET 2250 ML/FREE 80 GM 2PM AKABARE CHICKEN NOODLES,260.0,PBT,2250ML,Any other reason,1681200072931-bottlers nepal - nepal-sprite#3.png,RECODING,5,99764966,20150012,99765140,1
35,2023-04-17,202304,2,130483049,52303020004,1681379447753,99764986,134,LIFE FOOD & BEVERAGE-NEPAL,KI BU GOLD,KI BU GOLD/180ML/CAN/ENERGY DRINK ,80.0,CAN,180ML ,,1681379447753-life food - beverage-nepal-ki bu gold#3.png,RECODING,5,99764986,99764679,99765230,1
36,2023-04-17,202304,2,113383396,21102020059,1681365377076,99764966,118,BOTTLERS NEPAL - NEPAL,SPRITE,SPRITE/2250/ML/PBT/FREE 2PM AKBARE CHICKEN,260.0,PBT,2250 ML,,1681365377076-bottlers nepal - nepal-sprite#3.png,RECODING,5,99764966,99765140,99765367,1
37,2023-04-17,202304,2,122007734,12303020017,1681280478016,99764966,118,BOTTLERS NEPAL - NEPAL,SPRITE,SPRITE-LEMON-PET 2250 ML FREE2PM NOODLES AKABARE CHICKEN 80GM,260.0,PEN,2250ML,,1681280478016-bottlers nepal - nepal-sprite#3.png,RECODING,5,99764966,20150012,99765140,1
38,2023-04-17,202304,2,122002412,12303020025,1681209985165,99764987,134,SINGAPORE BEVERAGE-NEPAL,NATURALS,NATURALS-LYCHEE DRINK CAN 250ML,90.0,CAN,250ML,,1681209985165-singapore beverage-nepal-naturals#3.png,RECODING,5,99764987,99765467,99764277,1
39,2023-04-17,202304,3,1210102756,12101030208,1681273421259,99764988,124,SHREE RAM TOBACCO UDHYOG,CURRENT GUTKHA,CURRENT GUTKHA PSC- 3.5 GM,15.0,PSC,3.5 GM.,,1681273421259-shree ram tobacco udhyog-current gutkha#3.png,RECODING,5,99764988,99762225,99764040,1
40,2023-04-18,202304,2,124092181,31101020045,1681712979974,99764990,134,ANNAPURNA FOOD & BEVERAGE-NEPL,SOLTINI,SOLTINI PBT 1000ML,25.0,PBT,100ML,,1681712979974-annapurna food - beverage-nepl-soltini#3.png,RECODING,5,99764990,40121220,48598,1
41,2023-04-18,202304,2,130217025,52303020002,1680853322789,99764966,118,BOTTLERS NEPAL - NEPAL,SPRITE ,SPRITE/2.25L/ML/PET/LEMON/80GM 2PM NOODLES FREE,260.0,PET,2.25L,,1680853322789-bottlers nepal - nepal-sprite #3.png,RECODING,5,99764966,20150012,99765140,1
42,2023-04-18,202304,2,130220490,52303020013,1681700204185,nan,134,AGRO THAI FOODS PVT LTD-NEPAL,ICEEY ORS ,ICEEY ORS/250ML/PBT/ORANGE ,50.0,PBT,250ML ,,1681700204185-agro thai foods pvt ltd-nepal-iceey ors #3.png,DELETE THE ITEM,1,99762493,99762464,99764200,1
43,2023-04-18,202304,2,130220490,52303020013,1681699904380,99764989,134,AGRO THAI FOODS PVT LTD-NEPAL,TIGER SHARK ,TIGER SHARK/250ML/CAN,120.0,CAN,250ML ,,1681699904380-agro thai foods pvt ltd-nepal-tiger shark #3.png,RECODING,5,99764989,99762356,99765463,1
44,2023-04-18,202304,2,232113810223,23211020007,1681716661380,99764991,118,PRAGATI BEVERAGE INDIA,KEMPTY ,KEMPTY\250ML\PBT\FIZZY LEMON,24.0,PBT,250ML,,1681716661380-pragati beverage india-kempty #3.png,RECODING,5,99764991,52740,20125806,1
45,2023-04-18,202304,2,232113810205,23211020005,1681720552792,99764992,134,HAY HANUMAN DRINKING WATER UDYOG NEPAL,SARLAHI REFRESH,SARLAHI REFRESH\100ML\PBT\MINERAL ,25.0,PBT,1000ML,,1681720552792-hay hanuman drinking water udyog nepal-sarlahi refresh#3.png,RECODING,5,99764992,40110707,99764546,1
46,2023-04-18,202304,2,129996976,12313020008,1681375880871,99764966,118,BOTTLERS NEPAL - NEPAL,SPRITE ,SPRITE-LEMON-PET 2250 ML FREE2PM NOODLES AKABARE CHICKEN 80GM,260.0,PET,2250 ML,,1681375880871-bottlers nepal - nepal-sprite #3.png,RECODING,5,99764966,20150012,99765140,1
47,2023-04-18,202304,2,122127804,12303020035,1681533875311,99764989,134,AGRO THAI FOODS PVT LTD-NEPAL,TIGER SHARK,TIGER SHARK ENERGY DRINK CAN 250ML,120.0,CAN,250ML,,1681533875311-agro thai foods pvt ltd-nepal-tiger shark#3.png,RECODING,5,99764989,99762356,99764063,1
56,2023-04-21,202304,2,128614889,52202020010,1681986232426,99764994,134,SOUTH ASIAN BEVERAGES P. LTD-NEPAL,FROOTI,FROOTI/500ML/PBT/MANGO,90.0,PBT,500ML,,1681986232426-south asian beverages p- ltd-nepal-frooti#3.png,RECODING,5,99764994,99765006,99764993,1
49,2023-04-19,202304,2,124774822,21209020036,1681810201696,99764980,118,DABUR NEPAL,REAL FRUIT POWER NIMBU FIZZIN,REAL FRUIT POWER NIMBU FIZZXIN/150ML/ PBT,30.0,PBT,150ML,,1681810201696-dabur nepal-real fruit power nimbu fizzin#3.png,RECODING,5,99764980,99764967,99764981,1
50,2023-04-19,202304,2,128962037,31101020038,1681805970061,99762747,134,AGRO THAI FOODS PVT LTD-NEPAL,ICEEY CRAZY,ICEEY CRAZY LEMONA\250ML\PET\RS:50\AGRO THAI FOODS PVT.LTD NEPAL,50.0,PET,250ML,New SKU,1681805970061-agro thai foods pvt ltd-nepal-iceey crazy#3.png,CROSS CODING,2,99762747,99765159,99765160,1
51,2023-04-19,202304,2,122150710,12303020015,1681805110312,99764993,134,SOUTH ASIAN BEVERAGES P. LTD-NEPAL,FROOTI,FROOTI-MANGO PET 250ML,50.0,PET,250ML,,1681805110312-south asian beverages p- ltd-nepal-frooti#3.png,RECODING,5,99764993,99765006,99764994,1
52,2023-04-19,202304,2,122150710,12303020015,1681805157718,99764994,134,SOUTH ASIAN BEVERAGES P. LTD-NEPAL,FROOTI,FROOTI-MANGO PET 500ML,90.0,PET,500ML,,1681805157718-south asian beverages p- ltd-nepal-frooti#3.png,RECODING,5,99764994,99764993,99765006,1
53,2023-04-20,202304,2,111513886,12101020022,1681883863052,99764995,134,HYGEN PACKS NEPAL PVT LTD-NEPAL,HYGEN MANIA,HYGEN MANIA MANGO PET-1000 ML.,170.0,PET,1000 ML.,Any other reason,1681883863052-hygen packs nepal pvt ltd-nepal-hygen mania#3.png,RECODING,5,99764995,99764476,99764833,1
54,2023-04-20,202304,3,3110102665,31101030277,1681897583316,99764997,125,SONA TOBACCO UDHYOG PVT.LTD NEPAL,GOLDEN JHANKAR,GOLDEN JHANKAR\12.5GM\PPH\RS:25\SONA TOBACCO UDHYOG PVT.LTD NEPAL,20.0,PPH,12.5GM,New SKU,1681897583316-sona tobacco udhyog pvt-ltd nepal-golden jhankar#3.png,RECODING,5,99764997,99765438,99764259,1
55,2023-04-20,202304,2,123094572,12303020016,1681878709749,99764996,118,SINGAPORE BEVERAGE-NEPAL,JEERU,JEERU-JEERA-JEERA MASALA CAN 250ML,90.0,CAN,250ML,,1681878709749-singapore beverage-nepal-jeeru#3.png,RECODING,5,99764996,53568,99762952,1
60,2023-04-21,202304,2,128786076,52203020007,1681893385533,99764987,134,SINGAPORE BEVERAGE-NEPAL,NATURALS,NATURALS/250ML/CAN/LYCHEE,90.0,CAN,250ML ,,1681893385533-singapore beverage-nepal-naturals#3.png,RECODING,5,99764987,99765467,99764277,1
57,2023-04-21,202304,2,128614889,52202020010,1680853322789,99764966,118,BOTTLERS NEPAL - NEPAL,SPRITE ,SPRITE/2.25L/ML/PET/LEMON/80GM 2PM NOODLES FREE,260.0,PET,2.25L,,1680853322789-bottlers nepal - nepal-sprite #3.png,RECODING,5,99764966,20150012,99765140,1
58,2023-04-21,202304,2,128614889,52202020010,1681986331193,99764993,134,SOUTH ASIAN BEVERAGES P. LTD-NEPAL,FROOTI,FROOTI/250ML/PBT/MANGO,50.0,PBT,250ML,,1681986331193-south asian beverages p- ltd-nepal-frooti#3.png,RECODING,5,99764993,99765006,99764551,1
59,2023-04-21,202304,2,116750748,21304020008,1681978359513,99764998,118,SAMBHAVI BEVERAGE-NEPAL,3STAR,3STAR LEMON/PBT/250ML,50.0,PBT,250 ML,,1681978359513-sambhavi beverage-nepal-3star#3.png,RECODING,5,99764998,99763939,47389,1
62,2023-04-24,202304,2,115437914,31307020006,1681805970061,99762747,134,AGRO THAI FOODS PVT LTD-NEPAL,ICEEY CRAZY,ICEEY CRAZY LEMONA\250ML\PET\RS:50\AGRO THAI FOODS PVT.LTD NEPAL,50.0,PET,250ML,New SKU,1681805970061-agro thai foods pvt ltd-nepal-iceey crazy#3.png,CROSS CODING,2,99762747,99765159,99765160,1
61,2023-04-21,202304,2,128587427,52203020002,1681699904380,99764989,134,AGRO THAI FOODS PVT LTD-NEPAL,TIGER SHARK ,TIGER SHARK/250ML/CAN,120.0,CAN,250ML ,,1681699904380-agro thai foods pvt ltd-nepal-tiger shark #3.png,RECODING,5,99764989,99762356,99765463,1
63,2023-04-24,202304,2,324252310073,32425020004,1681627867368,99764980,134,DABUR NEPAL LTD.-NEPAL,REAL FRUIT POWER,REAL FRUIT POWER NIMBU FIZZIN MINI\150ML\PET\RS:30\DABUR NEPAL PVT.LTD NEPAL,35.0,PET,150ML,New SKU,1681627867368-dabur nepal ltd--nepal-real fruit power#3.png,RECODING,5,99764980,99764967,99764981,1
64,2023-04-24,202304,2,130650904,21401020010,1681200072931,99764966,118,BOTTLERS NEPAL - NEPAL,SPRITE,SPRITE-LEMON-PET 2250 ML/FREE 80 GM 2PM AKABARE CHICKEN NOODLES,260.0,PBT,2250ML,,1681200072931-bottlers nepal - nepal-sprite#3.png,RECODING,5,99764966,20150012,99765140,1
80,2023-04-28,202304,2,516753610274,51675020009,1682382940301,99765000,118,SOUTH ASIAN BEVERAGES P. LTD-NEPAL,APPY FIZZ APPLE,APPY FIZZ APPLE/250ML/PBT,50.0,PBT,250ML ,,1682382940301-south asian beverages p- ltd-nepal-appy fizz apple#3.png,RECODING,5,99765000,99764921,99765001,1
65,2023-04-24,202304,2,212581910166,21258020009,1681196876709,99764980,134,DABUR NEPAL LTD.-NEPAL,REAL FRUIT POWER NIMBU FIZZIN,REAL FRUIT POWER NIMBU FIZZIN\150\ML,30.0,PET,150 ML,Any other reason,1681196876709-dabur nepal ltd--nepal-real fruit power nimbu fizzin#3.png,RECODING,5,99764980,99764967,99764981,1
66,2023-04-24,202304,2,129078628,21401020028,1681624689482,99764967,118,DABUR NEPAL LTD.-NEPAL,REAL FRUIT POWER,REAL FRUIT POWER/MASALA COLA FIZZIN/CARBONATE/PBT/150ML/RS30,30.0,PBT,150ML,,1681624689482-dabur nepal ltd--nepal-real fruit power#3.png,RECODING,5,99764967,52828,53072,1
67,2023-04-24,202304,2,129078628,21401020028,1681624289028,99764982,118,DABUR NEPAL LTD.-NEPAL,REAL FRUIT POWER,REAL FRUIT POWER/CARBONATE/APPLE FIZZIN/PBT/250ML/RS50,50.0,PBT,250ML,,1681624289028-dabur nepal ltd--nepal-real fruit power#3.png,RECODING,5,99764982,99764983,99764981,1
68,2023-04-24,202304,2,128879661,21401020024,1681200072931,99764966,118,BOTTLERS NEPAL - NEPAL,SPRITE,SPRITE-LEMON-PET 2250 ML/FREE 80 GM 2PM AKABARE CHICKEN NOODLES,260.0,PBT,2250ML,,1681200072931-bottlers nepal - nepal-sprite#3.png,RECODING,5,99764966,20150012,99765140,1
69,2023-04-26,202304,2,121261810023,12126020009,1682327910653,99764999,134,RAUTA SPRING WATER-NEPAL,RAUTA,RAUTA PET 500ML,15.0,PBT,500ML,,1682327910653-rauta spring water-nepal-rauta#3.png,RECODING,5,99764999,40120807,40110501,1
70,2023-04-28,202304,2,516813310180,51681020003,1682382940301,99765000,118,SOUTH ASIAN BEVERAGES P. LTD-NEPAL,APPY FIZZ APPLE,APPY FIZZ APPLE/250ML/PBT,50.0,PBT,250ML ,,1682382940301-south asian beverages p- ltd-nepal-appy fizz apple#3.png,RECODING,5,99765000,99764921,99765001,1
71,2023-04-28,202304,2,516753710207,51675020002,1682392107409,99765002,118,LUMBINI BEVERAGE-NEPAL,CUTE COLA ,CUTE COLA/2.25LTR/PBT,250.0,PBT,2.25LTR,,1682392107409-lumbini beverage-nepal-cute cola #3.png,RECODING,5,99765002,49831,49833,1
72,2023-04-28,202304,2,516753710207,51675020002,1682391952413,99765003,118,LUMBINI BEVERAGE-NEPAL,CUTE ORANGE ,CUTE ORANGE/2.25LTR/PBT,260.0,PBT,2.25LTR,,1682391952413-lumbini beverage-nepal-cute orange #3.png,RECODING,5,99765003,49830,49832,1
73,2023-04-28,202304,2,516753710207,51675020002,1682382940301,99765000,118,SOUTH ASIAN BEVERAGES P. LTD-NEPAL,APPY FIZZ APPLE,APPY FIZZ APPLE/250ML/PBT,50.0,PBT,250ML ,,1682382940301-south asian beverages p- ltd-nepal-appy fizz apple#3.png,RECODING,5,99765000,99764921,99765001,1
74,2023-04-28,202304,2,516753710207,51675020002,1682383989575,99765001,118,SOUTH ASIAN BEVERAGES P. LTD-NEPAL,APPY FIZZ APPLE,APPY FIZZ APPLE/500ML/PBT,80.0,PBT,500ML ,,1682383989575-south asian beverages p- ltd-nepal-appy fizz apple#3.png,RECODING,5,99765001,99764921,99765000,1
75,2023-04-28,202304,2,516753310237,51675020007,1682390221851,99765004,134,MARUTI DAIRY PRODUCT-NEPAL,MOO BADAM DRINK ,MOO BADAM DRINK/180ML/CAN/BADAM & KESAR,90.0,CAN,180ML ,,1682390221851-maruti dairy product-nepal-moo badam drink #3.png,RECODING,5,99765004,99765012,99763477,1
76,2023-04-28,202304,2,516813610182,51681020001,1681699904380,99764989,134,AGRO THAI FOODS PVT LTD-NEPAL,TIGER SHARK ,TIGER SHARK/250ML/CAN,120.0,CAN,250ML ,,1681699904380-agro thai foods pvt ltd-nepal-tiger shark #3.png,RECODING,5,99764989,99762356,99765463,1
77,2023-04-28,202304,2,516813610182,51681020001,1682390221851,99765004,134,MARUTI DAIRY PRODUCT-NEPAL,MOO BADAM DRINK ,MOO BADAM DRINK/180ML/CAN/BADAM & KESAR,90.0,CAN,180ML ,,1682390221851-maruti dairy product-nepal-moo badam drink #3.png,RECODING,5,99765004,99765012,99763477,1
78,2023-04-28,202304,2,516753310229,51675020004,1682382940301,99765000,118,SOUTH ASIAN BEVERAGES P. LTD-NEPAL,APPY FIZZ APPLE,APPY FIZZ APPLE/250ML/PBT,50.0,PBT,250ML ,,1682382940301-south asian beverages p- ltd-nepal-appy fizz apple#3.png,RECODING,5,99765000,99764921,99765001,1
79,2023-04-28,202304,2,516753310229,51675020004,1682383989575,99765001,118,SOUTH ASIAN BEVERAGES P. LTD-NEPAL,APPY FIZZ APPLE,APPY FIZZ APPLE/500ML/PBT,80.0,PBT,500ML ,,1682383989575-south asian beverages p- ltd-nepal-appy fizz apple#3.png,RECODING,5,99765001,99764921,99765000,1
81,2023-04-28,202304,2,114373444,21101020021,1682511381164,99765005,134,BLUEPINE MINERAL WATER-NEPAL,AQUA Q,AQUQ Q\19\LTRS\BLUE PINE MINERAL WATER\NEPAL,47.0,JAR,19 LTRS,,1682511381164-bluepine mineral water-nepal-aqua q#3.png,RECODING,5,99765005,40110723,40110734,1
22,2023-04-17,202304,2,124650089,31101020099,1681632388044,99764981,134,DABUR NEPAL LTD.-NEPAL,REAL FRUIT POWER,REAL FRUIT POWER-APPLE PBT 150ML,30.0,150ML,PBT,,1681632388044-dabur nepal ltd--nepal-real fruit power#3.png,RECODING,5,99764981,None,None,7
