CATEGORY,MANUFACTURE,BRAND,ITEMDESC,MRP,PACKSIZE,PACKTYPE
134,SURYADAYA DAIRY UDHYOG PVT LTD NEPAL,SURYADAYA ,SURYADAYA BADAM DRINK\180ML\CAN\RS:100\SURYADAYA DAIRY UDHYOG PVT LTD NEPAL,99.0,180ML,CAN
126,MADHU CHEMICAL COMPANY,MADHU,MADHU-SWEET SUPERI PPH-1.45 GM,3.0,1.45 GM.,PPH
105,SURYA NEPAL PVT LTD - NEPAL,SURYA FUSION,SURYA FUSION/HL/20NOS/MRP320,320.0,20 NOS,KS
126,MADHU PRODUCTS NEPAL,MADHU,MADHU-MADHU-SWEET SUPARI PPH 1.45G,3.0,1.45G,PPH
126,MADHU PRODUCTS NEPAL,MADHU,MADHU-MADHU-SWEET SUPARI PPH 1.45G,3.0,1.45G,PPH
126,MADHU PRODUCTS NEPAL,MADHU,MADHU-MADHU-SWEET SUPARI PPH 1.45G,3.0,1.45G,PPH
134,RAYBOT SPRING'S MINERAL WATER-NEPAL,RAYBOT REFRESH,RAYBOT REFRESH-LITCHI-PBT-250ML,50.0,250 ML,PBT
105,SURYA NEPAL PVT LTD - NEPAL,SURYA FUSION,SURYA FUSION,320.0,HL 20 NOS,CBP
126,MADHU PRODUCTS NEPAL,MADHU,MADHU-MADHU-SWEET SUPARI PPH 1.45G,3.0,1.45G,PPH
126,MADHU PRODUCTS NEPAL,MADHU,MADHU-MADHU-SWEET SUPARI PPH 1.45G,3.0,1.45G,PPH
126,MADHU PRODUCTS NEPAL,MADHU,MADHU-MADHU-SWEET SUPARI PPH 1.45G,3.0,1.45G,PPH
105,SURYA NEPAL PVT LTD - NEPAL,SURYA FUSION,SURYA FUSION/HL/20NOS/MRP320,320.0,20 NOS,KS
126,MADHU PRODUCTS NEPAL,MADHU,MADHU-MADHU-SWEET SUPARI PPH 1.45G,3.0,1.45G,PPH
126,MADHU PRODUCTS NEPAL,MADHU,MADHU-MADHU-SWEET SUPARI PPH 1.45G,3.0,1.45G,PPH
126,MADHU CHEMICAL COMPANY,MADHU,MADHU-SWEET SUPERI PPH-1.45 GM,3.0,1.45 GM.,PPH
126,MADHU PRODUCTS NEPAL,MADHU,MADHU-MADHU-SWEET SUPARI PPH 1.45G,3.0,1.45G,PPH
124,DEUTI GUTKHA INDUSTRIES,MEGHA SHREE PREMIUM,MEGHA SHREE PREMIUM GUTKHA 2.20G,5.0,2.20G,PPH
126,MADHU PRODUCTS NEPAL,MADHU,MADHU-MADHU-SWEET SUPARI PPH 1.45G,3.0,1.45G,PPH
118,SINGAPORE BEVERAGE-NEPAL,LEMONZAAAAA NIMBU PANI,LEMONZAAAAA NIMBU PANI-LEMON PET 1500ML,190.0,1500 ML,PET
126,MADHU CHEMICAL COMPANY,MADHU,MADHU-SWEET SUPERI PPH-1.45 GM,3.0,1.45 GM.,PPH
126,MADHU CHEMICAL COMPANY,MADHU,MADHU-SWEET SUPERI PPH-1.45 GM,3.0,1.45 GM.,PPH
126,MADHU CHEMICAL COMPANY,MADHU,MADHU-SWEET SUPERI PPH-1.45 GM,3.0,1.45 GM.,PPH
126,MADHU CHEMICAL COMPANY,MADHU,MADHU-SWEET SUPERI PPH-1.45 GM,3.0,1.45 GM.,PPH
126,MADHU CHEMICAL COMPANY,MADHU,MADHU-SWEET SUPERI PPH-1.45 GM,3.0,1.45 GM.,PPH
126,MADHU CHEMICAL COMPANY,MADHU,MADHU-SWEET SUPERI PPH-1.45 GM,3.0,1.45 GM.,PPH
126,MADHU CHEMICAL COMPANY,MADHU,MADHU-SWEET SUPERI PPH-1.45 GM,3.0,1.45 GM.,PPH
126,MADHU CHEMICAL COMPANY,MADHU,MADHU-SWEET SUPERI PPH-1.45 GM,3.0,1.45 GM.,PPH
105,SURYA NEPAL PVT LTD - NEPAL,SURYA FUSION,SURYA FUSION/HL/20NOS/MRP320,320.0,20 NOS,KS
126,MADHU CHEMICAL COMPANY,MADHU,MADHU-SWEET SUPERI PPH-1.45 GM,3.0,1.45 GM.,PPH
126,MADHU CHEMICAL COMPANY,MADHU,MADHU-SWEET SUPERI PPH-1.45 GM,3.0,1.45 GM.,PPH
126,MADHU PRODUCTS NEPAL,MADHU,MADHU-MADHU-SWEET SUPARI PPH 1.45G,3.0,1.45G,PPH
105,SURYA NEPAL PVT LTD - NEPAL,SURYA FUSION,SURYA FUSION,320.0,HL 20 NOS,CBP
118,MANAKAMANA FRUIT & BEVERAGE-NP,NIMBU FRESH,NIMBU FRESH-LEMON-LEMON PET 1500ML,190.0,1500ML,PET
126,MADHU CHEMICAL COMPANY,MADHU,MADHU-SWEET SUPERI PPH-1.45 GM,3.0,1.45 GM.,PPH
126,MADHU CHEMICAL COMPANY,MADHU,MADHU-SWEET SUPERI PPH-1.45 GM,3.0,1.45 GM.,PPH
126,MADHU CHEMICAL COMPANY,MADHU,MADHU-SWEET SUPERI PPH-1.45 GM,3.0,1.45 GM.,PPH
126,MADHU CHEMICAL COMPANY,MADHU,MADHU-SWEET SUPERI PPH-1.45 GM,3.0,1.45 GM.,PPH
126,MADHU PRODUCTS NEPAL,MADHU,MADHU-MADHU-SWEET SUPARI PPH 1.45G,3.0,1.45G,PPH
126,MADHU CHEMICAL COMPANY,MADHU,MADHU-SWEET SUPERI PPH-1.45 GM,3.0,1.45 GM.,PPH
105,SURYA NEPAL PVT LTD - NEPAL,SURYA FUSION,SURYA FUSION,320.0,20'S-KS,FTP
105,SURYA NEPAL PVT LTD - NEPAL,SURYA FUSION,SURYA FUSION,320.0,HL 20 NOS,CBP
105,SURYA NEPAL PVT LTD - NEPAL,SURYA FUSION,SURYA FUSION,320.0,HL 20 NOS,CBP
126,MADHU PRODUCTS NEPAL,MADHU,MADHU-MADHU-SWEET SUPARI PPH 1.45G,3.0,1.45G,PPH
124,DEUTI GUTKHA INDUSTRIES,MEGHA SHREE PREMIUM,MEGHA SHREE PREMIUM GUTKHA 2.20G,5.0,2.20G,PPH
126,MADHU PRODUCTS NEPAL,MADHU,MADHU-MADHU-SWEET SUPARI PPH 1.45G,3.0,1.45G,PPH
126,MADHU PRODUCTS NEPAL,MADHU,MADHU-MADHU-SWEET SUPARI PPH 1.45G,3.0,1.45G,PPH
124,DEUTI GUTKHA INDUSTRIES,MEGHA SHREE PREMIUM,MEGHA SHREE PREMIUM GUTKHA 2.20G,5.0,2.20G,PPH
124,VIKAS CHEMICALS NEPAL,SHUDH PLUS,SHUDH PLUS GUTKHA PPH 2G,5.0,2G,PPH
124,DEUTI GUTKHA INDUSTRIES,MEGHA SHREE PREMIUM,MEGHA SHREE PREMIUM GUTKHA 2.20G,5.0,2.20G,PPH
126,MADHU PRODUCTS NEPAL,MADHU,MADHU-MADHU-SWEET SUPARI PPH 1.45G,32.5,1.45G,PPH
126,MADHU PRODUCTS NEPAL,MADHU,MADHU-MADHU-SWEET SUPARI PPH 1.45G,3.0,1.45G,PPH
126,MADHU PRODUCTS NEPAL,MADHU,MADHU-MADHU-SWEET SUPARI PPH 1.45G,3.0,1.45G,PPH
126,MADHU PRODUCTS NEPAL,MADHU,MADHU-MADHU-SWEET SUPARI PPH 1.45G,3.0,1.45G,PPH
126,MADHU PRODUCTS NEPAL,MADHU,MADHU-MADHU-SWEET SUPARI PPH 1.45G,3.0,1.45G,PPH
126,MADHU CHEMICAL COMPANY,MADHU,MADHU-SWEET SUPERI PPH-1.45 GM,3.0,1.45 GM.,PPH
105,SURYA NEPAL PVT LTD - NEPAL,SURYA FUSION,SURYA FUSION,320.0,20'S-KS,FTP
105,SURYA NEPAL PVT LTD - NEPAL,SURYA FUSION,SURYA FUSION,320.0,20'S-KS,FTP
105,SURYA NEPAL PVT LTD - NEPAL,SURYA FUSION,SURYA FUSION,320.0,20'S-KS,FTP
105,SURYA NEPAL PVT LTD - NEPAL,SURYA FUSION,SURYA FUSION,320.0,20'S-KS,FTP
126,MADHU CHEMICAL COMPANY,MADHU,MADHU-SWEET SUPERI PPH-1.45 GM,3.0,1.45 GM.,PPH
126,MADHU CHEMICAL COMPANY,MADHU,MADHU-SWEET SUPERI PPH-1.45 GM,3.0,1.45 GM.,PPH
126,MADHU CHEMICAL COMPANY,MADHU,MADHU-SWEET SUPERI PPH-1.45 GM,3.0,1.45 GM.,PPH
126,MADHU CHEMICAL COMPANY,MADHU,MADHU-SWEET SUPERI PPH-1.45 GM,3.0,1.45 GM.,PPH
105,GORKHA LAHARI PVT. LTD,CAPTAIN FILTER KING GOLD,CAPTAIN/20/HL/LUXURY/GORKHA LAHARI PVT. LTD/NEPAL,161.0,20,HL
124,DEUTI GUTKHA INDUSTRIES,MEGHA SHREE PREMIUM,MEGHA SHREE PREMIUM\2.20GM\PPHRS:5\DEUTI GUTKHA INDUSTRIES NEPAL,5.0,2.20GM,PPH
124,DEUTI GUTKHA INDUSTRIES,MEGHA SHREE PREMIUM,MEGHA SHREE PREMIUM\2.20GM\PPHRS:5\DEUTI GUTKHA INDUSTRIES NEPAL,5.0,2.20GM,PPH
105,SURYA NEPAL PVT LTD - NEPAL,SURYA FUSION,SURYA FUSION,320.0,HL 20 NOS,CBP
105,SURYA NEPAL PVT LTD - NEPAL,SURYA FUSION,SURYA FUSION,320.0,HL 20 NOS,CBP
105,GORKHA LAHARI PVT.LTD.- NEPAL,CAPTAIN GOLD,CAPTAIN GOLD FILTER KINGS /HL/20 NOS,161.5,20 NOS,CBP
105,SURYA NEPAL PVT LTD - NEPAL,SURYA FUSION,SURYA FUSION\20\NOSE\RS320,320.0,20 NOSE,KFT
105,GORKHA LAHARI PVT.LTD.- NEPAL,CAPTAIN GOLD,CAPTAIN GOLD FILTER KINGS \20\RS161,161.0,20 NOSE,KFT
105,SURYA NEPAL PVT LTD - NEPAL,SURYA FUSION,SURYA FUSION\20\NOSE\RS320,320.0,20 NOSE,KFT
126,MADHU CHEMICAL COMPANY,MADHU,MADHU-SWEET SUPERI PPH-1.45 GM,3.0,1.45 GM.,PPH
124,DEUTI GUTKHA INDUSTRIES,MEGHA SHREE PREMIUM,MEGHA SHREE PREMIUM-MEGHA SHREE-REGULAR-PPH 2.20GM,5.0,2.20GM,PPH
124,DEUTI GUTKHA INDUSTRIES,MEGHA SHREE PREMIUM,MEGHA SHREE PREMIUM-MEGHA SHREE-REGULAR-PPH 2.20GM,5.0,2.20GM,PPH
105,SURYA NEPAL PVT LTD - NEPAL,SURYA FUSION,SURYA FUSION,320.0,20'S-KS,FTP
105,SURYA NEPAL PVT LTD - NEPAL,SURYA FUSION,SURYA FUSION,320.0,20'S-KS,FTP
126,MADHU PRODUCTS NEPAL,MADHU,MADHU-MADHU-SWEET SUPARI PPH 1.45G,3.0,1.45G,PPH
126,MADHU PRODUCTS NEPAL,MADHU,MADHU-MADHU-SWEET SUPARI PPH 1.45G,3.0,1.45G,PPH
134,T.R. INTERNATIONAL GROUP P.LTD-NPL,OXY PLUS,OXY-PLUS/PBT/750ML/MRP 45/T.R.INTERNATIONAL GROUP PVT.LTD.,45.0,750ML,PBT
105,SURYA NEPAL PVT LTD - NEPAL,SURYA FUSION,SURYA FUSION,320.0,HL 20 NOS,CBP
105,SURYA NEPAL PVT LTD - NEPAL,SURYA FUSION,SURYA FUSION,320.0,HL 20 NOS,CBP
126,MADHU CHEMICAL COMPANY,MADHU,MADHU-SWEET SUPERI PPH-1.45 GM,3.0,1.45 GM.,PPH
126,MADHU CHEMICAL COMPANY,MADHU,MADHU-SWEET SUPERI PPH-1.45 GM,3.0,1.45 GM.,PPH
126,MADHU CHEMICAL COMPANY,MADHU,MADHU-SWEET SUPERI PPH-1.45 GM,3.0,1.45 GM.,PPH
126,MADHU CHEMICAL COMPANY,MADHU,MADHU-SWEET SUPERI PPH-1.45 GM,3.0,1.45 GM.,PPH
105,SURYA NEPAL PVT LTD - NEPAL,SURYA FUSION,SURYA FUSION,320.0,20'S-KS,FTP
105,SURYA NEPAL PVT LTD - NEPAL,SURYA FUSION,SURYA FUSION,320.0,20'S-KS,FTP
126,MADHU PRODUCTS NEPAL,MADHU,MADHU-MADHU-SWEET SUPARI PPH 1.45G,3.0,1.45G,PPH
124,DEUTI GUTKHA INDUSTRIES,MEGHA SHREE PREMIUM,MEGHA SHREE PREMIUM GUTKHA 2.20G,5.0,2.20G,PPH
126,MADHU PRODUCTS NEPAL,MADHU,MADHU-MADHU-SWEET SUPARI PPH 1.45G,3.0,1.45G,PPH
118,MANAKAMANA FRUIT & BEVERAGE-NP,NIMBU FRESH,NIMBU FRESH-LEMON-LEMON PET 1500ML,190.0,1500ML,PET
105,SURYA NEPAL PVT LTD - NEPAL,SURYA FUSION,SURYA FUSION/HL/20NOS/MRP320,320.0,20 NOS,KS
105,SURYA NEPAL PVT LTD - NEPAL,SURYA FUSION,SURYA FUSION/HL/20NOS/MRP320,320.0,20 NOS,KS
126,MADHU CHEMICAL COMPANY,MADHU,MADHU SWEET- SUPARI PPH 1.45 GM.,3.0,1.45GM,PPH
105,SURYA NEPAL PVT LTD - NEPAL,SURYA FUSION,SURYA FUSION/HL/20NOS/MRP320,320.0,20 NOS,KS
105,SURYA NEPAL PVT LTD - NEPAL,SURYA FUSION,SURYA FUSION/HL/20NOS/MRP320,320.0,20 NOS,KS
105,SURYA NEPAL PVT LTD - NEPAL,SURYA FUSION,SURYA FUSION,320.0,75-85MM,20
105,SURYA NEPAL PVT LTD - NEPAL,SURYA FUSION,SURYA FUSION,320.0,75-85MM,20
105,SURYA NEPAL PVT LTD - NEPAL,SURYA FUSION,SURYA FUSION,320.0,75-85MM,20
105,SURYA NEPAL PVT LTD - NEPAL,SURYA FUSION,SURYA FUSION,320.0,75-85MM,20
105,SURYA NEPAL PVT LTD - NEPAL,SURYA FUSION,SURYA FUSION,320.0,75-85MM,20
105,SURYA NEPAL PVT LTD - NEPAL,SURYA FUSION,SURYA FUSION,320.0,75-85MM,20
126,MADHU CHEMICAL COMPANY,MADHU,MADHU SWEET- SUPARI PPH 1.45 GM.,3.0,1.45GM,PPH
126,MADHU CHEMICAL COMPANY,MADHU,MADHU SWEET- SUPARI PPH 1.45 GM.,3.0,1.45GM,PPH
105,SURYA NEPAL PVT LTD - NEPAL,SURYA FUSION,SURYA FUSION,320.0,20K'S,FLT
105,SURYA NEPAL PVT LTD - NEPAL,SURYA FUSION,SURYA FUSION,320.0,20K'S,FLT
124,DEUTI GUTKHA INDUSTRIES,MEGHA SHREE PREMIUM,MEGHA SHREE PREMIUM-MEGHA SHREE-REGULAR-PPH 2.20GM,5.0,2.20GM,PPH
124,DEUTI GUTKHA INDUSTRIES,MEGHA SHREE PREMIUM,MEGHA SHREE PREMIUM-MEGHA SHREE-REGULAR-PPH 2.20GM,5.0,2.20GM,PPH
126,MADHU CHEMICAL COMPANY,MADHU,MADHU SWEET- SUPARI PPH 1.45 GM.,3.0,1.45GM,PPH
126,MADHU CHEMICAL COMPANY,MADHU,MADHU SWEET- SUPARI PPH 1.45 GM.,3.0,1.45GM,PPH
126,MADHU CHEMICAL COMPANY,MADHU,MADHU SWEET- SUPARI PPH 1.45 GM.,3.0,1.45GM,PPH
126,MADHU CHEMICAL COMPANY,MADHU,MADHU SWEET- SUPARI PPH 1.45 GM.,3.0,1.45GM,PPH
126,MADHU CHEMICAL COMPANY,MADHU,MADHU SWEET- SUPARI PPH 1.45 GM.,3.0,1.45GM,PPH
126,MADHU CHEMICAL COMPANY,MADHU,MADHU SWEET- SUPARI PPH 1.45 GM.,3.0,1.45GM,PPH
134,AGRO THAI FOODS PVT LTD-NEPAL,JUICE JELLY,JUICE JELLY-STRAWBERRY PBT 320 ML,99.0,320ML,PBT
126,MADHU CHEMICAL COMPANY,MADHU,MADHU SWEET- SUPARI PPH 1.45 GM.,3.0,1.45GM,PPH
134,RAYBOT SPRING'S MINERAL WATER-NEPAL,RAYBOT REFRESH,RAYBOT REFRESH-LITCHI-PBT-250ML,50.0,250 ML,PBT
124,DEUTI GUTKHA INDUSTRIES,MEGHA SHREE PREMIUM,MEGHA SHREE PREMIUM\2.20GM\PPHRS:5\DEUTI GUTKHA INDUSTRIES NEPAL,5.0,2.20GM,PPH
134,SURYADAYA DAIRY UDHYOG PVT LTD NEPAL,SURYADAYA ,SURYADAYA BADAM DRINK\180ML\CAN\RS:100\SURYADAYA DAIRY UDHYOG PVT LTD NEPAL,100.0,180ML,CAN
124,DEUTI GUTKHA INDUSTRIES,MEGHA SHREE PREMIUM,MEGHA SHREE PREMIUM-MEGHA SHREE-REGULAR-PPH 2.20GM,5.0,2.20GM,PPH
126,MADHU CHEMICAL COMPANY,MADHU,MADHU SWEET- SUPARI PPH 1.45 GM.,3.0,1.45GM,PPH
126,MADHU CHEMICAL COMPANY,MADHU,MADHU SWEET- SUPARI PPH 1.45 GM.,3.0,1.45GM,PPH
126,MADHU CHEMICAL COMPANY,MADHU,MADHU SWEET- SUPARI PPH 1.45 GM.,3.0,1.45GM,PPH
126,MADHU CHEMICAL COMPANY,MADHU,MADHU SWEET- SUPARI PPH 1.45 GM.,3.0,1.45GM,PPH
126,MADHU CHEMICAL COMPANY,MADHU,MADHU SWEET- SUPARI PPH 1.45 GM.,3.0,1.45GM,PPH
126,MADHU CHEMICAL COMPANY,MADHU,MADHU SWEET- SUPARI PPH 1.45 GM.,3.0,1.45GM,PPH
134,AGRO THAI FOODS PVT LTD-NEPAL,JUICE JELLY,JUICE JELLY-CRANBERRY PBT 320ML,99.0,320 ML,PBT 
134,AGRO THAI FOODS PVT LTD-NEPAL,JUICE JELLY,JUICE JELLY-STRAWBERRY PBT 320 ML,99.0,320ML,PBT
105,SURYA NEPAL PVT LTD - NEPAL,SURYA FUSION,SURYA FUSION,320.0,20'S-KS,FTP
126,MADHU CHEMICAL COMPANY,MADHU,MADHU SWEET- SUPARI PPH 1.45 GM.,3.0,1.45GM,PPH
126,MADHU CHEMICAL COMPANY,MADHU,MADHU SWEET- SUPARI PPH 1.45 GM.,3.0,1.45GM,PPH
126,MADHU CHEMICAL COMPANY,MADHU,MADHU SWEET- SUPARI PPH 1.45 GM.,3.0,1.45GM,PPH
124,DEUTI GUTKHA INDUSTRIES,MEGHA SHREE PREMIUM,PREMIUM MEGHA SHREE/DEUTI GUTKHA INDUSTRIES/PPH/2GM,5.0,2GM,PPH
105,SURYA NEPAL PVT LTD - NEPAL,SURYA FUSION,SURYA FUSION/HL/20NOS/MRP320,320.0,20 NOS,KS
126,MADHU CHEMICAL COMPANY,MADHU,MADHU SWEET- SUPARI PPH 1.45 GM.,3.0,1.45GM,PPH
126,MADHU CHEMICAL COMPANY,MADHU,MADHU SWEET- SUPARI PPH 1.45 GM.,3.0,1.45GM,PPH
126,MADHU CHEMICAL COMPANY,MADHU,MADHU SWEET- SUPARI PPH 1.45 GM.,3.0,1.45GM,PPH
124,DEUTI GUTKHA INDUSTRIES,MEGHA SHREE PREMIUM,MEGHA SHREE PREMIUM-MEGHA SHREE-REGULAR-PPH 2.20GM,5.0,2.20GM,PPH
126,MADHU CHEMICAL COMPANY,MADHU,MADHU SWEET- SUPARI PPH 1.45 GM.,3.0,1.45GM,PPH
126,MADHU CHEMICAL COMPANY,MADHU,MADHU SWEET- SUPARI PPH 1.45 GM.,3.0,1.45GM,PPH
105,SURYA NEPAL PVT LTD - NEPAL,SURYA FUSION,SURYA FUSION,320.0,20K'S,FLT
105,SURYA NEPAL PVT LTD - NEPAL,SURYA FUSION,SURYA FUSION,320.0,20K'S,FLT
105,GORKHA LAHARI PVT. LTD,CAPTAIN FILTER KING GOLD,CAPTAIN/20/HL/LUXURY/GORKHA LAHARI PVT. LTD/NEPAL,161.0,20,HL
105,SURYA NEPAL PVT LTD - NEPAL,SURYA FUSION,SURYA FUSION,320.0,HL 20 NOS,CBP
105,SURYA NEPAL PVT LTD - NEPAL,SURYA FUSION,SURYA FUSION,320.0,HL 20 NOS,CBP
105,SURYA NEPAL PVT LTD - NEPAL,SURYA FUSION,SURYA FUSION,320.0,HL 20 NOS,CBP
105,SURYA NEPAL PVT LTD - NEPAL,SURYA FUSION,SURYA FUSION,320.0,HL 20 NOS,CBP
105,SURYA NEPAL PVT LTD - NEPAL,SURYA FUSION,SURYA FUSION,320.0,HL 20 NOS,CBP
126,MADHU CHEMICAL COMPANY,MADHU,MADHU SWEET- SUPARI PPH 1.45 GM.,3.0,1.45GM,PPH
126,MADHU CHEMICAL COMPANY,MADHU,MADHU SWEET- SUPARI PPH 1.45 GM.,3.0,1.45GM,PPH
126,MADHU CHEMICAL COMPANY,MADHU,MADHU SWEET- SUPARI PPH 1.45 GM.,3.0,1.45GM,PPH
105,SURYA NEPAL PVT LTD - NEPAL,SURYA FUSION,SURYA FUSION,320.0,75-85MM,20
105,SURYA NEPAL PVT LTD - NEPAL,SURYA FUSION,SURYA FUSION,320.0,75-85MM,20
105,SURYA NEPAL PVT LTD - NEPAL,SURYA FUSION,SURYA FUSION,320.0,75-85MM,20
105,SURYA NEPAL PVT LTD - NEPAL,SURYA FUSION,SURYA FUSION,320.0,75-85MM,20
105,SURYA NEPAL PVT. LTD. ,SURYA FUSION,SURYA FUSION-SURYA NEPAL-20-STICK-HL,320.0,20,HL
105,SURYA NEPAL PVT. LTD. ,SURYA FUSION,SURYA FUSION-SURYA NEPAL-20-STICK-HL,320.0,20,HL
105,SURYA NEPAL PVT LTD - NEPAL,SURYA FUSION,SURYA FUSION,320.0,20K'S,FLT
105,SURYA NEPAL PVT LTD - NEPAL,SURYA FUSION,SURYA FUSION,320.0,20K'S,FLT
126,MADHU CHEMICAL COMPANY,MADHU,MADHU SWEET- SUPARI PPH 1.45 GM.,3.0,1.45GM,PPH
105,SURYA NEPAL PVT LTD - NEPAL,SURYA FUSION,SURYA FUSION,320.0,75-85MM,20
105,SURYA NEPAL PVT LTD - NEPAL,SURYA FUSION,SURYA FUSION,320.0,75-85MM,20
105,SURYA NEPAL PVT LTD - NEPAL,SURYA FUSION,SURYA FUSION,320.0,75-85MM,20
105,SURYA NEPAL PVT LTD - NEPAL,SURYA FUSION,SURYA FUSION,320.0,20K'S,FLT
105,SURYA NEPAL PVT LTD - NEPAL,SURYA FUSION,SURYA FUSION,320.0,20K'S,FLT
105,SURYA NEPAL PVT LTD - NEPAL,SURYA FUSION,SURYA FUSION,320.0,75-85MM,20
105,SURYA NEPAL PVT LTD - NEPAL,SURYA FUSION,SURYA FUSION,320.0,75-85MM,20
105,SURYA NEPAL PVT LTD - NEPAL,SURYA FUSION,SURYA FUSION,320.0,75-85MM,20
105,SURYA NEPAL PVT LTD - NEPAL,SURYA FUSION,SURYA FUSION,320.0,75-85MM,20
105,SURYA NEPAL PVT LTD - NEPAL,SURYA FUSION,SURYA FUSION,320.0,75-85MM,20
134,RAYBOT SPRING'S MINERAL WATER-NEPAL,RAYBOT REFRESH,RAYBOT REFRESH MANGO PET 500ML,90.0,500ML,PET
105,SURYA NEPAL PVT LTD - NEPAL,SURYA FUSION,SURYA FUSION,320.0,HL 20 NOS,CBP
105,SURYA NEPAL PVT LTD - NEPAL,SURYA FUSION,SURYA FUSION,320.0,HL 20 NOS,CBP
105,SURYA NEPAL PVT LTD - NEPAL,SURYA FUSION,SURYA FUSION,320.0,HL 20 NOS,CBP
105,SURYA NEPAL PVT LTD - NEPAL,SURYA FUSION,SURYA FUSION,320.0,HL 20 NOS,CBP
105,SURYA NEPAL PVT LTD - NEPAL,SURYA FUSION,SURYA FUSION,320.0,HL 20 NOS,CBP
105,SURYA NEPAL PVT LTD - NEPAL,SURYA FUSION,SURYA FUSION,320.0,HL 20 NOS,CBP
105,SURYA NEPAL PVT LTD - NEPAL,SURYA FUSION,SURYA FUSION,320.0,HL 20 NOS,CBP
105,SURYA NEPAL PVT LTD - NEPAL,SURYA FUSION,SURYA FUSION,320.0,HL 20 NOS,CBP
105,SURYA NEPAL PVT LTD - NEPAL,SURYA FUSION,SURYA FUSION/HL/20NOS/MRP320,320.0,20 NOS,KS
105,SURYA NEPAL PVT LTD - NEPAL,SURYA FUSION,SURYA FUSION/HL/20NOS/MRP320,320.0,20 NOS,KS
105,SURYA NEPAL PVT LTD - NEPAL,SURYA FUSION,SURYA FUSION/HL/20NOS/MRP320,320.0,20 NOS,KS
105,GORKHA LAHARI PVT.LTD.- NEPAL,CAPTAIN GOLD,CAPTAIN GOLD/HL/20NOS/KFS/RS161.5,161.5,20NOS,KFS
105,SURYA NEPAL PVT LTD - NEPAL,SURYA FUSION,SURYA FUSION,320.0,HL 20 NOS,CBP
105,SURYA NEPAL PVT LTD - NEPAL,SURYA FUSION,SURYA FUSION,320.0,HL 20 NOS,CBP
124,DEUTI GUTKHA INDUSTRIES,MEGHA SHREE PREMIUM,PREMIUM MEGHA SHREE/DEUTI GUTKHA INDUSTRIES/PPH/2GM,5.0,2GM,PPH
124,DEUTI GUTKHA INDUSTRIES,MEGHA SHREE PREMIUM,PREMIUM MEGHA SHREE/DEUTI GUTKHA INDUSTRIES/PPH/2GM,5.0,2GM,PPH
105,SURYA NEPAL PVT LTD - NEPAL,SURYA FUSION,SURYA FUSION,320.0,HL 20 NOS,CBP
105,SURYA NEPAL PVT LTD - NEPAL,SURYA FUSION,SURYA FUSION,320.0,20,HL
105,SURYA NEPAL PVT LTD - NEPAL,SURYA FUSION,SURYA FUSION,320.0,20,HL
105,SURYA NEPAL PVT LTD - NEPAL,SURYA FUSION,SURYA FUSION,320.0,20,HL
105,SURYA NEPAL PVT LTD - NEPAL,SURYA FUSION,SURYA FUSION,320.0,20,HL
105,SURYA NEPAL PVT LTD - NEPAL,SURYA FUSION,SURYA FUSION,320.0,20,HL
105,SURYA NEPAL PVT LTD - NEPAL,SURYA FUSION,SURYA FUSION,320.0,20,HL
105,SURYA NEPAL PVT LTD - NEPAL,SURYA FUSION,SURYA FUSION,320.0,20,HL
105,SURYA NEPAL PVT LTD - NEPAL,SURYA FUSION,SURYA FUSION,320.0,20,HL
105,SURYA NEPAL PVT LTD - NEPAL,SURYA FUSION,SURYA FUSION,320.0,20,HL
105,SURYA NEPAL PVT LTD - NEPAL,SURYA FUSION,SURYA FUSION,320.0,20K'S,FLT
105,SURYA NEPAL PVT LTD - NEPAL,SURYA FUSION,SURYA FUSION,320.0,20K'S,FLT
105,SURYA NEPAL PVT LTD - NEPAL,CAPTAIN FILTER KINGS,CAPTAIN FILTER KINGS GOLD,161.5,20K''S,FLT
105,SURYA NEPAL PVT LTD - NEPAL,SURYA FUSION,SURYA FUSION,320.0,20K'S,FLT
124,DEUTI GUTKHA INDUSTRIES,MEGHA SHREE PREMIUM,PREMIUM MEGHA SHREE/DEUTI GUTKHA INDUSTRIES/PPH/2GM,5.0,2GM,PPH
124,DEUTI GUTKHA INDUSTRIES,MEGHA SHREE PREMIUM,PREMIUM MEGHA SHREE/DEUTI GUTKHA INDUSTRIES/PPH/2GM,5.0,2GM,PPH
124,DEUTI GUTKHA INDUSTRIES,MEGHA SHREE PREMIUM,PREMIUM MEGHA SHREE/DEUTI GUTKHA INDUSTRIES/PPH/2GM,5.0,2GM,PPH
124,DEUTI GUTKHA INDUSTRIES,MEGHA SHREE PREMIUM,PREMIUM MEGHA SHREE/DEUTI GUTKHA INDUSTRIES/PPH/2GM,5.0,2GM,PPH
134,CHAUDHARY GROUP - NEPAL,RIO,RIO-APPLE-APPLE TPK 180ML,30.0,180ML,TPK
134,CHAUDHARY GROUP - NEPAL,RIO,RIO-APPLE-APPLE TPK 180ML,30.0,180ML,TPK
105,SURYA NEPAL PVT LTD - NEPAL,SURYA FUSION,SURYA FUSION,320.0,20K'S,FLT
105,SURYA NEPAL PVT LTD - NEPAL,SURYA FUSION,SURYA FUSION,320.0,20K'S,FLT
105,SURYA NEPAL PVT LTD - NEPAL,SURYA FUSION,SURYA FUSION,320.0,20K'S,FLT
105,SURYA NEPAL PVT LTD - NEPAL,SURYA FUSION,SURYA FUSION,320.0,20K'S,FLT
105,SURYA NEPAL PVT LTD - NEPAL,SURYA FUSION,SURYA FUSION,320.0,20K'S,FLT
105,SURYA NEPAL PVT LTD - NEPAL,SURYA FUSION,SURYA FUSION,320.0,20K'S,FLT
105,SURYA NEPAL PVT LTD - NEPAL,SURYA FUSION,SURYA FUSION,320.0,20K'S,FLT
105,SURYA NEPAL PVT LTD - NEPAL,SURYA FUSION,SURYA FUSION,320.0,20K'S,FLT
105,SURYA NEPAL PVT LTD - NEPAL,SURYA FUSION,SURYA FUSION,320.0,20K'S,FLT
105,SURYA NEPAL PVT. LTD. ,SURYA FUSION,SURYA FUSION-SURYA NEPAL-20-STICK-HL,320.0,20,HL
