DATE,PERIOD,STORECODE,ITEMCODE,NEW_CODES,CATEGORY,MANUFACTURE,BRAND,ITEMDESC,MRP,PACKSIZE,PACKTYPE,COMMENTS,IMAGE,CODE COMMENT,FLAG
2022-11-23 00:00:00,202211,130254973,1669107381065,99764385,123,ALOK UDHYOG SAMITI-INDIA,JAY GREEN,JAY GREEN/DETERGENT CAKE/105GM/PPH,8,PPH,105GM,,1669107381065-alok udhyog samiti-india-jay green#3.png,RECODING,5
2022-11-23 00:00:00,202211,130403386,1669100801737,99764386,132,A.G. HEALTH INDUSTRIES PVT LTD-NEPAL,SAGUN BABY DIAPERS,SAGUN BABY DIAPERS/SMALL/5 PCS/PPH,100,PPH,5 PCS,,1669100801737-a-g- health industries pvt ltd-nepal-sagun baby diapers#3.png,RECODING,5
2022-11-23 00:00:00,202211,130403386,1669098022612,99764387,106,SUJAL FOODS PVT LTD-NEPAL,RASILO CANDY,RASILO CANDY/SPICY MAZZA/3.2GM/PPH,1,PPH,3.2GM,,1669098022612-sujal foods pvt ltd-nepal-rasilo candy#3.png,RECODING,5
2022-11-23 00:00:00,202211,115069915,1669102737081,99764389,122,JANUKA & SONS INDUSTRIES-NEPAL,API GREEN HERBAL GHADI ,API GREEN HERBAL GHADI/750/GM/PPH,100,PPH,750 GM,,1669102737081-januka - sons industries-nepal-api green herbal ghadi #3.png,RECODING,5
2022-11-23 00:00:00,202211,115069915,1669102870234,99764388,122,JANUKA & SONS INDUSTRIES-NEPAL,API GREEN HERBAL GHADI ,API GREEN HERBAL GHADI/350/GM/PPH,50,PPH,350 GM,,1669102870234-januka - sons industries-nepal-api green herbal ghadi #3.png,RECODING,5
2022-11-24 00:00:00,202211,128997655,1669181574420,99764390,117,UNILEVER NEPAL LTD-NEPAL,DOVE NUTRITIVE SOLUTIONS,DOVE NUTRITIVE SOLUTIONS/DAILY SHINE/325ML/PBT,340,PBT,325ML,,1669181574420-unilever nepal ltd-nepal-dove nutritive solutions#3.png,RECODING,5
2022-11-24 00:00:00,202211,124916559,1669193517248,99764391,132,THE HIMALAYA DRUG COMPANY INDIA ,HIMALAYA TOTAL CARE BABY PANTS,HIMALAYA TOTAL CARE BABY PANTS/MEDIUM/9 PANTS/PPH,216,PPH,9 PANTS ,,1669193517248-the himalaya drug company india -himalaya total care baby pants#3.png,RECODING,5
2022-11-24 00:00:00,202211,124621587,1669187073514,99764392,110,PREM HENNA PVT LTD-INDIA,NISHA QUICK COLOR,NISHA QUICK COLOR SHAMPOO BASED HAIR COLOR/ORIGINAL BLACK/20ML/PPH,50,PPH,20ML,,1669187073514-prem henna pvt ltd-india-nisha quick color#3.png,RECODING,5
2022-11-24 00:00:00,202211,124567392,1669184105457,99763729,116,PAGODA INTERNATIONAL LTD-NPL,BEAUTY PLUS,BEAUTY PLUS/FEEL COMFORT & CONFIDENCE/7PADS/PPH,60,PPH,7 PADS,,1669184105457-pagoda international ltd-npl-beauty plus#3.png,CROSS CODING,2
2022-11-24 00:00:00,202211,124567392,1669183333025,99764393,130,SAFE GUARD CONTRACPTVS P LT-IN,D'LAY,D'LAY DOTTED/ORANGE/3 PCS/CBP,50,CBP,3 PCS,,1669183333025-safe guard contracptvs p lt-in-d-lay#3.png,RECODING,5
2022-11-25 00:00:00,202211,123262051,1669272565941,99764402,122,HIMGIRI HYGIENE PVT LTD-NEPAL,SHAKTI DETERGENT POWER,SHAKTI DETERGENT POWER\350\GM,20,PPH,350 GM,New SKU,1669272565941-himgiri hygiene pvt ltd-nepal-shakti detergent power#3.png,RECODING,5
2022-11-25 00:00:00,202211,130971813,1669269954473,99764403,123,MAKALU SOAP-NEPAL,JHILKE ,JHILKE\250GM\PPH\PRIMIUM LAUNDRY SOAP ,55,PPH ,250GM,,1669269954473-makalu soap-nepal-jhilke #3.png,RECODING,5
2022-11-25 00:00:00,202211,127031725,1669272981061,99764398,120,JYOTHY LABORATORIES LTD-INDIA,MARGO,MARGO\43GM\EWP\NEEM,16,EWP,43GM,,1669272981061-jyothy laboratories ltd-india-margo#3.png,RECODING,5
2022-11-25 00:00:00,202211,127031725,1669272663822,99764399,120,HINDUSTAN UNILEVER LTD-INDIA,LUX ,LUX\23GM\PPH\VELVETY GLOW ,8,PPH,23GM,,1669272663822-hindustan unilever ltd-india-lux #3.png,RECODING,5
2022-11-25 00:00:00,202211,130646198,1669266335963,99764404,123,SHIV SHAKTI OIL & FATS-NP,SWIFT,SWIFT\250GM\PPH\LAUNDRY SOAP ,50,PPH,250GM,,1669266335963-shiv shakti oil - fats-np-swift#3.png,RECODING,5
2022-11-25 00:00:00,202211,130646198,1669267666095,99764396,106,DAZZY PRODUCTS-PVT.LTDINDIA ,DAZZY  GOLD,DAZZY GOLD\6GM\PPH\MANGO,4,PPH,6GM,,1669267666095-dazzy products-pvt-ltdindia -dazzy  gold#3.png,RECODING,5
2022-11-25 00:00:00,202211,130646198,1669267848626,99764395,106,DAZZY PRODUCTS-PVT.LTDINDIA ,DAZZY  GOLD,DAZZY GOLD\6GM\PPH\ROSE,4,PPH,6GM,,1669267848626-dazzy products-pvt-ltdindia -dazzy  gold#3.png,RECODING,5
2022-11-25 00:00:00,202211,130646198,1669267935494,99764394,106,DAZZY PRODUCTS-PVT.LTDINDIA ,DAZZY  GOLD,DAZZY GOLD\6GM\PPH\COCONUT ,4,PPH,6GM,,1669267935494-dazzy products-pvt-ltdindia -dazzy  gold#3.png,RECODING,5
2022-11-25 00:00:00,202211,125735638,1669267863107,99764400,120,UNILEVER NEPAL LTD-NEPAL,LIFEBUOY NATURE,LIFEBUOY NATURE/ACTIV SILVER FORMULA/90GM/EWP,40,EWP,90GM ,,1669267863107-unilever nepal ltd-nepal-lifebuoy nature#3.png,RECODING,5
2022-11-25 00:00:00,202211,125735638,1669267979459,99764297,120,UNILEVER NEPAL LTD-NEPAL,LIFEBUOY CARE,LIFEBUOY CARE/ACTIV SILVER FORMULA/90GM/EWP,40,EWP,90GM ,,1669267979459-unilever nepal ltd-nepal-lifebuoy care#3.png,CROSS CODING,2
2022-11-25 00:00:00,202211,125735638,1669269184174,99764397,117,UNILEVER NEPAL LTD-NEPAL,DOVE NUTRITIVE SOLUTIONS ,DOVE NUTRITIVE SOLUTIONS/HAIR FALL RESCUE CONDITIONER/6.5ML/SCT,4,SCT,6.5ML,,1669269184174-unilever nepal ltd-nepal-dove nutritive solutions #3.png,RECODING,5
2022-11-25 00:00:00,202211,126253338,1669274184394,99764401,120,UNILEVER NEPAL LTD-NEPAL,LIFEBUOY TOTAL PROTECT ,LIFEBUOY TOTAL PROTECT/ACTIV SILVER FORMULA/43GM/EWP,18,EWP,43GM ,,1669274184394-unilever nepal ltd-nepal-lifebuoy total protect #3.png,RECODING,5
2022-11-25 00:00:00,202211,126253338,1669272650101,99764405,132,JASMINE HYGIENIC - NEPAL,CUDDLERS PANTS,CUDDLERS PANTS OVERNIGHT/LARGE/4 PCS/PPH,100,PPH,4 PCS,,1669272650101-jasmine hygienic - nepal-cuddlers pants#3.png,RECODING,5
2022-11-25 00:00:00,202211,126253338,1669269184174,99764397,117,UNILEVER NEPAL LTD-NEPAL,DOVE NUTRITIVE SOLUTIONS ,DOVE NUTRITIVE SOLUTIONS/HAIR FALL RESCUE CONDITIONER/6.5ML/SCT,6,SCT,6.5ML,,1669269184174-unilever nepal ltd-nepal-dove nutritive solutions #3.png,RECODING,5
2022-11-26 00:00:00,202211,124866555,1669363010825,99764408,122,DINESH SOAP & HOUSEHOLD-NPL,DINESH 3IN1,DINESH 3IN1/GREEN LIME/750GM/PPH,100,PPH,750GM ,,1669363010825-dinesh soap - household-npl-dinesh 3in1#3.png,RECODING,5
2022-11-26 00:00:00,202211,124866555,1669358295363,99764406,106,SUJAL FOODS PVT LTD-NEPAL,SMART LOLLYPOP,SMART LOLLIPOP/LITCHI/9GM/PPH,5,PPH,9GM,,1669358295363-sujal foods pvt ltd-nepal-smart lollypop#3.png,RECODING,5
2022-11-26 00:00:00,202211,124866555,1669363381360,99764409,122,NEPCHEM GROUP-NEPAL,NEP-X,NEP-X PREMIUM/450GM/PPH,50,PPH,450GM ,,1669363381360-nepchem group-nepal-nep-x#3.png,RECODING,5
2022-11-26 00:00:00,202211,124866555,1669098022612,99764387,106,SUJAL FOODS PVT LTD-NEPAL,RASILO CANDY,RASILO CANDY/SPICY MAZZA/3.2GM/PPH,1,PPH,3.2GM,,1669098022612-sujal foods pvt ltd-nepal-rasilo candy#3.png,RECODING,5
2022-11-26 00:00:00,202211,124683707,1669355963081,99764410,123,SHIVANI DETERGENTS-INDIA,SARGAM PLUS,SARGAM PLUS/75GM/PPH/25GM FREE,8,PPH,75GM ,,1669355963081-shivani detergents-india-sargam plus#3.png,RECODING,5
2022-11-26 00:00:00,202211,124683707,1669274184394,99764401,120,UNILEVER NEPAL LTD-NEPAL,LIFEBUOY TOTAL PROTECT ,LIFEBUOY TOTAL PROTECT/ACTIV SILVER FORMULA/43GM/EWP,18,EWP,43GM ,,1669274184394-unilever nepal ltd-nepal-lifebuoy total protect #3.png,RECODING,5
2022-11-26 00:00:00,202211,124683707,1669358295363,99764406,106,SUJAL FOODS PVT LTD-NEPAL,SMART LOLLYPOP,SMART LOLLIPOP/LITCHI/9GM/PPH,5,PPH,9GM,,1669358295363-sujal foods pvt ltd-nepal-smart lollypop#3.png,RECODING,5
2022-11-26 00:00:00,202211,124683707,1669100801737,99764386,132,A.G. HEALTH INDUSTRIES PVT LTD-NEPAL,SAGUN BABY DIAPERS,SAGUN BABY DIAPERS/SMALL/5 PCS/PPH,100,PPH,5 PCS,,1669100801737-a-g- health industries pvt ltd-nepal-sagun baby diapers#3.png,RECODING,5
2022-11-26 00:00:00,202211,124654335,1669353653545,99764407,116,A.G. HEALTH INDUSTRIES PVT LTD-NEPAL,SAGUN ULTRA ,SAGUN ULTRA/XL WINGS/6 PADS/PPH,65,PPH,6 PADS,,1669353653545-a-g- health industries pvt ltd-nepal-sagun ultra #3.png,RECODING,5
2022-11-26 00:00:00,202211,124620444,1669360725092,99764411,132,PROCTER & GAMBLE - INDIA,PAMPERS ALL NIGHT ,PAMPERS ALL NIGHT/LARGE/23 PANTS/PPH,640,PPH,23 PANTS,,1669360725092-procter - gamble - india-pampers all night #3.png,RECODING,5
2022-11-27 00:00:00,202211,124902886,1669536314115,99764412,106,NAAMDEV FOOD PRODUCTS-INDIA ,SARDAR,SARDAR DELICIOUS/FRUIT LOLLY POP/10GM/PPH,5,PPH,10GM,,1669536314115-naamdev food products-india -sardar#3.png,RECODING,5
2022-11-27 00:00:00,202211,124769721,1669526396877,99764417,132,BRAJESHWORI INDUSTRIES-NEPAL,NYANO BABY PULL UP PANTS,NYANO BABY PULL UP PANTS/LARGE/4 PANTS/PPH,100,PPH,4 PANTS ,,1669526396877-brajeshwori industries-nepal-nyano baby pull up pants#3.png,RECODING,5
2022-11-27 00:00:00,202211,124769721,1669527184225,99764414,123,SHIVANI DETERGENTS-INDIA,SARGAM SHINE,SARGAM SHINE/115GM/PPH,16,PPH,115GM ,,1669527184225-shivani detergents-india-sargam shine#3.png,RECODING,5
2022-11-27 00:00:00,202211,128416572,1669534204003,99764397,117,UNILEVER NEPAL LTD-NEPAL,DOVE,DOVE NUTRITIVE SOLUTIONS-HAIR FALL RESCUE PPH 6.5ML,4,PPH,6.5ML,,1669534204003-unilever nepal ltd-nepal-dove#3.png,RECODING,5
2022-11-27 00:00:00,202211,112782215,1669540196970,99764413,122,B.&D SURF UDHYOG,MHAYKHA,MHAYKHA MULTI FUNCTION DETERGENT POWDER/PPH/200GM/B.&D SURF UDHYOG,20,PPH,200GM,,1669540196970-b--d surf udhyog-mhaykha#3.png,RECODING,5
2022-11-27 00:00:00,202211,112782215,1669540409936,99763197,123,PUJA SOAP & HOUSEHOLD PROD-NPL,MOTU,MOTI LAUNDRY SOAP/PPH/200GM,50,PPH,200GM,,1669540409936-puja soap - household prod-npl-motu#3.png,CROSS CODING,2
2022-11-27 00:00:00,202211,116869964,1669467209323,99764415,123,HIMGIRI HYGIENE PVT LTD-NEPAL,DHONI XTRAA,DHONI XTRAA LAUNDRY SOAP PPH 150G,40,PPH,150G,,1669467209323-himgiri hygiene pvt ltd-nepal-dhoni xtraa#3.png,RECODING,5
2022-11-27 00:00:00,202211,116869964,1669468983367,99764416,123,HIMGIRI HYGIENE PVT LTD-NEPAL,NIRMA HERBAL,NIRMA HERBAL DISH WASH BAR PPH 75 G,10,PPH,75G,,1669468983367-himgiri hygiene pvt ltd-nepal-nirma herbal#3.png,RECODING,5
2022-11-28 00:00:00,202211,130403381,1669619671178,99764418,130,ARSH ENTERPRISES-INDIA,JAGUAR,JAGUAR PREMIUM CONDOMS/3 PCS/CBP/,50,CBP,3 PCS,,1669619671178-arsh enterprises-india-jaguar#3.png,RECODING,5
2022-11-30 00:00:00,202211,128827095,1669713969072,99764423,120,ANCHOR HEALTH - INDIA,DYNA PREMIUM BEAUTY,DYNA ALMOND & BEAUTY CREAMEWP 50G,20,EWP,50G,,1669713969072-anchor health - india-dyna premium beauty#3.png,RECODING,5
2022-11-30 00:00:00,202211,128827095,1669714110396,99764424,120,ANCHOR HEALTH - INDIA,DYNA PREMIUM BEAUTY,DYNA SANDAL & SAFFRON EWP 50G,20,EWP,50G,,1669714110396-anchor health - india-dyna premium beauty#3.png,RECODING,5
2022-11-30 00:00:00,202211,130377806,1669714935100,99764436,132,A.G. HEALTH INDUSTRIES PVT LTD-NEPAL,SAGUN BABY DIAPERS,SAGUN BABY DIAPERS/MEDIUM/5 PCS/PPH,100,PPH,5 PCS,,1669714935100-a-g- health industries pvt ltd-nepal-sagun baby diapers#3.png,RECODING,5
2022-11-30 00:00:00,202211,130515903,1669534204003,99764397,117,UNILEVER NEPAL LTD-NEPAL,DOVE,DOVE NUTRITIVE SOLUTIONS-HAIR FALL RESCUE PPH 6.5ML,4,PPH,6.5ML,,1669534204003-unilever nepal ltd-nepal-dove#3.png,RECODING,5
2022-11-30 00:00:00,202211,130515903,1669707119771,99764400,120,UNILEVER NEPAL LTD-NEPAL,LIFE BUOY,LIFE BUOY NATURE ACTIVE FORMULA EWP 90GM,40,EWP,90GM,,1669707119771-unilever nepal ltd-nepal-life buoy#3.png,RECODING,5
2022-11-30 00:00:00,202211,123582683,1669619009597,99764425,121,UNILEVER NEPAL LTD-NEPAL,PEPSODENT HERBAL,PEPSODENT HERBAL\170\GM\RS115,115,TUBE,170 GM,Any other reason,1669619009597-unilever nepal ltd-nepal-pepsodent herbal#3.png,RECODING,5
2022-11-30 00:00:00,202211,123582683,1669614101045,99764428,122,JYOTHY LABORATORIES LTD-INDIA,HENKO 3+1,HENKO\3+1KG\RS 1056,1050,PPH,3+1 KG,New SKU,1669614101045-jyothy laboratories ltd-india-henko 3-1#3.png,RECODING,5
2022-11-30 00:00:00,202211,123582683,1669613483545,99764422,106,PERFETTI VAN MELLE-INDIA,MINI MENTOS RAINBOW,MENTOS RAINBOW\1000\GM\RS1000 ,1000,PCN,1000GM,New SKU,1669613483545-perfetti van melle-india-mini mentos rainbow#3.png,RECODING,5
2022-11-30 00:00:00,202211,113268388,1669707881773,99764430,123,TILOTTAMA SOAP-NEPAL,MOON ULTRA,MOON ULTRA-DETERGENT SOAP PPH 100 GM,10,PPH,100 GM,,1669707881773-tilottama soap-nepal-moon ultra#3.png,RECODING,5
2022-12-01 00:00:00,202211,129824754,1669781286677,99764401,120,UNILEVER NEPAL LTD-NEPAL,LIFE BUOY TOTAL PROTECT,LIFE BUOY\43GN\EWP\TOTAL PROTECT ACTIVE SILVER ,18,EWP,43GM,,1669781286677-unilever nepal ltd-nepal-life buoy total protect#3.png,RECODING,5
2022-12-01 00:00:00,202211,128841141,1669783012525,99764431,123,KWALITY CHEM PVT LTD-NEPAL,BISHAL,BISHAL\125GM\PPH\WASHING SOAP ,25,PPH,125GM,,1669783012525-kwality chem pvt ltd-nepal-bishal#3.png,RECODING,5
2022-12-01 00:00:00,202211,128702098,1669785461299,99764432,123,HIMALAYAN SOAP & CHEM.- NEPAL,DHONI XTRAA,DHONI XTRAA\100GM\PPH\LAUNDRY SOAP ,20,PPH ,100GM,,1669785461299-himalayan soap - chem-- nepal-dhoni xtraa#3.png,RECODING,5
2022-12-01 00:00:00,202211,128702098,1669786429636,99764429,122,PROCTER & GAMBLE - INDIA,ARIEL,ARIEL\11GM\PPH\PERFECT WASH,3.2,PPH ,11GN,,1669786429636-procter - gamble - india-ariel#3.png,RECODING,5
2022-12-01 00:00:00,202211,128715435,1669789663068,99764419,106,ASIAN BISCUITS & CONFECTNRY-NP,GOODLIFE COFFEE TIME,GOODLIFE COFFEE TIME,1,EWP,3G,,1669789663068-asian biscuits - confectnry-np-goodlife coffee time#3.png,RECODING,5
2022-12-01 00:00:00,202211,128715435,1669790004873,99764406,106,SUJAL FOODS PVT LTD-NEPAL,SMART LOLLYPOP,SMART LOLLYPOP LITCHI EWP 9G,5,EWP,9G,,1669790004873-sujal foods pvt ltd-nepal-smart lollypop#3.png,RECODING,5
2022-12-01 00:00:00,202211,128715435,1669789318392,99764420,106,ASIAN BISCUITS & CONFECTNRY-NP,GOODLIFE,GOODLIFE DOUBLE MINT EWP 3G,1,1,3G,,1669789318392-asian biscuits - confectnry-np-goodlife#3.png,RECODING,5
2022-12-01 00:00:00,202211,128715435,1669791237873,99764433,123,SRIPATI SOAP & DETRGNT UDYG-NP,DALIMA,DALIMA HERBAL DISH BAR PPH 175G+25G ,20,PPH,175G+25GEXTRA,,1669791237873-sripati soap - detrgnt udyg-np-dalima#3.png,RECODING,5
2022-12-01 00:00:00,202211,128715435,1669790296686,99764421,106,ASIAN BISCUITS & CONFECTNRY-NP,GOODLIFE CHATAK,GOODLIFE CHATAK,1,PPH,3G,,1669790296686-asian biscuits - confectnry-np-goodlife chatak#3.png,RECODING,5
2022-12-01 00:00:00,202211,121565189,1669707119771,99764400,120,UNILEVER NEPAL LTD-NEPAL,LIFE BUOY,LIFE BUOY NATURE ACTIVE FORMULA EWP 90GM,40,EWP,90GM,,1669707119771-unilever nepal ltd-nepal-life buoy#3.png,RECODING,5
2022-12-01 00:00:00,202211,121565189,1669789078130,99764426,121,PATANJALI AYURVED PVT LTD-NEPAL,PATANJALI DANT KANTI,PATANJALI DANT KANTI RED TUBE 75GM,55,TUBE,75GM,,1669789078130-patanjali ayurved pvt ltd-nepal-patanjali dant kanti#3.png,RECODING,5
2022-12-01 00:00:00,202211,114467761,1669796057089,99764437,134,BINDHYABASINI FOOD & BEVRG-NP,MANJARI,MANJARI\DRINKING WATER\BINDHYABASINI\2000LTR\JAR,50,JAR,2000LTR,New SKU,1669796057089-bindhyabasini food - bevrg-np-manjari#3.png,RECODING,5
2022-12-01 00:00:00,202211,130220638,1669788890737,99764434,123,VUMI INDUSTRIES-NEPAL ,VUMI ,VUMI/DETERGENT SOAP/75GM/EWP,10,EWP,75GM ,,1669788890737-vumi industries-nepal -vumi #3.png,RECODING,5
2022-12-01 00:00:00,202211,130375892,1669363381360,99764409,122,NEPCHEM GROUP-NEPAL,NEP-X,NEP-X PREMIUM/450GM/PPH,50,PPH,450GM ,,1669363381360-nepchem group-nepal-nep-x#3.png,RECODING,5
2022-12-01 00:00:00,202211,130375892,1669783153204,99764427,122,PADMA SOAP & CHEMICAL - NEPAL,NAULO GHADI,NAULO GHADI/DETERGENT POWDER/1000GM/PPH,100,PPH,1000GM ,,1669783153204-padma soap - chemical - nepal-naulo ghadi#3.png,RECODING,5
2022-12-01 00:00:00,202211,130375892,1669107381065,99764385,123,ALOK UDHYOG SAMITI-INDIA,JAY GREEN,JAY GREEN/DETERGENT CAKE/105GM/PPH,10,PPH,105GM,,1669107381065-alok udhyog samiti-india-jay green#3.png,RECODING,5
2022-12-01 00:00:00,202211,130375892,1669098022612,99764387,106,SUJAL FOODS PVT LTD-NEPAL,RASILO CANDY,RASILO CANDY/SPICY MAZZA/3.2GM/PPH,1,PPH,3.2GM,,1669098022612-sujal foods pvt ltd-nepal-rasilo candy#3.png,RECODING,5
2022-12-01 00:00:00,202211,111742468,1669787728768,99764435,123,SHIVA SHAKTI SOAP - NEPAL,ALFA,ALFA-PPH 150 GM,20,PPH,150 GM,,1669787728768-shiva shakti soap - nepal-alfa#3.png,RECODING,5
2022-12-02 00:00:00,202212,132577913,1669358295363,99764406,106,SUJAL FOODS PVT LTD-NEPAL,SMART LOLLYPOP,SMART LOLLIPOP/LITCHI/9GM/PPH,5,PPH,9GM,,1669358295363-sujal foods pvt ltd-nepal-smart lollypop#3.png,RECODING,5
2022-12-02 00:00:00,202212,130944237,1669098022612,99764387,106,SUJAL FOODS PVT LTD-NEPAL,RASILO CANDY,RASILO CANDY/SPICY MAZZA/3.2GM/PPH,1,PPH,3.2GM,,1669098022612-sujal foods pvt ltd-nepal-rasilo candy#3.png,RECODING,5
2022-12-02 00:00:00,202212,129042789,1669791970425,99764438,123,HIMGIRI HYGIENE PVT LTD-NEPAL,DHONI LEMON,DHONI LEMON DISH WASH BAR PPH 100G,10,PPH,100G,,1669791970425-himgiri hygiene pvt ltd-nepal-dhoni lemon#3.png,RECODING,5
2022-12-02 00:00:00,202212,126806790,1669534204003,99764397,117,UNILEVER NEPAL LTD-NEPAL,DOVE,DOVE NUTRITIVE SOLUTIONS-HAIR FALL RESCUE PPH 6.5ML,4,PPH,6.5ML,,1669534204003-unilever nepal ltd-nepal-dove#3.png,RECODING,5
2022-12-02 00:00:00,202212,121609101,1669707119771,99764400,120,UNILEVER NEPAL LTD-NEPAL,LIFE BUOY,LIFE BUOY NATURE ACTIVE FORMULA EWP 90GM,40,EWP,90GM,,1669707119771-unilever nepal ltd-nepal-life buoy#3.png,RECODING,5
2022-12-05 00:00:00,202212,130609425,1670128647648,51745,117,UNILEVER NEPAL LTD-NEPAL,GHADI,DOVE\5.5ML\SCT\NUTRIVE SOLUTIONS HAIR FALL RESCUE,3.2,SCT,5.5ML,,1670128647648-unilever nepal ltd-nepal-ghadi#3.png,CROSS CODING,2
2022-12-05 00:00:00,202212,130609425,1670129753128,99764448,120,JAISANSHU MEDICARE PVT.LTD INDIA,KETOSOFT,KETOSOFT\75GM\CBP\KETOCONAZOLE,200,CBP ,75GM,,1670129753128-jaisanshu medicare pvt-ltd india-ketosoft#3.png,RECODING,5
2022-12-05 00:00:00,202212,130609425,1670127815972,99764450,122,RSPL LTD-INDIA,GHADI,GHADI\110GM\PPH,16,PPH,110GM,,1670127815972-rspl ltd-india-ghadi#3.png,RECODING,5
2022-12-05 00:00:00,202212,112219037,1670133943599,99764439,106,SURYA NEPAL PVT LTD - NEPAL,TOFFICHO TADKA,TOFFICHOO TADKA/WITH CHAT MASALA/PCN/760 GM/PCN,500,PCN,760GM,,1670133943599-surya nepal pvt ltd - nepal-tofficho tadka#3.png,RECODING,5
2022-12-05 00:00:00,202212,112167898,1670134157978,99764440,106,SIGHANIA FOODS INTL-INDIA,LOTTEE LOLLIES,LOTTE LOLLIES/PCN/600+100GM,480,PCN,600+100 GM,,1670134157978-sighania foods intl-india-lottee lollies#3.png,RECODING,5
2022-12-05 00:00:00,202212,112167898,1670133943599,99764439,106,SURYA NEPAL PVT LTD - NEPAL,TOFFICHO TADKA,TOFFICHOO TADKA/WITH CHAT MASALA/PCN/760 GM/PCN,500,PCN,760GM,New SKU,1670133943599-surya nepal pvt ltd - nepal-tofficho tadka#3.png,RECODING,5
2022-12-05 00:00:00,202212,129381493,1670043468418,99764453,134,HILL SIDE DRINKING WATER-NEPAL,MITHO,MITHO\2000ML\JAR\RS:60\HILL SIDE DRINKING WATER PVT.LTD NEPAL ,60,JAR,2000ML,New SKU,1670043468418-hill side drinking water-nepal-mitho#3.png,RECODING,5
2022-12-05 00:00:00,202212,124618740,1669961336704,99764446,120,ITC-INDIA,VIVEL ,VIVEL ALOE VERA CBP 100GM,55,CBP,100GM,Any other reason,1669961336704-itc-india-vivel #3.png,RECODING,5
2022-12-05 00:00:00,202212,124618740,1669959533051,99764447,120,ITC-INDIA,VIVEL ,VIVEL LOTUS OIL CBP 100GM,60,CBP,100GM,Any other reason,1669959533051-itc-india-vivel #3.png,RECODING,5
2022-12-05 00:00:00,202212,132121849,1669714935100,99764436,132,A.G. HEALTH INDUSTRIES PVT LTD-NEPAL,SAGUN BABY DIAPERS,SAGUN BABY DIAPERS/MEDIUM/5 PCS/PPH,100,PPH,5 PCS,,1669714935100-a-g- health industries pvt ltd-nepal-sagun baby diapers#3.png,RECODING,5
2022-12-05 00:00:00,202212,131489028,1669963425054,99764451,123,RSPL LTD-INDIA,GHADI ,GHADI/145GM/PPH,16,PPH,145GM,,1669963425054-rspl ltd-india-ghadi #3.png,RECODING,5
2022-12-05 00:00:00,202212,122117535,1669959756253,99764452,123,KWALITY CHEM PVT LTD-NEPAL,DHAMAL,DHAMAL\200GM\PPH\RS:45\KWALITY CHEM PVT.LTD NEPAL,45,PPH,200GM,New SKU,1669959756253-kwality chem pvt ltd-nepal-dhamal#3.png,RECODING,5
2022-12-05 00:00:00,202212,122117535,1669959446963,99764449,121,COLGATE PALMOLIVE- NEPAL,COLGATE,COLGATE MAX FRESH GEL RED\TUBE\70GM\15%EXTRA\RS:75\COLGATE PALMOLIVE NEPAL\NEPAL,75,TUBE,70GM,New SKU,1669959446963-colgate palmolive- nepal-colgate#3.png,RECODING,5
2022-12-05 00:00:00,202212,121838548,1669963733562,99764454,134,CHABAA CO. LTD - THAILAND,CHABAA,CHABAA APPLE & GRAPE WITH ALOE VERA\230ML\CAN\RS:100\CHABAA BANKOK CO.LTD THAILAND,100,CAN,230ML,New SKU,1669963733562-chabaa co- ltd - thailand-chabaa#3.png,RECODING,5
2022-12-05 00:00:00,202212,129024572,1669192682364,99764441,117,UNILEVER NEPAL LTD-NEPAL,DOVE NUTRITIVE SOLUTIONS,DOVE NUTRITIVE SOLUTIONS DAILY SHINE PBT 640ML,595,PBT,640ML,,1669192682364-unilever nepal ltd-nepal-dove nutritive solutions#3.png,RECODING,5
2022-12-05 00:00:00,202212,129024572,1669189874589,99764442,117,RAYMOND CONSUMER CARE-INDIA,PARK AVENUE COCO WATER,PARK AVENUE COCO WATER SHAMPOO PBT 180ML,260,PBT,180ML,,1669189874589-raymond consumer care-india-park avenue coco water#3.png,RECODING,5
2022-12-05 00:00:00,202212,129024572,1669191953753,99764443,117,UNILEVER NEPAL LTD-NEPAL,SUNSILK DAMAGE RESTORE,SUNSILK DAMAGE RESTORE CONDITONER PBT 300ML,345,PBT,300ML,,1669191953753-unilever nepal ltd-nepal-sunsilk damage restore#3.png,RECODING,5
2022-12-05 00:00:00,202212,129024572,1669190664924,99764444,117,MARICO LIMITED - INDIA,PARACHUTE NATURALE,PARACHUTE NATURALE DAMAGE REPAIR PBT 340ML,300,PBT,340ML,,1669190664924-marico limited - india-parachute naturale#3.png,RECODING,5
2022-12-05 00:00:00,202212,129024572,1669190428661,99764445,117,MARICO LIMITED - INDIA,PARACHUTE NATURALE,PARACHUTE NATURALE ANTI HAIR FALL PBT 340ML,300,PBT,340ML,,1669190428661-marico limited - india-parachute naturale#3.png,RECODING,5
2022-12-05 00:00:00,202212,112824936,1669965486085,99764455,134,PRABHAT BEVERAGE PVT. LTD.-NEPAL,SUBHA PRABHAT,SUBHA PRAHAT\20 LTRS\JAR\PRABHAT BEVERAGE PVT.LTD NEPAL,47,JAR,20 LTRS,Any other reason,1669965486085-prabhat beverage pvt- ltd--nepal-subha prabhat#3.png,RECODING,5
2022-12-05 00:00:00,202212,112824936,1669964710713,99764456,134,SANGRILLA SPRING DRNK&BEVRG-NP,SANGRILLA SPRINGS,SANGRILLA SPRINGS\1000\ML\PBT\SANGRILLA SPRING DRINKS & BEVERAGE \NEPAL,16,PBT,1000 ML,Any other reason,1669964710713-sangrilla spring drnk-bevrg-np-sangrilla springs#3.png,RECODING,5
2022-12-06 00:00:00,202212,233775810039,1670216698609,99764458,106,ABBER CONFECTIONERY PVT.LTD INDIA ,AMBER KAJU BUTTER ,AMBER KAJU BUTTER\4.5GM\PPH\CASHEW FLAVOUR ,1.6,PPH,4.5GM,,1670216698609-abber confectionery pvt-ltd india -amber kaju butter #3.png,RECODING,5
2022-12-06 00:00:00,202212,233775810039,1670217039515,99764459,106,NYRA CHOCOLATES PVT LTD-INDIA,NYRA LACTO CLASSIC ,NYRA LACTO CLASSIC\4.25\PPH\MILKY FLAVOUR ,1.6,PPH,4.25GM,,1670217039515-nyra chocolates pvt ltd-india-nyra lacto classic #3.png,RECODING,5
2022-12-06 00:00:00,202212,233775810039,1670216328205,99763261,106,GANGOTRI HOLY PRODUCTS-INDIA,EATALIA DOUBLE MANGO ,EATALIA DOUBLE MANGO\2.95GM\PPH\ADHA MEETHA ADHA KHATTA,1,PPH,2.95GM,,1670216328205-gangotri holy products-india-eatalia double mango #3.png,CROSS CODING,2
2022-12-06 00:00:00,202212,115439898,1669457233864,99764474,134,HYGEN PACKS NEPAL PVT LTD-NEPAL,FIZZY APPLE,FIZZY MANIAAPPLE\SOFT DRINKS\HYGEN\250ML\PBT,45,PBT,250ML,New SKU,1669457233864-hygen packs nepal pvt ltd-nepal-fizzy apple#3.png,RECODING,5
2022-12-06 00:00:00,202212,115439898,1669456471499,99764473,134,HYGEN PACKS NEPAL PVT LTD-NEPAL,MANIA ENERGY DRINKS,HYGEN MANIA\ENERGY DRINKS\HYGEN\330ML\CAN,120,CAN,330ML,New SKU,1669456471499-hygen packs nepal pvt ltd-nepal-mania energy drinks#3.png,RECODING,5
2022-12-06 00:00:00,202212,115439898,1669456999400,99764475,134,HYGEN PACKS NEPAL PVT LTD-NEPAL,ZEERA MASALA,MANIA ZEERA MASALA\SOFT DRINKS\HYGEN\250ML\PBT,40,PBT,250ML,New SKU,1669456999400-hygen packs nepal pvt ltd-nepal-zeera masala#3.png,RECODING,5
2022-12-06 00:00:00,202212,115439898,1669456185758,99764476,134,HYGEN PACKS NEPAL PVT LTD-NEPAL,MANIA MANGO,MANIA\SOFT DRINKS\HYGEN\250ML\PBT,50,PBT,250ML,New SKU,1669456185758-hygen packs nepal pvt ltd-nepal-mania mango#3.png,RECODING,5
2022-12-06 00:00:00,202212,132792028,1669966267745,99764471,123,HIMGIRI HYGIENE PVT LTD-NEPAL,DHONI XTRAA PLUS,DHONI XTRAA PLUS LAUNDRY SOAP/200GM/PPH/HIMGIRI HYGIENE PVT LTD-NEPAL,60,PPH,200GM,,1669966267745-himgiri hygiene pvt ltd-nepal-dhoni xtraa plus#3.png,RECODING,5
2022-12-06 00:00:00,202212,117667009,1670226009516,99764466,120,DEWCARE CONCEPT-INDIA,SCALICE,SCALICE/PERMETHRIN SOAP/75GM/CBP,160,CBP,75GM ,,1670226009516-dewcare concept-india-scalice#3.png,RECODING,5
2022-12-06 00:00:00,202212,128840459,1670128896799,99764468,122,HIMGIRI HYGIENE PVT LTD-NEPAL,DHONI ULTRA,DHONI ULTRA CONCENTRATED/700GM/PPH,110,PPH,700GM ,,1670128896799-himgiri hygiene pvt ltd-nepal-dhoni ultra#3.png,RECODING,5
2022-12-06 00:00:00,202212,128840459,1670129682364,99764469,122,MAHASHAKTI SOAP & CHEM.- NEPAL,PUJA PREMIUM ,PUJA PREMIUM/1000GM/PPH,100,PPH,1000GM ,,1670129682364-mahashakti soap - chem-- nepal-puja premium #3.png,RECODING,5
2022-12-06 00:00:00,202212,128840459,1670130689688,99764457,106,SUJAL FOODS PVT LTD-NEPAL,SMART LOLLYPOP,SMART LOLLYPOP/PINEAPPLE/9GM/PPH,5,PPH,9GM,,1670130689688-sujal foods pvt ltd-nepal-smart lollypop#3.png,RECODING,5
2022-12-06 00:00:00,202212,128840459,1670128126334,99764467,120,GODREJ CONSUMER PRODUCTS-INDIA,GODREJ NO.1 ,GODREJ NO.1/LIME ALOE VERA/45GM/EWP,20,EWP,45GM,,1670128126334-godrej consumer products-india-godrej no-1 #3.png,RECODING,5
2022-12-06 00:00:00,202212,127522338,1670219776687,99764472,123,KARUNA SOAP & CHEMICALS-NEPAL,KARUNA GOLD,KARUNA GOLD PPH 400GM,100,PPH,400GM,,1670219776687-karuna soap - chemicals-nepal-karuna gold#3.png,RECODING,5
2022-12-06 00:00:00,202212,114637656,1670234465710,99764464,117,WELLSHINE INDUSTRIES INDIA,KIMBO KERATIN,KIMBOO KERATIN/INTENSE HAIR REPAIR,850,PBT,300ML,New SKU,1670234465710-wellshine industries india-kimbo keratin#3.png,RECODING,5
2022-12-06 00:00:00,202212,111740394,1670232625653,99764460,106,SUJAL FOODS PVT LTD-NEPAL,CRAVE FRESHO, CRAVEFRESHO /MENTHA LYPTUS/HARD BOLD CANDEY,200,PCN,500GM,New SKU,1670232625653-sujal foods pvt ltd-nepal-crave fresho#3.png,RECODING,5
2022-12-06 00:00:00,202211,122344338,1670055516132,99764470,122,PROCTER & GAMBLE - INDIA,TIDE DOUBLEBPOWER,TIDE DOUBLE POWER JASMINE ROSE 75GM,16,PPH,45GM+30GM,,1670055516132-procter - gamble - india-tide doublebpower#3.png,RECODING,5
2022-12-07 00:00:00,202212,123116200,1670221737823,99764465,117,ROYAL NATIONAL HERBS PVT. LTD. NEPAL,GINGER ONION SHAMPOO,NATIONAL HERBS GINGER ONION SHAMPOO PBT 200ML,195,PBT,200ML,,1670221737823-royal national herbs pvt- ltd- nepal-ginger onion shampoo#3.png,RECODING,5
2022-12-07 00:00:00,202212,124690935,1669619009597,99764425,121,UNILEVER NEPAL LTD-NEPAL,PEPSODENT HERBAL,PEPSODENT HERBAL\170\GM\RS115,110,TUBE,170 GM,New SKU,1669619009597-unilever nepal ltd-nepal-pepsodent herbal#3.png,RECODING,5
2022-12-07 00:00:00,202212,122216788,1670308274504,99764463,116,UNICLAN HYGIENE PVT LTD INDIA,WOWPAD ANION,WOWPAD ANION ANTI BACTERIAL 6NOS,75,PPH,6 NOS,,1670308274504-uniclan hygiene pvt ltd india-wowpad anion#3.png,RECODING,5
2022-12-07 00:00:00,202212,122216788,1670307794224,99764462,116,JASMINE HYGIENIC - NEPAL,SAFETY ULTRA XXL,SAFETY ULTRA XXL- PPH 10NOS ALL NIGHT PROTECTION ,100,PPH,10NOS,,1670307794224-jasmine hygienic - nepal-safety ultra xxl#3.png,RECODING,5
2022-12-07 00:00:00,202212,122531509,1670312274073,99764449,121,COLGATE PALMOLIVE- NEPAL,COLGATE MAX FRESH GEL,COLGATE MAX FRESH GEL-RED TUB 70 GM+15%EXTRA ,70,TUB,70GM+15%EXTRA ,,1670312274073-colgate palmolive- nepal-colgate max fresh gel#3.png,RECODING,5
2022-12-07 00:00:00,202212,122531509,1669707119771,99764400,120,UNILEVER NEPAL LTD-NEPAL,LIFE BUOY,LIFE BUOY NATURE ACTIVE FORMULA EWP 90GM,40,EWP,90GM,,1669707119771-unilever nepal ltd-nepal-life buoy#3.png,RECODING,5
2022-12-07 00:00:00,202212,122531509,1670314010271,99764461,106,SURYA NEPAL PVT LTD - NEPAL,TOFFICHO TADKA,TOFFICHOO TADKA LITCHI PPH 3.8 GM,2.5,PPH,3.8GM,,1670314010271-surya nepal pvt ltd - nepal-tofficho tadka#3.png,RECODING,5
2022-12-09 00:00:00,202212,116492009,1670403196733,99764477,122,HIMGIRI HYGIENE PVT LTD-NEPAL,XTRAA,XTRAA MACHINE WASH,20,PPH,60G,Any other reason,1670403196733-himgiri hygiene pvt ltd-nepal-xtraa#3.png,RECODING,5
2022-12-09 00:00:00,202212,116492009,1670402342854,99764478,120,UNILEVER NEPAL LTD-NEPAL,LIFE BUOY TOTAL PROTECT,LIFE BUOY TOTAL PROTECT ACTIV SILVER EWP 90G*4,155,EWP,90G*4,Any other reason,1670402342854-unilever nepal ltd-nepal-life buoy total protect#3.png,RECODING,5
2022-12-09 00:00:00,202212,116492009,1670402882713,99764479,120,UNILEVER NEPAL LTD-NEPAL,LUX WHITE,LUX WHITE VELVET TOUCH,175,EWP,90G*4,Any other reason,1670402882713-unilever nepal ltd-nepal-lux white#3.png,RECODING,5
2022-12-09 00:00:00,202212,121211810059,1670391332925,99764480,123,PUJA SOAP & HOUSEHOLD PROD-NPL,KAZI,KAZI-LAUNDRY SOAP PPH 250GM,50,PPH,250GM,,1670391332925-puja soap - household prod-npl-kazi#3.png,RECODING,5
2022-12-09 00:00:00,202212,131563410392,1670474063331,99764481,123,GOLDEN STAR SOAP IND-NEPAL,UNIK ULTRA,UNIK ULTRA\200GM\PPH\SMART CLEAN,45,PPH,200GM,,1670474063331-golden star soap ind-nepal-unik ultra#3.png,RECODING,5
2022-12-10 00:00:00,202212,516753510207,1669272650101,99764405,132,JASMINE HYGIENIC - NEPAL,CUDDLERS PANTS,CUDDLERS PANTS OVERNIGHT/LARGE/4 PCS/PPH,100,PPH,4 PCS,,1669272650101-jasmine hygienic - nepal-cuddlers pants#3.png,RECODING,5
2022-12-10 00:00:00,202212,516753710246,1670292035204,99764483,120,GODREJ CONSUMER PRODUCTS-INDIA,GODREJ NO.1 ,GODREJ NO.1/ROSEWATER ALMOND/45GM/EWP,20,EWP,45GM,,1670292035204-godrej consumer products-india-godrej no-1 #3.png,RECODING,5
2022-12-10 00:00:00,202212,516753710246,1670291827337,99764484,123,PADMA SOAP & CHEMICAL - NEPAL,A-ONE XPERT,A-ONE X-PERT/MULTI ACTION LAUNDRY SOAP/150GM/PPH,30,PPH,150GM ,,1670291827337-padma soap - chemical - nepal-a-one xpert#3.png,RECODING,5
2022-12-10 00:00:00,202212,212581910102,1670567613382,99764482,134,BHAIRAB KUNDA SPRING WATER P .LTD,BHAIRAB KUNDA,BHAIRAB KUNDA SPRING WATER\1\LITRE\RS 20,20,PET,1 LITRE,New SKU,1670567613382-bhairab kunda spring water p -ltd-bhairab kunda#3.png,RECODING,5
2022-12-10 00:00:00,202212,130293667,1670569298014,99764461,106,SURYA NEPAL PVT LTD - NEPAL,TOFFICHOO TADKA,TOFFICHOO TADKA,3,PPH,3.8GM,,1670569298014-surya nepal pvt ltd - nepal-toffichoo tadka#3.png,RECODING,5
2022-12-11 00:00:00,202212,212581910166,1670567613382,99764482,134,BHAIRAB KUNDA SPRING WATER P .LTD,BHAIRAB KUNDA,BHAIRAB KUNDA SPRING WATER\1\LITRE\RS 20,20,PET,1 LITRE,New SKU,1670567613382-bhairab kunda spring water p -ltd-bhairab kunda#3.png,RECODING,5
2022-12-11 00:00:00,202212,212582710075,1670567613382,99764482,134,BHAIRAB KUNDA SPRING WATER P .LTD,BHAIRAB KUNDA,BHAIRAB KUNDA SPRING WATER\1\LITRE\RS 20,20,PET,1 LITRE,New SKU,1670567613382-bhairab kunda spring water p -ltd-bhairab kunda#3.png,RECODING,5
2022-12-11 00:00:00,202212,126932690,1670568360643,,133,NESTLE INDIA LTD. - INDIA,CERELAC,NESTLE CERELAC 6TO 24 MONTH,412,PAPER,300 GM,,1670568360643-nestle india ltd- - india-cerelac#3.png,DELETE THE ITEM,1
2022-12-11 00:00:00,202212,126932690,1670568185641,,133,NESTLE INDIA LTD. - INDIA,CERELAC,NESTLE CERELAC,446,PAPER,300 GM,,1670568185641-nestle india ltd- - india-cerelac#3.png,DELETE THE ITEM,1
2022-12-11 00:00:00,202212,126932690,1670568764156,,133,NESTLE INDIA LTD. - INDIA,CERELAC,CERELAC 18 TO 24 MONTH,542,PAPER,300 GM,,1670568764156-nestle india ltd- - india-cerelac#3.png,DELETE THE ITEM,1
2022-12-11 00:00:00,202212,126932690,1670568662654,,133,NESTLE INDIA LTD. - INDIA,CERELAC,CERELAC 12 TO 24 MONTH,515,PAPER,300 GM,,1670568662654-nestle india ltd- - india-cerelac#3.png,DELETE THE ITEM,1
2022-12-11 00:00:00,202212,126932690,1670568516977,,133,NESTLE INDIA LTD. - INDIA,CERELAC,CERELAC FROM 10 TO 24,479,PAPER,300 GM,,1670568516977-nestle india ltd- - india-cerelac#3.png,DELETE THE ITEM,1
2022-12-12 00:00:00,202212,212582710074,1670574096692,99764485,121,RB BRUSH IND.,DANTAYU RED TOOTHPASTE,DANTAYU RED TOOTH PASTE\35\GM,25,TUBE,35,New SKU,1670574096692-rb brush ind--dantayu red toothpaste#3.png,RECODING,5
2022-12-13 00:00:00,202212,222332210165,1670838477139,99764486,122,HIMGIRI SOAP & CHEMICALS-NEPAL,SHAKTI DETERGENT POWER,SHAKTI DETERGENT POWER\250\GM\RS20,20,PPH,250 GM,New SKU,1670838477139-himgiri soap - chemicals-nepal-shakti detergent power#3.png,RECODING,5
2022-12-13 00:00:00,202212,222331710190,1670909844725,99764476,134,HYGEN PACKS NEPAL PVT LTD-NEPAL,HYGEN MANIA MANGO,HYGEN MANIA  MANGO\250\ML\RS50,50,PBT,250 ML,New SKU,1670909844725-hygen packs nepal pvt ltd-nepal-hygen mania mango#3.png,RECODING,5
,,,,,,,,,,,,,,,
,,,,,,,,,,,,,,,
,,,,,,,,,,,,,,,
      ,,,,,,,,,,,,,,,
