t_DATE,t_PERIOD,t_STORECODE,t_ITEMCODE,t_NEW_CODES,t_CATEGORY,t_MANUFACTURE,t_BRAND,t_ITEMDESC,t_MRP,t_PACKSIZE,t_PACKTYPE,t_COMMENTS,t_IMAGE,t_CODE COMMENT,t_FLAG,rank,matched_itemcode,distance,m_catcode,m_company,m_mbrand,m_brand,m_sku,m_packtype,m_base_pack,m_flavor,m_color,m_wght,m_uom,m_mrp
17-01-2022,202201,118032998,1642230635862,99762868,123,SUNLIGHT SABUN UDHYOG-NEPAL,BHAIRAV GOLD,BHAIRAV GOLD PPH 200 GM ,40,PPH,200 GM ,,1642230635862-sunlight sabun udhyog-nepal-bhairav gold.png,RECODING,5,1,99764310,80.75672912597656,123,SUNLIGHT SABUN UDHYOG-NEPAL,BHAIRAV,BHAIRAV GOLD,BHAIRAV GOLD-PPH 100 GM,PLPCH,100.000 GM,,,100.0,GM,20.0
17-01-2022,202201,118032998,1642230635862,99762868,123,SUNLIGHT SABUN UDHYOG-NEPAL,BHAIRAV GOLD,BHAIRAV GOLD PPH 200 GM ,40,PPH,200 GM ,,1642230635862-sunlight sabun udhyog-nepal-bhairav gold.png,RECODING,5,2,99763060,89.38824462890625,123,SUNLIGHT SABUN UDHYOG-NEPAL,BHAIRAV,BHAIRAV GOLD,BHAIRAV GOLD-PPH 200 GM+10% EXTRA,PLPCH,200.000 GM,,,220.0,GM,40.0
17-01-2022,202201,118032998,1642230635862,99762868,123,SUNLIGHT SABUN UDHYOG-NEPAL,BHAIRAV GOLD,BHAIRAV GOLD PPH 200 GM ,40,PPH,200 GM ,,1642230635862-sunlight sabun udhyog-nepal-bhairav gold.png,RECODING,5,3,99762868,108.60934448242188,123,SUNLIGHT SABUN UDHYOG-NEPAL,BHAIRAV,BHAIRAV GOLD,BHAIRAV GOLD-NEEM & LEMON PPH 200 GM+10% EXT,PLPCH,200.000 GM,,,220.0,GM,40.0
17-01-2022,202201,118032998,1642230427930,99762990,122,HIMGIRI HYGIENE PVT LTD-NEPAL,DHONI ULTRA,DHONI ULTRA PPH 750 GM,110,PPH,750 GM,,1642230427930-himgiri hygiene pvt ltd-nepal-dhoni ultra.png,RECODING,5,1,99763160,93.79811096191406,122,HIMGIRI HYGIENE PVT LTD-NEPAL,DHONI,DHONI ULTRA,DHONI ULTRA-PPH 500 GM,PLPCH,500.000 GM,,,500.0,GM,75.0
17-01-2022,202201,118032998,1642230427930,99762990,122,HIMGIRI HYGIENE PVT LTD-NEPAL,DHONI ULTRA,DHONI ULTRA PPH 750 GM,110,PPH,750 GM,,1642230427930-himgiri hygiene pvt ltd-nepal-dhoni ultra.png,RECODING,5,2,99764468,120.88337707519531,122,HIMGIRI HYGIENE PVT LTD-NEPAL,DHONI,DHONI,DHONI-ULTRA CONCENTRATED DET.POWDER PPH 700 GM,PLPCH,700.000 GM,,,700.0,GM,110.0
17-01-2022,202201,118032998,1642230427930,99762990,122,HIMGIRI HYGIENE PVT LTD-NEPAL,DHONI ULTRA,DHONI ULTRA PPH 750 GM,110,PPH,750 GM,,1642230427930-himgiri hygiene pvt ltd-nepal-dhoni ultra.png,RECODING,5,3,99763783,132.1858367919922,122,HIMGIRI HYGIENE PVT LTD-NEPAL,DHONI,DHONI HERBAL,DHONI HERBAL-DETERGENT POWDER PPH 1500 GM,PLPCH,1500.000 GM,,,1500.0,GM,190.0
17-01-2022,202201,118111995,1642223120959,99762984,118,CHUDALI BUSINESS GROUP,ARGHAKHACHI,AQUA ARGHAKHACHI PBT 1000 ML,25,PBT,1000 ML,,1642223120959-chudali business group-arghakhachi.png,RECODING,5,1,99762984,144.38453674316406,118,CHUDALI BUSINESS GROUP-NEPAL,ARGHAKHANCHI,ARGHAKHANCHI,PET 1000 ML,PET,1000.000 ML,,,1000.0,ML,25.0
17-01-2022,202201,118111995,1642223120959,99762984,118,CHUDALI BUSINESS GROUP,ARGHAKHACHI,AQUA ARGHAKHACHI PBT 1000 ML,25,PBT,1000 ML,,1642223120959-chudali business group-arghakhachi.png,RECODING,5,2,40120925,186.72242736816406,118,SHANTI JAL UDHYOG PVT LTD-NEPL,SHANTI JAL,SHANTI JAL,PET 1000 ML,PET,1000.000 ML,,,1000.0,ML,0.0
17-01-2022,202201,118111995,1642223120959,99762984,118,CHUDALI BUSINESS GROUP,ARGHAKHACHI,AQUA ARGHAKHACHI PBT 1000 ML,25,PBT,1000 ML,,1642223120959-chudali business group-arghakhachi.png,RECODING,5,3,51974,188.80149841308594,118,KOSHI JAL UDHYOG-NEPAL,MORANG AQUA,MORANG AQUA,PET 1000 ML,PET,1000.000 ML,,,1000.0,ML,0.0
18-01-2022,202201,212582710078,1642324778472,99763002,123,HIMGIRI HYGIENE PVT LTD-NEPAL,SHAKTI 250,SHAKTI \250\GM,40,EWP,250 GM,New SKU,1642324778472-himgiri hygiene pvt ltd-nepal-shakti 250.png,RECODING,5,1,99763002,99.90467834472656,123,HIMGIRI HYGIENE PVT LTD-NEPAL,SHAKTI,SHAKTI,SHAKTI-PPH 250 GM,PLPCH,250.000 GM,,,250.0,GM,40.0
18-01-2022,202201,212582710078,1642324778472,99763002,123,HIMGIRI HYGIENE PVT LTD-NEPAL,SHAKTI 250,SHAKTI \250\GM,40,EWP,250 GM,New SKU,1642324778472-himgiri hygiene pvt ltd-nepal-shakti 250.png,RECODING,5,2,99763554,102.10778045654297,123,HIMGIRI HYGIENE PVT LTD-NEPAL,SHAKTI,SHAKTI,SHAKTI-PPH 200 GM,PLPCH,200.000 GM,,,200.0,GM,40.0
18-01-2022,202201,212582710078,1642324778472,99763002,123,HIMGIRI HYGIENE PVT LTD-NEPAL,SHAKTI 250,SHAKTI \250\GM,40,EWP,250 GM,New SKU,1642324778472-himgiri hygiene pvt ltd-nepal-shakti 250.png,RECODING,5,3,99763552,106.52079772949219,123,HIMGIRI HYGIENE PVT LTD-NEPAL,SHAKTI,SHAKTI,SHAKTI-PPH 100 GM,PLPCH,100.000 GM,,,100.0,GM,20.0
18-01-2022,202201,212581910093,1642322619570,99763000,118,SAMBHAVI FOOD AND BEVERAGE,SAMBHAVI CHISO COLA,MAINTAIN DEW\2.5\ML,225,PPH,2.5 ML,New SKU,1642322619570-sambhavi food and beverage-sambhavi chiso cola.png,RECODING,5,1,99763572,138.5340576171875,118,SAMBHAVI BEVERAGE-NEPAL,CHISO,CHISO COLA,PET 1500 ML,PET,1500.000 ML,COLA,,1500.0,ML,150.0
18-01-2022,202201,212581910093,1642322619570,99763000,118,SAMBHAVI FOOD AND BEVERAGE,SAMBHAVI CHISO COLA,MAINTAIN DEW\2.5\ML,225,PPH,2.5 ML,New SKU,1642322619570-sambhavi food and beverage-sambhavi chiso cola.png,RECODING,5,2,99763001,138.98675537109375,118,SAMBHAVI BEVERAGE-NEPAL,CHISO,CHISO COLA,PET 2500 ML,PET,2500.000 ML,COLA,,2500.0,ML,225.0
18-01-2022,202201,212581910093,1642322619570,99763000,118,SAMBHAVI FOOD AND BEVERAGE,SAMBHAVI CHISO COLA,MAINTAIN DEW\2.5\ML,225,PPH,2.5 ML,New SKU,1642322619570-sambhavi food and beverage-sambhavi chiso cola.png,RECODING,5,3,99762463,141.6415557861328,118,SAMBHAVI BEVERAGE-NEPAL,CHISO,CHISO COLA,PET 500 ML,PET,500.000 ML,COLA,,500.0,ML,80.0
18-01-2022,202201,212581910093,1642322464421,99763001,118,SAMBHAVI BEVERAGE-NEPAL,SAMBHAVI CHISO COLA,SAMBHAVI CHIS OCOLA\2.5\ML,225,PPH,2.5 ML,New SKU,1642322464421-sambhavi beverage-nepal-sambhavi chiso cola.png,RECODING,5,1,99763572,111.31495666503906,118,SAMBHAVI BEVERAGE-NEPAL,CHISO,CHISO COLA,PET 1500 ML,PET,1500.000 ML,COLA,,1500.0,ML,150.0
18-01-2022,202201,212581910093,1642322464421,99763001,118,SAMBHAVI BEVERAGE-NEPAL,SAMBHAVI CHISO COLA,SAMBHAVI CHIS OCOLA\2.5\ML,225,PPH,2.5 ML,New SKU,1642322464421-sambhavi beverage-nepal-sambhavi chiso cola.png,RECODING,5,2,99763001,113.26478576660156,118,SAMBHAVI BEVERAGE-NEPAL,CHISO,CHISO COLA,PET 2500 ML,PET,2500.000 ML,COLA,,2500.0,ML,225.0
18-01-2022,202201,212581910093,1642322464421,99763001,118,SAMBHAVI BEVERAGE-NEPAL,SAMBHAVI CHISO COLA,SAMBHAVI CHIS OCOLA\2.5\ML,225,PPH,2.5 ML,New SKU,1642322464421-sambhavi beverage-nepal-sambhavi chiso cola.png,RECODING,5,3,99762463,116.00982666015625,118,SAMBHAVI BEVERAGE-NEPAL,CHISO,CHISO COLA,PET 500 ML,PET,500.000 ML,COLA,,500.0,ML,80.0
18-01-2022,202201,212581910120,1642393019434,99763003,123,HIMGIRI HYGIENE PVT LTD-NEPAL,WAHA72%,WAHA72% LAUNDRY SOAP\300\GM,50,300GM,PPH,New SKU,1642393019434-himgiri hygiene pvt ltd-nepal-waha72-.png,RECODING,5,2,99763003,76.56939697265625,123,HIMGIRI HYGIENE PVT LTD-NEPAL,WAHA 72%,WAHA 72%,WAHA 72%-LAUNDRY SOAP PPH 300 GM,PLPCH,300.000 GM,,,300.0,GM,50.0
18-01-2022,202201,212581910120,1642393019434,99763003,123,HIMGIRI HYGIENE PVT LTD-NEPAL,WAHA72%,WAHA72% LAUNDRY SOAP\300\GM,50,300GM,PPH,New SKU,1642393019434-himgiri hygiene pvt ltd-nepal-waha72-.png,RECODING,5,5,99764068,76.78683471679688,123,HIMGIRI HYGIENE PVT LTD-NEPAL,VIJAYA,VIJAYA SUPER,VIJAYA SUPER-LAUNDRY SOAP PPH 300 GM,PLPCH,300.000 GM,,,300.0,GM,50.0
