NITEMCODE,itemdesc,company,brand,packaging,qty,uomdesc,pack_size
63964,SENSODYNE - SOFT TOOTHBRUSH 1 NO,GLAXO SMITHKLINE BEECHAM,SENSODYNE,,1,NO,1.00 NO
63972,SUNSILK NOURISHING SOFT & SMOOTH SHAMPOO 5 NATURAL OILS EGG PROTEIN & VITAMIN C ACTIVE MIX 80 ML PLBOT + FREE LIFEBUOY GLOWING SKIN SAKURA AND PINK CLAY SOAP 75 GM EWRPK,UNILEVER SRI LANKA LTD,SUNSILK,PLBOT,80,ML,80.00 ML
34284,FREELAN MALDIVE FISH FLAVOUR 70 GM,FREELAN ENTERPRISES,FREELAN,PLPCH,70,GM,70.00 GM
63973,SUNSILK STUNNING BLACK SHINE-GO SHINE-WITH AMLA OIL PEARL PROTEIN & VITAMIN E ACTIVE MIX SHAMPOO 80 ML PLBOT + FREE LIFEBUOY MILD CARE WITH MILK PROTEIN SOAP 75 GM EWRPK,UNILEVER SRI LANKA LTD,SUNSILK,PLBOT,80,ML,80.00 ML
63955,PELWATTE FULL CREAM MILK POWDER 400 GM PLPCH + SAVE RS 50,PELWATTE DAIRY INDUSTRIES (PVT) LTD,PELWATTE,PLPCH,400,GM,400.00 GM
63964,SENSODYNE - SOFT TOOTHBRUSH 1 NO,GLAXO SMITHKLINE BEECHAM,SENSODYNE,,1,NO,1.00 NO
64206,SUGANDHI PURE CEYLON TEA 100 GM PLPCH,SUGANDHI DISTRIBUTORS,SUGANDHI,PLPCH,100,GM,100.00 GM
64009,KHOMBA BABY FLORAL - KOHOMBA WITH RATHMAL AND ROSE WATER BABY COLOGNE 30 ML CDBOX,SWADESHI INDUSTRIAL WORKS LTD,KHOMBA,CDBOX,30,ML,30.00 ML
64209,MAGGI REAL COCONUT MILK POWDER 800 GM PLPCH,NESTLE LANKA,MAGGI COCONUT MILK POWDER,PLPCH,800,GM,800.00 GM
63964,SENSODYNE - SOFT TOOTHBRUSH 1 NO,GLAXO SMITHKLINE BEECHAM,SENSODYNE,,1,NO,1.00 NO
63984,VELVET GLOW PERFECT SHEA BUTTER & SAFFRON EXTRACT BODY LOTION 200 ML PLBOT,HEMAS MARKETING,VELVET,PLBOT,200,ML,200.00 ML
64082,AYUSH PURIFYING WELLNESS SOAP WITH KOHOMBA PANCHAVALKADI TAILAM AND MINT 70 GM CDBOX,UNILEVER SRI LANKA LTD,LEVER AYUSH,CDBOX,70,GM,70.00 GM
36624,LUX SANDAL & CREAM SANDALWOOD & AROMATIC FLOWERS 100 GM,UNILEVER SRI LANKA LTD,LUX,EWRPK,100,GM,100.00 GM
64081,AYUSH GLOWING RADIANCE SOAP WITH SANDALWOOD KUMKUMADI TAILAM AND SAFFRON 70 GM CDBOX,UNILEVER SRI LANKA LTD,LEVER AYUSH,CDBOX,70,GM,70.00 GM
64132,AYUSH EXFOLIATING WELLNESS SOAP WITH VENIVEL ALMOND OIL AND COCONUT SHELL POWDER 70 GM CDBOX,UNILEVER SRI LANKA LTD,LEVER AYUSH,CDBOX,70,GM,70.00 GM
63829,RED COW - SUGAR ADDED MILK MIX 18 GM PLPCH,FONTERRA BRANDS LANKA (PVT)LTD,RED COW,PLPCH,18,GM,18.00 GM
54000,LUX SOFT GLOW JASMINE & VITAMIN E 7 BEAUTY INGREDIANTS EWRPK 100 GM + SAVE RS 10,UNILEVER SRI LANKA LTD,LUX,EWRPK,100,GM,100.00 GM
64208,CHANDANALEPA GOTUKOLA ANTI DANDRUFF SHAMPOO 180 ML PLBOT,SANJEEWAKA AYURVEDIC PRODUCTS,CHANDANALEPA,PLBOT,180,ML,180.00 ML
64210,SHELLO (SHELLO COSMETICS) HERBAL SHAMPOO 1000 ML PLBOT,SHELLO COSMETICS CO (PVT)LTD,SHELLO,PLBOT,1000,ML,1000.00 ML
63964,SENSODYNE - SOFT TOOTHBRUSH 1 NO,GLAXO SMITHKLINE BEECHAM,SENSODYNE,,1,NO,1.00 NO
64201,RENUKA REAL THICK COCONUT MILK 400 ML TIN,SHAW WALLACE CEYLON LTD,RENUKA COCONUT MILK,TIN,400,ML,400.00 ML
64081,AYUSH GLOWING RADIANCE SOAP WITH SANDALWOOD KUMKUMADI TAILAM AND SAFFRON 70 GM CDBOX,UNILEVER SRI LANKA LTD,LEVER AYUSH,CDBOX,70,GM,70.00 GM
64082,AYUSH PURIFYING WELLNESS SOAP WITH KOHOMBA PANCHAVALKADI TAILAM AND MINT 70 GM CDBOX,UNILEVER SRI LANKA LTD,LEVER AYUSH,CDBOX,70,GM,70.00 GM
51411,FEMS DRYTEX-WINGS 10 NO,HEMAS MARKETING,FEMS,10NO,10,NO,10.00 NO
51410,FEMS COTTON FEEL-WINGS 10 NO,HEMAS MARKETING,FEMS,10NO,10,NO,10.00 NO
63686,LIFEBUOY TOTAL 10 WITH OLIVE OIL AND HONEY FOR MOISTURISED SOFT SKIN SOAP (100*2) 200 GM EWRPK + SAVE RS 50,UNILEVER SRI LANKA LTD,LIFEBUOY,EWRPK,200,GM,200.00 GM
64205,NOORI KAHATA PURE CEYLON TEA 40 GM PLPCH,NEW NOORI PACKETTING TEA FACTORY,NOORI,PLPCH,40,GM,40.00 GM
63961,KHOMBA LEMONGRASS SOAP 67 GM EWRPK,SWADESHI INDUSTRIAL WORKS LTD,KHOMBA,EWRPK,67,GM,67.00 GM
64188,AYUSH NATURAL GLOW & PROTECT FACE CREAM WITH SAFFRON KUMKUMADI TAILAM AND VITAMIN C 15 GM CDBOX,UNILEVER SRI LANKA LTD,LEVER AYUSH,CDBOX,15,GM,15.00 GM
63475,KHOMBA FLORAL BABY SHAMPOO KOHOMBA AND ROSE WATER 100 ML PLBOT,SWADESHI INDUSTRIAL WORKS LTD,KHOMBA,PLBOT,100,ML,100.00 ML
64208,CHANDANALEPA GOTUKOLA ANTI DANDRUFF SHAMPOO 180 ML PLBOT,SANJEEWAKA AYURVEDIC PRODUCTS,CHANDANALEPA,PLBOT,180,ML,180.00 ML
64084,AYUSH ANTI MARK & OIL CONTROL FACE CREAM WITH TURMERIC KUMKUMADI TAILAM AND MINT 25 GM CDBOX,UNILEVER SRI LANKA LTD,LEVER AYUSH,CDBOX,25,GM,25.00 GM
64092,MUNCHEE CAROL COOKIES 85 GM PLPCH,CEYLON BISCUITS LIMITED,MUNCHEE CRUNCHEE CAROLS,PLPCH,85,GM,85.00 GM
64092,MUNCHEE CAROL COOKIES 85 GM PLPCH,CEYLON BISCUITS LIMITED,MUNCHEE CRUNCHEE CAROLS,PLPCH,85,GM,85.00 GM
63993,NESTOMALT 1 ST CUP MALTED FOOD 400 GM CDBOX + FREE MAGGI PAPARE KOTTU 75 GM PLPCH,NESTLE LANKA,NESTOMALT,CDBOX,400,GM,400.00 GM
64197,AYUSH NATURAL GLOW & PROTECT FACE CREAM WITH SAFFRON KUMKUMADI TAILAM AND VITAMIN C 25 GM CDBOX,UNILEVER SRI LANKA LTD,LEVER AYUSH,CDBOX,25,GM,25.00 GM
64167,AYUSH ANTI MARK & OIL CONTROL FACE CREAM WITH TURMERIC KUMKUMADI TAILAM AND MINT 15 GM CDBOX,UNILEVER SRI LANKA LTD,LEVER AYUSH,CDBOX,15,GM,15.00 GM
54228,FAIR & HANDSOME RADIANCE CREAM FOR MEN 30 GM CDBOX (EMAMI INDO LANKA),EMAMI INDO LANKA PVT LTD,FAIR & HANDSOME,CDBOX,30,GM,30.00 GM
64188,AYUSH NATURAL GLOW & PROTECT FACE CREAM WITH SAFFRON KUMKUMADI TAILAM AND VITAMIN C 15 GM CDBOX,UNILEVER SRI LANKA LTD,LEVER AYUSH,CDBOX,15,GM,15.00 GM
64092,MUNCHEE CAROL COOKIES 85 GM PLPCH,CEYLON BISCUITS LIMITED,MUNCHEE CRUNCHEE CAROLS,PLPCH,85,GM,85.00 GM
40495,SUPER WHITE LEMON DISH WASH (GREEN) 500 ML,SUPER WHITE LANKA PVT LTD,SUPER WHITE,,500,ML,500.00 ML
52305,PUREDALE FULL CREAM MILK POWDER 400 GM CDBOX,ANODS COCOA PVT LTD,PUREDALE,CDBOX,400,GM,400.00 GM
60951,VENDOL ROYAL BABY ROSE-JESMIN MOISTURISING SOAP SILKY AND SOFT 90 GM CDBOX + SAVE RS 35,GODAKANDA HERBALS (PVT) LTD - (VENDOL LANKA),VENDOL ROYAL BABY,CDBOX,90,GM,90.00 GM
60952,VENDOL ROYAL BABY SANDUN-SEPALIKA MOISTURISHING SOAP SILKY & SOFT 90 GM CDBOX + SAVE RS 35,GODAKANDA HERBALS (PVT) LTD - (VENDOL LANKA),VENDOL ROYAL BABY,CDBOX,90,GM,90.00 GM
51411,FEMS DRYTEX-WINGS 10 NO,HEMAS MARKETING,FEMS,10NO,10,NO,10.00 NO
63953,MAGGI REAL COCONUT MILK POWDER 25 GM PLPCH,NESTLE LANKA,MAGGI COCONUT MILK POWDER,PLPCH,25,GM,25.00 GM
51410,FEMS COTTON FEEL-WINGS 10 NO,HEMAS MARKETING,FEMS,10NO,10,NO,10.00 NO
63964,SENSODYNE - SOFT TOOTHBRUSH 1 NO,GLAXO SMITHKLINE BEECHAM,SENSODYNE,,1,NO,1.00 NO
14605,DUMBARA FRUIT PUNCH MANGO DRINK- PET 200 ML,DUMBARA NATURAL FOOD (PVT) LTD,DUMBARA FRUIT PUNCH MANGO,PET,200,ML,200.00 ML
14606,DUMBARA FRUIT PUNCH PAPAYA DRINK-PET 200 ML,DUMBARA NATURAL FOOD (PVT) LTD,DUMBARA FRUIT PUNCH PAPAYA,PET,200,ML,200.00 ML
63993,NESTOMALT 1 ST CUP MALTED FOOD 400 GM CDBOX + FREE MAGGI PAPARE KOTTU 75 GM PLPCH,NESTLE LANKA,NESTOMALT,CDBOX,400,GM,400.00 GM
63961,KHOMBA LEMONGRASS SOAP 67 GM EWRPK,SWADESHI INDUSTRIAL WORKS LTD,KHOMBA,EWRPK,67,GM,67.00 GM
40351,HARPIC POWER PLUS ORIGINAL 10X 500 ML,RECKITT BENCKISER (LANKA) LTD,HARPIC,,500,ML,500.00 ML
40350,HARPIC POWER PLUS ORIGINAL 10X 200 ML,RECKITT BENCKISER (LANKA) LTD,HARPIC,,200,ML,200.00 ML
21130,ELEPHANT HOUSE CHICKEN SAUSAGES 300 GM PLPCH,KEELLS FOOD PRODUCTS LTD,ELEPHANT HOUSE,PLPCH,300,GM,300.00 GM
64092,MUNCHEE CAROL COOKIES 85 GM PLPCH,CEYLON BISCUITS LIMITED,MUNCHEE CRUNCHEE CAROLS,PLPCH,85,GM,85.00 GM
63955,PELWATTE FULL CREAM MILK POWDER 400 GM PLPCH + SAVE RS 50,PELWATTE DAIRY INDUSTRIES (PVT) LTD,PELWATTE,PLPCH,400,GM,400.00 GM
64057,MAGGI REAL COCONUT MILK POWDER 125 GM CDBOX,NESTLE LANKA,MAGGI COCONUT MILK POWDER,CDBOX,125,GM,125.00 GM
63972,SUNSILK NOURISHING SOFT & SMOOTH SHAMPOO 5 NATURAL OILS EGG PROTEIN & VITAMIN C ACTIVE MIX 80 ML PLBOT + FREE LIFEBUOY GLOWING SKIN SAKURA AND PINK CLAY SOAP 75 GM EWRPK,UNILEVER SRI LANKA LTD,SUNSILK,PLBOT,80,ML,80.00 ML
59950,DIVA FRESH NEW IMPROVED 3 IN 1 ROSE & LIME DETERGENT POWDER 1000 GM PLPCH + FREE DIVA FRESH NEW IMPROVED 3 IN 1 ROSE & LIME DETERGENT POWDER 200 GM PLPCH (SAVE RS 99),HEMAS MARKETING,DIVA FRESH,PLPCH,1200,GM,1200.00 GM
64200,SUPREME CLOROX 100 ML PLBOT,LANKA TRADERS,SUPREME CLOROX,PLBOT,100,ML,100.00 ML
64092,MUNCHEE CAROL COOKIES 85 GM PLPCH,CEYLON BISCUITS LIMITED,MUNCHEE CRUNCHEE CAROLS,PLPCH,85,GM,85.00 GM
47513,VASELINE INTENSIVE CARE (USL) ALOE FRESH 100 ML,UNILEVER SRI LANKA LTD,VASELINE INTENSIVE CARE,PLBOT,100,ML,100.00 ML
63436,WONDERLIGHT JASMINE LAUNDRY BAR (110*2) 220 GM EWRPK + SAVE RS 30,UNILEVER SRI LANKA LTD,WONDERLIGHT,EWRPK,220,GM,220.00 GM
48509,WATAWALA PURE CEYLON TEA 50 GM PLPCH,SUNSHINE COUNSUMER LANKA LTD,WATAWALA TEA,PLPCH,50,GM,50.00 GM
61843,VASELINE (USL) HEALTHY BRIGHT IN 2 WEEKS NIACINAMIDE-VITAMIN B3 SERUM IN BODY LOTION 100 ML PLBOT,UNILEVER SRI LANKA LTD,VASELINE,PLBOT,100,ML,100.00 ML
64092,MUNCHEE CAROL COOKIES 85 GM PLPCH,CEYLON BISCUITS LIMITED,MUNCHEE CRUNCHEE CAROLS,PLPCH,85,GM,85.00 GM
64093,MUNCHEE CAROL COOKIES 340 GM PLPCH,CEYLON BISCUITS LIMITED,MUNCHEE CRUNCHEE CAROLS,PLPCH,340,GM,340.00 GM
63955,PELWATTE FULL CREAM MILK POWDER 400 GM PLPCH + SAVE RS 50,PELWATTE DAIRY INDUSTRIES (PVT) LTD,PELWATTE,PLPCH,400,GM,400.00 GM
63968,BODY DOO - RESTORING CARE - BODY LOTION 200 ML PLBOT,BELLOSE LANKA LTD,BODY DOO,PLBOT,200,ML,200.00 ML
39506,ONELLE HONEY SHEA BUTTER BODY LOTION 100 ML,PURE HERBS INTERNATIONAL LTD,O'NELLE NATURALS,PLBOT,100,ML,100.00 ML
63967,BODY DOO - ALOE HYDRATION - BODY LOTION 200 ML PLBOT,BELLOSE LANKA LTD,BODY DOO,PLBOT,200,ML,200.00 ML
64198,BODY DOO - EXTRA BRIGHT - BODY LOTION 200 ML PLBOT,BELLOSE LANKA LTD,BODY DOO,PLBOT,200,ML,200.00 ML
64203,PROMATE - NOTEBOOK SPIRAL (A6) 50 PGS - 1 NO,PRINT EXCEL PVT LTD,PROMATE,,1,NO,1.00 NO
64204,RICHARD COLOURAY - NOTEBOOK (A6) 80 PGS - 1 NO,RICHARD TRADING CO (PVT) LTD,RICHARD COLOURAY,,1,NO,1.00 NO
64148,ENFAGROW (HEMAS) A+ PRO STAGE 4 VANILLA FOR 3 YEAR & ABOVE 400 GM TIN-NUTRITIONAL SUPPLEMENT + SAVE RS 300,HEMAS PHARMACEUTICALS (PVT) LTD,ENFAGROW A + 4,TIN,400,GM,400.00 GM
63985,ENFAGROW (HEMAS) A+ PRO STAGE 3 VANILLA FOR 1-3 YEARS 400 GM TIN-NUTRITIONAL SUPPLEMENT + SAVE RS 300,HEMAS PHARMACEUTICALS (PVT) LTD,ENFAGROW A + 3,TIN,400,GM,400.00 GM
64190,ENSURE (CIC) GOLD ALMOND FLAVOUR 400 GM TIN,CIC HOLDINGS (PVT) LTD,ENSURE,TIN,400,GM,400.00 GM
64201,RENUKA REAL THICK COCONUT MILK 400 ML TIN,SHAW WALLACE CEYLON LTD,RENUKA COCONUT MILK,TIN,400,ML,400.00 ML
63955,PELWATTE FULL CREAM MILK POWDER 400 GM PLPCH + SAVE RS 50,PELWATTE DAIRY INDUSTRIES (PVT) LTD,PELWATTE,PLPCH,400,GM,400.00 GM
64092,MUNCHEE CAROL COOKIES 85 GM PLPCH,CEYLON BISCUITS LIMITED,MUNCHEE CRUNCHEE CAROLS,PLPCH,85,GM,85.00 GM
52305,PUREDALE FULL CREAM MILK POWDER 400 GM CDBOX,ANODS COCOA PVT LTD,PUREDALE,CDBOX,400,GM,400.00 GM
64093,MUNCHEE CAROL COOKIES 340 GM PLPCH,CEYLON BISCUITS LIMITED,MUNCHEE CRUNCHEE CAROLS,PLPCH,340,GM,340.00 GM
58791,PUREDALE FULL CREAM MILK POWDER 125 GM PLPCH,ANODS COCOA PVT LTD,PUREDALE,PLPCH,125,GM,125.00 GM
62852,CALIN BABY SOAP 65 GM CDBOX,DELMAR LANKA PVT LTD,CALIN BABY,CDBOX,65,GM,65.00 GM
51410,FEMS COTTON FEEL-WINGS 10 NO,HEMAS MARKETING,FEMS,10NO,10,NO,10.00 NO
64188,AYUSH NATURAL GLOW & PROTECT FACE CREAM WITH SAFFRON KUMKUMADI TAILAM AND VITAMIN C 15 GM CDBOX,UNILEVER SRI LANKA LTD,LEVER AYUSH,CDBOX,15,GM,15.00 GM
64082,AYUSH PURIFYING WELLNESS SOAP WITH KOHOMBA PANCHAVALKADI TAILAM AND MINT 70 GM CDBOX,UNILEVER SRI LANKA LTD,LEVER AYUSH,CDBOX,70,GM,70.00 GM
64132,AYUSH EXFOLIATING WELLNESS SOAP WITH VENIVEL ALMOND OIL AND COCONUT SHELL POWDER 70 GM CDBOX,UNILEVER SRI LANKA LTD,LEVER AYUSH,CDBOX,70,GM,70.00 GM
64167,AYUSH ANTI MARK & OIL CONTROL FACE CREAM WITH TURMERIC KUMKUMADI TAILAM AND MINT 15 GM CDBOX,UNILEVER SRI LANKA LTD,LEVER AYUSH,CDBOX,15,GM,15.00 GM
64081,AYUSH GLOWING RADIANCE SOAP WITH SANDALWOOD KUMKUMADI TAILAM AND SAFFRON 70 GM CDBOX,UNILEVER SRI LANKA LTD,LEVER AYUSH,CDBOX,70,GM,70.00 GM
63993,NESTOMALT 1 ST CUP MALTED FOOD 400 GM CDBOX + FREE MAGGI PAPARE KOTTU 75 GM PLPCH,NESTLE LANKA,NESTOMALT,CDBOX,400,GM,400.00 GM
64189,LYSOL TRIPLE GERM ACTION ALL IN 1 DISINFECTANT SURFACE CLEANER - CITRONELLA - 500 ML PLBOT + FREE HARPIC POWER PLUS 10X ADVANCED ORIGINAL 200 ML PLBOT,RECKITT BENCKISER (LANKA) LTD,LYSOL,PLBOT,700,ML,500.00 ML
63992,VIM LIME FRESH DISHWASH LIQUID 500 ML PLBOT + SAVE RS 50,UNILEVER SRI LANKA LTD,VIM,PLBOT,500,ML,500.00 ML
64059,LYSOL TRIPLE GERM ACTION ALL IN 1 DISINFECTANT SURFACE CLEANER - FLORAL - 500 ML PLBOT + FREE HARPIC POWER PLUS 10X ADVANCED ORIGINAL 200 ML PLBOT,RECKITT BENCKISER (LANKA) LTD,LYSOL,PLBOT,700,ML,500.00 ML
64092,MUNCHEE CAROL COOKIES 85 GM PLPCH,CEYLON BISCUITS LIMITED,MUNCHEE CRUNCHEE CAROLS,PLPCH,85,GM,85.00 GM
51411,FEMS DRYTEX-WINGS 10 NO,HEMAS MARKETING,FEMS,10NO,10,NO,10.00 NO
64092,MUNCHEE CAROL COOKIES 85 GM PLPCH,CEYLON BISCUITS LIMITED,MUNCHEE CRUNCHEE CAROLS,PLPCH,85,GM,85.00 GM
63993,NESTOMALT 1 ST CUP MALTED FOOD 400 GM CDBOX + FREE MAGGI PAPARE KOTTU 75 GM PLPCH,NESTLE LANKA,NESTOMALT,CDBOX,400,GM,400.00 GM
63960,GOYA (HEMAS) ROSES RUBY RED SOAP 70 GM CDBOX,HEMAS MARKETING,GOYA,CDBOX,70,GM,70.00 GM
64193,CRYING THAIGER SRIRACHA SAUCE 740 ML PLBOT,GRANDEUR FOOD SOLUTIONS (PVT) LTD,CRYING THAIGER,PLBOT,740,ML,740.00 ML
64195,ROYAL ARM SRIRACHA HOT SAUCE 200 GM GLBOT,GRANDEUR FOOD SOLUTIONS (PVT) LTD,ROYAL ARM,GLBOT,200,GM,200.00 GM
64196,MARINA COCONUT CREAM 400 ML TIN,MARINA FOODS (PVT) LTD,MARINA COCONUT MILK,TIN,400,ML,400.00 ML
64202,RENUKA REAL COCONUT MILK 1000 ML TPK,SHAW WALLACE CEYLON LTD,RENUKA COCONUT MILK,TPK,1000,ML,1000.00 ML
64194,ROYAL ARM PERI PERI SAUCE 180 GM GLBOT,GRANDEUR FOOD SOLUTIONS (PVT) LTD,ROYAL ARM,GLBOT,180,GM,180.00 GM
64201,RENUKA REAL THICK COCONUT MILK 400 ML TIN,SHAW WALLACE CEYLON LTD,RENUKA COCONUT MILK,TIN,400,ML,400.00 ML
64192,CRYING THAIGER SRIRACHA SAUCE 200 ML PLBOT,GRANDEUR FOOD SOLUTIONS (PVT) LTD,CRYING THAIGER,PLBOT,200,ML,200.00 ML
63961,KHOMBA LEMONGRASS SOAP 67 GM EWRPK,SWADESHI INDUSTRIAL WORKS LTD,KHOMBA,EWRPK,67,GM,67.00 GM
14634,CS DAIRY ORANGE FLAVOURED DRINK-PLCUP 200 ML,CHAMILA MILK PRODUCT,CS DAIRY ORANGE,PLCUP,200,ML,200.00 ML
63993,NESTOMALT 1 ST CUP MALTED FOOD 400 GM CDBOX + FREE MAGGI PAPARE KOTTU 75 GM PLPCH,NESTLE LANKA,NESTOMALT,CDBOX,400,GM,400.00 GM
63993,NESTOMALT 1 ST CUP MALTED FOOD 400 GM CDBOX + FREE MAGGI PAPARE KOTTU 75 GM PLPCH,NESTLE LANKA,NESTOMALT,CDBOX,400,GM,400.00 GM
64187,HIGHLION VANILLA FLAVOURED SET YOGHURT 80 GM PLCUP,SINETH PRODUCTS,HIGHLION,PLCUP,80,GM,80.00 GM
64191,REAL LIFE SET YOGHURT 80 GM PLCUP,REAL MILK PRODUCTS,REAL LIFE,PLCUP,80,GM,80.00 GM
64185,MAGAM LANKA PEPPER POWDER 25 GM PLPCH (N LION GROUP),N LION GROUP,MAGAM LANKA,PLPCH,25,GM,25.00 GM
64186,MAGAM LANKA TURMERIC POWDER 50 GM PLPCH (N LION GROUP),N LION GROUP,MAGAM LANKA,PLPCH,50,GM,50.00 GM
51410,FEMS COTTON FEEL-WINGS 10 NO,HEMAS MARKETING,FEMS,10NO,10,NO,10.00 NO
63993,NESTOMALT 1 ST CUP MALTED FOOD 400 GM CDBOX + FREE MAGGI PAPARE KOTTU 75 GM PLPCH,NESTLE LANKA,NESTOMALT,CDBOX,400,GM,400.00 GM
64058,KEKULU (SIDDHALEPA) KING COCONUT OIL - LOTHSUBULU - ALOEVERA 70 GM CDBOX + SAVE RS 15,SIDDHALEPA AYURVEDA EXPORTS,KEKULU,CDBOX,70,GM,70.00 GM
63993,NESTOMALT 1 ST CUP MALTED FOOD 400 GM CDBOX + FREE MAGGI PAPARE KOTTU 75 GM PLPCH,NESTLE LANKA,NESTOMALT,CDBOX,400,GM,400.00 GM
63955,PELWATTE FULL CREAM MILK POWDER 400 GM PLPCH + SAVE RS 50,PELWATTE DAIRY INDUSTRIES (PVT) LTD,PELWATTE,PLPCH,400,GM,400.00 GM
63820,SUNSILK KERATIN STRAIGHT SHAMPOO WITH KERATIN AND ARGAN OIL ACTIV MIX 180 ML PLBOT,UNILEVER SRI LANKA LTD,SUNSILK,PLBOT,180,ML,180.00 ML
64081,AYUSH GLOWING RADIANCE SOAP WITH SANDALWOOD KUMKUMADI TAILAM AND SAFFRON 70 GM CDBOX,UNILEVER SRI LANKA LTD,LEVER AYUSH,CDBOX,70,GM,70.00 GM
64092,MUNCHEE CAROL COOKIES 85 GM PLPCH,CEYLON BISCUITS LIMITED,MUNCHEE CRUNCHEE CAROLS,PLPCH,85,GM,85.00 GM
63953,MAGGI REAL COCONUT MILK POWDER 25 GM PLPCH,NESTLE LANKA,MAGGI COCONUT MILK POWDER,PLPCH,25,GM,25.00 GM
63797,PEARS BABY PURE & GENTLE BABY SOAP WITH OLIVE OIL & MOISTURE CREAM (70*2) 140 GM CDBOX + SAVE RS 90,UNILEVER SRI LANKA LTD,PEARS BABY,CDBOX,140,GM,140.00 GM
63993,NESTOMALT 1 ST CUP MALTED FOOD 400 GM CDBOX + FREE MAGGI PAPARE KOTTU 75 GM PLPCH,NESTLE LANKA,NESTOMALT,CDBOX,400,GM,400.00 GM
62852,CALIN BABY SOAP 65 GM CDBOX,DELMAR LANKA PVT LTD,CALIN BABY,CDBOX,65,GM,65.00 GM
63961,KHOMBA LEMONGRASS SOAP 67 GM EWRPK,SWADESHI INDUSTRIAL WORKS LTD,KHOMBA,EWRPK,67,GM,67.00 GM
64181,VENDOL VENIVAL TURMERIC-VENIVAL-MARGOSA-SANDALWOOD WITH ALOEVERA 85 GM CDBOX,GODAKANDA HERBALS (PVT) LTD - (VENDOL LANKA),VENDOL VENIVAL,CDBOX,85,GM,85.00 GM
52728,RATHNA - CR BOOK (A4) 80 PGS - 1 NO,PRINT EXCEL PVT LTD,RATHNA,,1,NO,1.00 NO
64081,AYUSH GLOWING RADIANCE SOAP WITH SANDALWOOD KUMKUMADI TAILAM AND SAFFRON 70 GM CDBOX,UNILEVER SRI LANKA LTD,LEVER AYUSH,CDBOX,70,GM,70.00 GM
64082,AYUSH PURIFYING WELLNESS SOAP WITH KOHOMBA PANCHAVALKADI TAILAM AND MINT 70 GM CDBOX,UNILEVER SRI LANKA LTD,LEVER AYUSH,CDBOX,70,GM,70.00 GM
31208,MUNCHEE RINGO BISCUITS 50 GM,CEYLON BISCUITS LIMITED,MUNCHEE RINGO BISCUITS,PLPCH,50,GM,50.00 GM
63955,PELWATTE FULL CREAM MILK POWDER 400 GM PLPCH + SAVE RS 50,PELWATTE DAIRY INDUSTRIES (PVT) LTD,PELWATTE,PLPCH,400,GM,400.00 GM
63983,PELWATTE VANILLA FLAVOUR DRINKING YOGHURT 180 ML PLBOT,PELWATTE DAIRY INDUSTRIES (PVT) LTD,PELWATTE,PLBOT,180,ML,180.00 ML
37076,RIN REFRESH SCENT OF LEMON & ROSE DETERGENT POWDER 200 GM,UNILEVER SRI LANKA LTD,RIN,PLPCH,200,GM,200.00 GM
36153,TALAWAKELLE TEA 50 GM PLPCH (UDARATA TEA),UDARATA TEA CENTER,TALAWAKELLE,PLPCH,50,GM,50.00 GM
64092,MUNCHEE CAROL COOKIES 85 GM PLPCH,CEYLON BISCUITS LIMITED,MUNCHEE CRUNCHEE CAROLS,PLPCH,85,GM,85.00 GM
36152,TALAWAKELLE TEA 100 GM PLPCH (UDARATA TEA),UDARATA TEA CENTER,TALAWAKELLE,PLPCH,100,GM,100.00 GM
64082,AYUSH PURIFYING WELLNESS SOAP WITH KOHOMBA PANCHAVALKADI TAILAM AND MINT 70 GM CDBOX,UNILEVER SRI LANKA LTD,LEVER AYUSH,CDBOX,70,GM,70.00 GM
64081,AYUSH GLOWING RADIANCE SOAP WITH SANDALWOOD KUMKUMADI TAILAM AND SAFFRON 70 GM CDBOX,UNILEVER SRI LANKA LTD,LEVER AYUSH,CDBOX,70,GM,70.00 GM
64181,VENDOL VENIVAL TURMERIC-VENIVAL-MARGOSA-SANDALWOOD WITH ALOEVERA 85 GM CDBOX,GODAKANDA HERBALS (PVT) LTD - (VENDOL LANKA),VENDOL VENIVAL,CDBOX,85,GM,85.00 GM
64183,4 EVER GOLD BB+ BEAUTY CREAM 30 GM CDBOX,4 EVER SKIN NATURALS (PVT) LTD,4 EVER,CDBOX,30,GM,30.00 GM
63961,KHOMBA LEMONGRASS SOAP 67 GM EWRPK,SWADESHI INDUSTRIAL WORKS LTD,KHOMBA,EWRPK,67,GM,67.00 GM
64092,MUNCHEE CAROL COOKIES 85 GM PLPCH,CEYLON BISCUITS LIMITED,MUNCHEE CRUNCHEE CAROLS,PLPCH,85,GM,85.00 GM
63943,KEKULU (SIDDHALEPA) THAMBILI THEL SUDU HADUN AROODHA SAMAN PICHCHA KOKUM POTHU BABY SOAP 70 GM CDBOX + SAVE RS 15,SIDDHALEPA AYURVEDA EXPORTS,KEKULU,CDBOX,70,GM,70.00 GM
64082,AYUSH PURIFYING WELLNESS SOAP WITH KOHOMBA PANCHAVALKADI TAILAM AND MINT 70 GM CDBOX,UNILEVER SRI LANKA LTD,LEVER AYUSH,CDBOX,70,GM,70.00 GM
64081,AYUSH GLOWING RADIANCE SOAP WITH SANDALWOOD KUMKUMADI TAILAM AND SAFFRON 70 GM CDBOX,UNILEVER SRI LANKA LTD,LEVER AYUSH,CDBOX,70,GM,70.00 GM
64179,TEN - (NARAH COMPUTER FORMS) - EXERCISE BOOK (A5) 40 PGS - 1 NO,NARAH COMPUTER FORMS,TEN,,1,NO,1.00 NO
63964,SENSODYNE - SOFT TOOTHBRUSH 1 NO,GLAXO SMITHKLINE BEECHAM,SENSODYNE,,1,NO,1.00 NO
63955,PELWATTE FULL CREAM MILK POWDER 400 GM PLPCH + SAVE RS 50,PELWATTE DAIRY INDUSTRIES (PVT) LTD,PELWATTE,PLPCH,400,GM,400.00 GM
63943,KEKULU (SIDDHALEPA) THAMBILI THEL SUDU HADUN AROODHA SAMAN PICHCHA KOKUM POTHU BABY SOAP 70 GM CDBOX + SAVE RS 15,SIDDHALEPA AYURVEDA EXPORTS,KEKULU,CDBOX,70,GM,70.00 GM
63993,NESTOMALT 1 ST CUP MALTED FOOD 400 GM CDBOX + FREE MAGGI PAPARE KOTTU 75 GM PLPCH,NESTLE LANKA,NESTOMALT,CDBOX,400,GM,400.00 GM
51411,FEMS DRYTEX-WINGS 10 NO,HEMAS MARKETING,FEMS,10NO,10,NO,10.00 NO
64172,BESTON CHILLI PIECES 1000 GM PLPCH,BESTON PRODUCTS,BESTON,PLPCH,1000,GM,1000.00 GM
64173,BESTON CURRY POWDER 1000 GM PLPCH,BESTON PRODUCTS,BESTON,PLPCH,1000,GM,1000.00 GM
63993,NESTOMALT 1 ST CUP MALTED FOOD 400 GM CDBOX + FREE MAGGI PAPARE KOTTU 75 GM PLPCH,NESTLE LANKA,NESTOMALT,CDBOX,400,GM,400.00 GM
53569,GODREJ EXPERT NATURAL BLACK 5 MINUTES HAIR COLOUR LIQUID 21 ML PLPCH,GODREJ HOUSEHOLD PRODUCTS (PVT) LTD,GODREJ,PLPCH,21,ML,21.00 ML
64092,MUNCHEE CAROL COOKIES 85 GM PLPCH,CEYLON BISCUITS LIMITED,MUNCHEE CRUNCHEE CAROLS,PLPCH,85,GM,85.00 GM
64166,LINK SUDANTHA-SMILE-MEDIUM ADULT TOOTHBRUSH DOUBLE PACK 2 NO + SAVE RS 15,LINK NATURAL PRODUCT,LINK SUDANTHA,,2,NO,2.00 NO
64168,DOVE NUTRI SERUM HAIR FALL RESCUE NOURISHING SHAMPOO 80 ML PLBOT + FREE VASELINE HEALTHY BRIGHT IN 2 WEEKS NIACINAMIDE-VITAMIN B3 SERUM IN BODY LOTION 15 ML CDBOX SAMPLE PACK,UNILEVER SRI LANKA LTD,DOVE,PLBOT,80,ML,80.00 ML
64170,HELA RASA SPECIAL NOODLES 500 GM PLPCH,HELARASA TRADING (PVT)LTD,HELARASA,PLPCH,500,GM,500.00 GM
64165,VENDOL ROYAL BABY ROSE-JASMIN MOISTURISING SOAP (80*3) 240 GM CDBOX + BUY 3 SAVE RS 40,GODAKANDA HERBALS (PVT) LTD - (VENDOL LANKA),VENDOL ROYAL BABY,CDBOX,240,GM,240.00 GM
64089,AYUSH TOTAL ORAL CARE FLUORIDATED TOOTHPASTE WITH CLOVE OIL & DASANAKANTHI CHOORNAM 70 GM CDBOX,UNILEVER SRI LANKA LTD,LEVER AYUSH,CDBOX,70,GM,70.00 GM
64171,AYUSH TOTAL ORAL CARE FLUORIDATED TOOTHPASTE WITH CLOVE OIL & DASANAKANTHI CHOORNAM 110 GM CDBOX,UNILEVER SRI LANKA LTD,LEVER AYUSH,CDBOX,110,GM,110.00 GM
63759,DIVA FRESH 3 IN 1 GARDENIA & ROSE DETERGENT POWDER 1000 GM PLPCH,HEMAS MARKETING,DIVA FRESH,PLPCH,1000,GM,1000.00 GM
63993,NESTOMALT 1 ST CUP MALTED FOOD 400 GM CDBOX + FREE MAGGI PAPARE KOTTU 75 GM PLPCH,NESTLE LANKA,NESTOMALT,CDBOX,400,GM,400.00 GM
64177,SUPIRISIDU SPEED ACTION SILKY AFTER WASH FABRIC CONDITIONER 100 ML PLBOT,DESHANI ENTERPRISES,SUPIRISIDU,PLBOT,100,ML,100.00 ML
63953,MAGGI REAL COCONUT MILK POWDER 25 GM PLPCH,NESTLE LANKA,MAGGI COCONUT MILK POWDER,PLPCH,25,GM,25.00 GM
63959,HIMALI FACTORY FRESH TEA 50 GM PLPCH,HIMALI STORES,HIMALI,PLPCH,50,GM,50.00 GM
54278,PEARS BABY ALOE VERA & NEEM CHOOTY PACK BABY SOAP 70 GM CDBOX,UNILEVER SRI LANKA LTD,PEARS BABY,CDBOX,70,GM,70.00 GM
64092,MUNCHEE CAROL COOKIES 85 GM PLPCH,CEYLON BISCUITS LIMITED,MUNCHEE CRUNCHEE CAROLS,PLPCH,85,GM,85.00 GM
63993,NESTOMALT 1 ST CUP MALTED FOOD 400 GM CDBOX + FREE MAGGI PAPARE KOTTU 75 GM PLPCH,NESTLE LANKA,NESTOMALT,CDBOX,400,GM,400.00 GM
64082,AYUSH PURIFYING WELLNESS SOAP WITH KOHOMBA PANCHAVALKADI TAILAM AND MINT 70 GM CDBOX,UNILEVER SRI LANKA LTD,LEVER AYUSH,CDBOX,70,GM,70.00 GM
59504,R.G.M CURRY POWDER 1000 GM PLPCH,R.G.M.PRODUCTS,R.G.M,PLPCH,1000,GM,1000.00 GM
64180,SILVERMILL COCONUT MILK 330 ML TPK,SILVERMILL NATURAL BEVERAGE (PVT) LTD,SILVERMILL COCONUT MILK,TPK,330,ML,330.00 ML
47413,R.G.M CHILLI POWDER 1000 GM PLPCH,R.G.M.PRODUCTS,R.G.M,PLPCH,1000,GM,1000.00 GM
64160,SACHIE BUDDY MARI BISCUITS 360 GM PLPCH,SACHIE BISCUITS (PVT) LTD,SACHIE BUDDY MARIE,PLPCH,360,GM,360.00 GM
64132,AYUSH EXFOLIATING WELLNESS SOAP WITH VENIVEL ALMOND OIL AND COCONUT SHELL POWDER 70 GM CDBOX,UNILEVER SRI LANKA LTD,LEVER AYUSH,CDBOX,70,GM,70.00 GM
64081,AYUSH GLOWING RADIANCE SOAP WITH SANDALWOOD KUMKUMADI TAILAM AND SAFFRON 70 GM CDBOX,UNILEVER SRI LANKA LTD,LEVER AYUSH,CDBOX,70,GM,70.00 GM
64167,AYUSH ANTI MARK & OIL CONTROL FACE CREAM WITH TURMERIC KUMKUMADI TAILAM AND MINT 15 GM CDBOX,UNILEVER SRI LANKA LTD,LEVER AYUSH,CDBOX,15,GM,15.00 GM
64164,BABY CHERAMY GENTLY CLEANS & SOFTENS HAIR BABY SHAMPOO 200 ML PLBOT + FREE BABY CHERAMY BABY SOAP ALMOND OIL-VITAMIN E-MILK 70 GM CDBOX,HEMAS MARKETING,BABY CHERAMY,PLBOT,200,ML,200.00 ML
64090,AYUSH TOTAL ORAL CARE FLUORIDATED TOOTHPASTE WITH CLOVE OIL & DASANAKANTHI CHOORNAM 30 GM CDBOX,UNILEVER SRI LANKA LTD,LEVER AYUSH,CDBOX,30,GM,30.00 GM
64012,CIC PEDIA SURE GOLD CLASSIC VANILLA FLAVOUR NUTRITIONAL SUPPLEMENT FOR CHILDREN 1-10 YEARS 380 GM TIN,CIC HOLDINGS (PVT) LTD,PEADIA SURE,TIN,380,GM,380.00 GM
53569,GODREJ EXPERT NATURAL BLACK 5 MINUTES HAIR COLOUR LIQUID 21 ML PLPCH,GODREJ HOUSEHOLD PRODUCTS (PVT) LTD,GODREJ,PLPCH,21,ML,21.00 ML
63964,SENSODYNE - SOFT TOOTHBRUSH 1 NO,GLAXO SMITHKLINE BEECHAM,SENSODYNE,,1,NO,1.00 NO
48507,THALAWAKELE TEA 100 GM PLPCH,WEERASINGHE TEA,THALAWAKELE TEA,PLPCH,100,GM,100.00 GM
64081,AYUSH GLOWING RADIANCE SOAP WITH SANDALWOOD KUMKUMADI TAILAM AND SAFFRON 70 GM CDBOX,UNILEVER SRI LANKA LTD,LEVER AYUSH,CDBOX,70,GM,70.00 GM
64082,AYUSH PURIFYING WELLNESS SOAP WITH KOHOMBA PANCHAVALKADI TAILAM AND MINT 70 GM CDBOX,UNILEVER SRI LANKA LTD,LEVER AYUSH,CDBOX,70,GM,70.00 GM
64092,MUNCHEE CAROL COOKIES 85 GM PLPCH,CEYLON BISCUITS LIMITED,MUNCHEE CRUNCHEE CAROLS,PLPCH,85,GM,85.00 GM
47514,VASELINE INTENSIVE CARE (USL) DERMA CARE ADVANCED REPAIR LIGHTLY SCENTED WITH BARRIER REPAIR COMPLEX 100 ML PLBOT,UNILEVER SRI LANKA LTD,VASELINE INTENSIVE CARE,PLBOT,100,ML,100.00 ML
39660,VASELINE INTENSIVE CARE (USL) DEEP RESTORE 100 ML,UNILEVER SRI LANKA LTD,VASELINE INTENSIVE CARE,PLBOT,100,ML,100.00 ML
63993,NESTOMALT 1 ST CUP MALTED FOOD 400 GM CDBOX + FREE MAGGI PAPARE KOTTU 75 GM PLPCH,NESTLE LANKA,NESTOMALT,CDBOX,400,GM,400.00 GM
63944,KHOMBA BABY SOAP WITH COCONUT MILK AND ALOEVERA 70 GM CDBOX + SAVE RS 15,SWADESHI INDUSTRIAL WORKS LTD,KHOMBA BABY,CDBOX,70,GM,70.00 GM
64178,SAMMANEE - B5 BOOK 200 PGS - 1 NO,SAMMANA STATIONER (PVT) LTD,SAMMANEE,,1,NO,1.00 NO
14634,CS DAIRY ORANGE FLAVOURED DRINK-PLCUP 200 ML,CHAMILA MILK PRODUCT,CS DAIRY ORANGE,PLCUP,200,ML,200.00 ML
64174,HIMALI PEPPER POWDER 25 GM PLPCH,HIMALI STORES,HIMALI,PLPCH,25,GM,25.00 GM
63959,HIMALI FACTORY FRESH TEA 50 GM PLPCH,HIMALI STORES,HIMALI,PLPCH,50,GM,50.00 GM
64040,HIMALI CHILLI POWDER 50 GM PLPCH,HIMALI STORES,HIMALI,PLPCH,50,GM,50.00 GM
64038,HIMALI ROSTED CURRY POWDER 50 GM PLPCH,HIMALI STORES,HIMALI,PLPCH,50,GM,50.00 GM
63960,GOYA (HEMAS) ROSES RUBY RED SOAP 70 GM CDBOX,HEMAS MARKETING,GOYA,CDBOX,70,GM,70.00 GM
64169,COW & GATE NEXT STEP 4 3-6 YEARS 400 GM TIN + SAVE RS 600,DARLEY BUTLER,COW & GATE NEXT STEP 4,TIN,400,GM,400.00 GM
64081,AYUSH GLOWING RADIANCE SOAP WITH SANDALWOOD KUMKUMADI TAILAM AND SAFFRON 70 GM CDBOX,UNILEVER SRI LANKA LTD,LEVER AYUSH,CDBOX,70,GM,70.00 GM
64082,AYUSH PURIFYING WELLNESS SOAP WITH KOHOMBA PANCHAVALKADI TAILAM AND MINT 70 GM CDBOX,UNILEVER SRI LANKA LTD,LEVER AYUSH,CDBOX,70,GM,70.00 GM
64009,KHOMBA BABY FLORAL - KOHOMBA WITH RATHMAL AND ROSE WATER BABY COLOGNE 30 ML CDBOX,SWADESHI INDUSTRIAL WORKS LTD,KHOMBA,CDBOX,30,ML,30.00 ML
64132,AYUSH EXFOLIATING WELLNESS SOAP WITH VENIVEL ALMOND OIL AND COCONUT SHELL POWDER 70 GM CDBOX,UNILEVER SRI LANKA LTD,LEVER AYUSH,CDBOX,70,GM,70.00 GM
63993,NESTOMALT 1 ST CUP MALTED FOOD 400 GM CDBOX + FREE MAGGI PAPARE KOTTU 75 GM PLPCH,NESTLE LANKA,NESTOMALT,CDBOX,400,GM,400.00 GM
63993,NESTOMALT 1 ST CUP MALTED FOOD 400 GM CDBOX + FREE MAGGI PAPARE KOTTU 75 GM PLPCH,NESTLE LANKA,NESTOMALT,CDBOX,400,GM,400.00 GM
64036,GOYA (HEMAS) ROSES PRETTY PINK SOAP 70 GM CDBOX,HEMAS MARKETING,GOYA,CDBOX,70,GM,70.00 GM
63960,GOYA (HEMAS) ROSES RUBY RED SOAP 70 GM CDBOX,HEMAS MARKETING,GOYA,CDBOX,70,GM,70.00 GM
63964,SENSODYNE - SOFT TOOTHBRUSH 1 NO,GLAXO SMITHKLINE BEECHAM,SENSODYNE,,1,NO,1.00 NO
64108,GODREJ CINTHOL (GODREJ) LIME REFRESHING DEO SOAP (100*2) 200 GM CDBOX + BUY 2 SAVE RS 70,GODREJ HOUSEHOLD PRODUCTS (PVT) LTD,CINTHOL,CDBOX,200,GM,200.00 GM
63973,SUNSILK STUNNING BLACK SHINE-GO SHINE-WITH AMLA OIL PEARL PROTEIN & VITAMIN E ACTIVE MIX SHAMPOO 80 ML PLBOT + FREE LIFEBUOY MILD CARE WITH MILK PROTEIN SOAP 75 GM EWRPK,UNILEVER SRI LANKA LTD,SUNSILK,PLBOT,80,ML,80.00 ML
63961,KHOMBA LEMONGRASS SOAP 67 GM EWRPK,SWADESHI INDUSTRIAL WORKS LTD,KHOMBA,EWRPK,67,GM,67.00 GM
51411,FEMS DRYTEX-WINGS 10 NO,HEMAS MARKETING,FEMS,10NO,10,NO,10.00 NO
51694,CLOSE UP RED HOT TRIPLE FRESH FORMULA 120 GM CDBOX,UNILEVER SRI LANKA LTD,CLOSE UP,CDBOX,120,GM,120.00 GM
63993,NESTOMALT 1 ST CUP MALTED FOOD 400 GM CDBOX + FREE MAGGI PAPARE KOTTU 75 GM PLPCH,NESTLE LANKA,NESTOMALT,CDBOX,400,GM,400.00 GM
64163,STEUARTS TEA - CATERING PACK 100 TEA BAGS 200 GM PLPCH,GEORGE STEUARTS TEA,STEUARTS,PLPCH,200,GM,200.00 GM
64057,MAGGI REAL COCONUT MILK POWDER 125 GM CDBOX,NESTLE LANKA,MAGGI COCONUT MILK POWDER,CDBOX,125,GM,125.00 GM
63993,NESTOMALT 1 ST CUP MALTED FOOD 400 GM CDBOX + FREE MAGGI PAPARE KOTTU 75 GM PLPCH,NESTLE LANKA,NESTOMALT,CDBOX,400,GM,400.00 GM
64162,KINGS WAY LONG COOL PEPPERMINT (8 GM) 1 NO,KINGS WAY PRODUCTS,KINGS WAY,,1,NO,1.00 NO
51863,NATURES SECRETS BRIGHTENING CARE ENRICHED WITH COCOA BUTTER + PAPAYA & VITAMIN B3 BODY LOTION 100 ML PLBOT,NATURE'S BEAUTY CREATIONS LTD,NATURES SECRETS,PLBOT,100,ML,100.00 ML
63964,SENSODYNE - SOFT TOOTHBRUSH 1 NO,GLAXO SMITHKLINE BEECHAM,SENSODYNE,,1,NO,1.00 NO
64160,SACHIE BUDDY MARI BISCUITS 360 GM PLPCH,SACHIE BISCUITS (PVT) LTD,SACHIE BUDDY MARIE,PLPCH,360,GM,360.00 GM
63595,WONDERLIGHT LEMON LAUNDRY BAR (110*2) 220 GM EWRPK + SAVE RS 30,UNILEVER SRI LANKA LTD,WONDERLIGHT,EWRPK,220,GM,220.00 GM
63993,NESTOMALT 1 ST CUP MALTED FOOD 400 GM CDBOX + FREE MAGGI PAPARE KOTTU 75 GM PLPCH,NESTLE LANKA,NESTOMALT,CDBOX,400,GM,400.00 GM
64006,BLACK KNIGHT DARK KNIGHT POCKET PERFUME EAU DE TOILETTE 18.5 ML PLBOT,ICL MARKETING,BLACK KNIGHT,PLBOT,18,ML,18.50 ML
64007,BLACK KNIGHT FRESH EXTREME POCKET PERFUME EAU DE TOILETTE 18.5 ML PLBOT,ICL MARKETING,BLACK KNIGHT,PLBOT,18,ML,18.50 ML
64018,SUNSILK DAMAGE RESTORE SHAMPOO WITH KING COCONUT OIL KERATIN PROTEIN & VITAMIN C ACTIV-MIX 80 ML PLBOT + FREE LIFEBUOY MILD CARE WITH MILK PROTEIN 75 GM EWRPK,UNILEVER SRI LANKA LTD,SUNSILK,PLBOT,80,ML,80.00 ML
64161,RAIGAM CHICKEN FLAVOURED DARAPORANU SOYA 40 GM PLPCH,RAIGAM MARKETING SERVICE,RAIGAM SOYA,PLPCH,40,GM,40.00 GM
63973,SUNSILK STUNNING BLACK SHINE-GO SHINE-WITH AMLA OIL PEARL PROTEIN & VITAMIN E ACTIVE MIX SHAMPOO 80 ML PLBOT + FREE LIFEBUOY MILD CARE WITH MILK PROTEIN SOAP 75 GM EWRPK,UNILEVER SRI LANKA LTD,SUNSILK,PLBOT,80,ML,80.00 ML
14615,OLE CREAM SODA-PET 400 ML,PEPSICO INTERNATIONAL,OLE CREAM SODA,PET,400,ML,400.00 ML
21129,ELEPHANT HOUSE KULFI FLAVOURED WHITE CHOCO COATED ICE CREAM 50 ML PLPCH,CEYLON COLD STORES,EH KUFI,PLPCH,50,ML,50.00 ML
51411,FEMS DRYTEX-WINGS 10 NO,HEMAS MARKETING,FEMS,10NO,10,NO,10.00 NO
64131,MALIBAN MELKO FULL CREAM MILK POWDER 50 GM PLPCH,MALIBAN MILK PRODUCT (PVT) LTD,MELKO,PLPCH,50,GM,50.00 GM
64155,EMA ROASTED CURRY POWDER 250 GM PLPCH,EMA FOOD PRODUCTS,EMA,PLPCH,250,GM,250.00 GM
64156,EMA CURRY POWDER 250 GM PLPCH,EMA FOOD PRODUCTS,EMA,PLPCH,250,GM,250.00 GM
64157,EMA TURMERIC POWDER 25 GM PLPCH,EMA FOOD PRODUCTS,EMA,PLPCH,25,GM,25.00 GM
64134,LUX BRIGHT GLOW ROSE & VIT C + E (70*2) 140 GM EWRPK + FREE LUX SOFT GLOW JASMINE & VITAMIN E 7 BEAUTY INGREDIANTS 70 GM EWRPK (210 GM) (BUY 2 GET 1 FREE),UNILEVER SRI LANKA LTD,LUX,EWRPK,210,GM,140.00 GM
64158,MIRICH CHILLI POWDER 500 GM PLPCH,COLOMBO COMMODITIES,MIRICH,PLPCH,500,GM,500.00 GM
14627,REAL BOTTLED DRINKING WATER 1500 ML PLBOT,TSPL TECHNOLOGIES (PVT) LTD,REAL,PLBOT,1500,ML,1500.00 ML
63961,KHOMBA LEMONGRASS SOAP 67 GM EWRPK,SWADESHI INDUSTRIAL WORKS LTD,KHOMBA,EWRPK,67,GM,67.00 GM
64133,DETTOL PROSKIN SKIN CARE (70*3) 210 GM EWRPK + BUY 2 GET 1 FREE,RECKITT BENCKISER (LANKA) LTD,DETTOL,EWRPK,210,GM,210.00 GM
64138,SAFE + GUARD MINT BREEZE SOAP (70*2) 140 GM + SAFE + GUARD MANDARIN TOUCH SOAP (70*2) 140 GM 4 IN 1 SMART PACK (280 GM) CDBOX + SAVE RS 50 + FREE SAFE + GUARD MANDARIN TOUCH SOAP 70 GM EWRPK,ICL MARKETING,SAFE + GUARD,CDBOX,350,GM,280.00 GM
38415,PEARS BABY 200 ML PLBOT ALOE VERA & NEEM SOOTHES & MOISTURIZES BBY CRM,UNILEVER SRI LANKA LTD,PEARS BABY,PLBOT,200,ML,200.00 ML
64153,COLGATE (ICL) MAX FRESH COOLING CRYSTALS-SPICY FRESH RED GEL 70 GM + FREE 11 GM (81 GM) CDBOX,ICL MARKETING,COLGATE,CDBOX,81,GM,81.00 GM
47310,NATURES SECRETS PANDA BABY COLOGNE FLORAL 100 ML,NATURE'S BEAUTY CREATIONS LTD,PANDA BABY,,100,ML,100.00 ML
14633,REAL COOL PINEAPPLE ARTIFICIAL FLAVOUR DRINK- PLCUP 185 ML,REAL COOL BEVARAGES,REAL COOL PINEAPPLE,PLCUP,185,ML,185.00 ML
64058,KEKULU (SIDDHALEPA) KING COCONUT OIL - LOTHSUBULU - ALOEVERA 70 GM CDBOX + SAVE RS 15,SIDDHALEPA AYURVEDA EXPORTS,KEKULU,CDBOX,70,GM,70.00 GM
63943,KEKULU (SIDDHALEPA) THAMBILI THEL SUDU HADUN AROODHA SAMAN PICHCHA KOKUM POTHU BABY SOAP 70 GM CDBOX + SAVE RS 15,SIDDHALEPA AYURVEDA EXPORTS,KEKULU,CDBOX,70,GM,70.00 GM
64149,SHINE MAX CLOREX 60 ML PLBOT,LELAN MARKETING,SHINE MAX CLOREX,PLBOT,60,ML,60.00 ML
64092,MUNCHEE CAROL COOKIES 85 GM PLPCH,CEYLON BISCUITS LIMITED,MUNCHEE CRUNCHEE CAROLS,PLPCH,85,GM,85.00 GM
64150,HP - GOCCHI - EAU DE TOILETE NATURAL SPRAY VAPORISATEUR 22 ML CDBOX,ZEENATH FANCY,HP,CDBOX,22,ML,22.00 ML
63331,RAIGAM ELU MAS (MUTTON) KARIYA SOYA MEAT 90 GM PLPCH,RAIGAM MARKETING SERVICE,RAIGAM SOYA,PLPCH,90,GM,90.00 GM
64036,GOYA (HEMAS) ROSES PRETTY PINK SOAP 70 GM CDBOX,HEMAS MARKETING,GOYA,CDBOX,70,GM,70.00 GM
64092,MUNCHEE CAROL COOKIES 85 GM PLPCH,CEYLON BISCUITS LIMITED,MUNCHEE CRUNCHEE CAROLS,PLPCH,85,GM,85.00 GM
63953,MAGGI REAL COCONUT MILK POWDER 25 GM PLPCH,NESTLE LANKA,MAGGI COCONUT MILK POWDER,PLPCH,25,GM,25.00 GM
63960,GOYA (HEMAS) ROSES RUBY RED SOAP 70 GM CDBOX,HEMAS MARKETING,GOYA,CDBOX,70,GM,70.00 GM
64112,DIVA LEMON LAUNDRY DETERGENT SOAP (100*2) 200 GM EWRPK + SAVE RS 30,HEMAS MARKETING,DIVA,EWRPK,200,GM,200.00 GM
14628,REAL BOTTLED DRINKING WATER 1000 ML PLBOT,TSPL TECHNOLOGIES (PVT) LTD,REAL,PLBOT,1000,ML,1000.00 ML
63961,KHOMBA LEMONGRASS SOAP 67 GM EWRPK,SWADESHI INDUSTRIAL WORKS LTD,KHOMBA,EWRPK,67,GM,67.00 GM
64159,SIYANRO MEAT CURRY POWDER MIXTURE 50 GM PLPCH,WASK ENTERPRISES,SIYANRO,PLPCH,50,GM,50.00 GM
64092,MUNCHEE CAROL COOKIES 85 GM PLPCH,CEYLON BISCUITS LIMITED,MUNCHEE CRUNCHEE CAROLS,PLPCH,85,GM,85.00 GM
64152,PRIMA STELLA CHICKEN INSTANT NOODLES (74*4) 296 GM PLPCH + FREE STORAGE BOX,CEYLON AGRO INDUSTRIES,PRIMA STELLA,PLPCH,296,GM,296.00 GM
64175,SIYATHA TURMERIC POWDER 1000 GM PLPCH,SIYATHA PRODUCTS,SIYATHA,PLPCH,1000,GM,1000.00 GM
64132,AYUSH EXFOLIATING WELLNESS SOAP WITH VENIVEL ALMOND OIL AND COCONUT SHELL POWDER 70 GM CDBOX,UNILEVER SRI LANKA LTD,LEVER AYUSH,CDBOX,70,GM,70.00 GM
37076,RIN REFRESH SCENT OF LEMON & ROSE DETERGENT POWDER 200 GM,UNILEVER SRI LANKA LTD,RIN,PLPCH,200,GM,200.00 GM
64144,MAGGI REAL COCONUT MILK POWDER 300 GM CDBOX + SAVE RS 75,NESTLE LANKA,MAGGI COCONUT MILK POWDER,CDBOX,300,GM,300.00 GM
63993,NESTOMALT 1 ST CUP MALTED FOOD 400 GM CDBOX + FREE MAGGI PAPARE KOTTU 75 GM PLPCH,NESTLE LANKA,NESTOMALT,CDBOX,400,GM,400.00 GM
64151,KHOMBA BABY HERBAL - KOHOMBA AND SANDALWOOD BABY COLOGNE 100 ML CDBOX + SAVE RS 50,SWADESHI INDUSTRIAL WORKS LTD,KHOMBA,CDBOX,100,ML,100.00 ML
64092,MUNCHEE CAROL COOKIES 85 GM PLPCH,CEYLON BISCUITS LIMITED,MUNCHEE CRUNCHEE CAROLS,PLPCH,85,GM,85.00 GM
48507,THALAWAKELE TEA 100 GM PLPCH,WEERASINGHE TEA,THALAWAKELE TEA,PLPCH,100,GM,100.00 GM
64142,AT PRODUCTS LOW FAT DRINKING YOGHURT 200 ML PLBOT,HEMAMALI FARM,AT PRODUCTS,PLBOT,200,ML,200.00 ML
56462,MUNCHEE KALO CHOCOLATE CREAM 140 GM PLPCH,CEYLON BISCUITS LIMITED,MUNCHEE KALO,PLPCH,140,GM,140.00 GM
64143,GOLDEN TOUCH ELITE FACE GOLD ANTI WRINKLE CREAM - SHEA BUTTER RETINOLE COCONUT OIL 60 GM CDBOX (JA BEAUTY),JA BEAUTY CARE (PVT) LTD,GOLDEN TOUCH,CDBOX,60,GM,60.00 GM
64145,GOLDEN TOUCH ELITE FACE GOLD DAY CREAM - TEA TREE BLUEBERRY (SPF 40) 60 GM CDBOX (JA BEAUTY),JA BEAUTY CARE (PVT) LTD,GOLDEN TOUCH,CDBOX,60,GM,60.00 GM
63970,ENCHANTEUR CHARMING VISIBLY RADIANT SKIN VITAMIN A-C-E & NIACINAMIDE PERFUMED BODY LOTION 100 ML PLBOT,UTN TRADING,ENCHANTEUR,PLBOT,100,ML,100.00 ML
64130,ENFAMAMA (HEMAS) A+ CHOCOLATE FLAVOUR NUTRITIONAL SUPPLEMENT 400 GM TIN + FREE PHOTO FRAME,HEMAS PHARMACEUTICALS (PVT) LTD,ENFAMAMA,TIN,400,GM,400.00 GM
63964,SENSODYNE - SOFT TOOTHBRUSH 1 NO,GLAXO SMITHKLINE BEECHAM,SENSODYNE,,1,NO,1.00 NO
64135,EMAMI - 7 OILS IN ONE DOUBLE CONDITIONING SHAMPOO WITH NOURISHING 7 OILS PURIFYING ALOE VERA 100 ML PLBOT,EMAMI LANKA (PVT) LTD,EMAMI,PLBOT,100,ML,100.00 ML
64034,ENFAMAMA (HEMAS) A+ VANILLA FLAVOUR NUTRITIONAL SUPPLEMENT 400 GM TIN + SAVE RS 500,HEMAS PHARMACEUTICALS (PVT) LTD,ENFAMAMA,TIN,400,GM,400.00 GM
48185,EMAMI GOLD TURMERIC SKIN CREAM 30 ML CDBOX (EMAMI INDO LANKA),EMAMI INDO LANKA PVT LTD,EMAMI GOLD,CDBOX,30,ML,30.00 ML
63993,NESTOMALT 1 ST CUP MALTED FOOD 400 GM CDBOX + FREE MAGGI PAPARE KOTTU 75 GM PLPCH,NESTLE LANKA,NESTOMALT,CDBOX,400,GM,400.00 GM
63971,ENCHANTEUR ROMANTIC VISIBLY RADIANT SKIN VITAMIN A-C-E & NIACINAMIDE PERFUMED BODY LOTION 100 ML PLBOT,UTN TRADING,ENCHANTEUR,PLBOT,100,ML,100.00 ML
64146,GOLDEN TOUCH ELITE FACE GOLD NIGHT CREAM - VIT C & ORANGE 60 GM CDBOX (JA BEAUTY),JA BEAUTY CARE (PVT) LTD,GOLDEN TOUCH,CDBOX,60,GM,60.00 GM
51838,SWABHA CEYLON LONG & STRONG CONDITIONER ENRICHED WITH HERBAL EXTRACTS 180 ML PLBOT,ACE HEALTHCARE PVT LTD,SWABHA CEYLON,PLBOT,180,ML,180.00 ML
64148,ENFAGROW (HEMAS) A+ PRO STAGE 4 VANILLA FOR 3 YEAR & ABOVE 400 GM TIN-NUTRITIONAL SUPPLEMENT + SAVE RS 300,HEMAS PHARMACEUTICALS (PVT) LTD,ENFAGROW A + 4,TIN,400,GM,400.00 GM
51722,SWABHA CEYLON LONG & STRONG CONDITIONER ENRICHED WITH HERBAL EXTRACTS 80 ML PLBOT,ACE HEALTHCARE PVT LTD,SWABHA CEYLON,PLBOT,80,ML,80.00 ML
64136,EMAMI - 7 OILS IN ONE DOUBLE CONDITIONING SHAMPOO WITH NOURISHING 7 OILS ELIXIR BLACKSEED 100 ML PLBOT,EMAMI LANKA (PVT) LTD,EMAMI,PLBOT,100,ML,100.00 ML
64176,SOORIYA CURRY POWDER 50 GM PLPCH,SOORIYA GRINDING MILLS,SOORIYA,PLPCH,50,GM,50.00 GM
14630,MILANO MANGO DRINK-PLCUP 190 ML,SACHINI ENTERPRISES,MILANO MANGO,PLCUP,190,ML,190.00 ML
14631,MILANO AMLA DRINK-PLCUP 190 ML,SACHINI ENTERPRISES,MILANO AMLA,PLCUP,190,ML,190.00 ML
63993,NESTOMALT 1 ST CUP MALTED FOOD 400 GM CDBOX + FREE MAGGI PAPARE KOTTU 75 GM PLPCH,NESTLE LANKA,NESTOMALT,CDBOX,400,GM,400.00 GM
63929,CALIN KOHOMBA SOAP WITH NEEM AND TURMERIC EXTRACT 70 GM CDBOX,DELMAR LANKA PVT LTD,CALIN,CDBOX,70,GM,70.00 GM
64018,SUNSILK DAMAGE RESTORE SHAMPOO WITH KING COCONUT OIL KERATIN PROTEIN & VITAMIN C ACTIV-MIX 80 ML PLBOT + FREE LIFEBUOY MILD CARE WITH MILK PROTEIN 75 GM EWRPK,UNILEVER SRI LANKA LTD,SUNSILK,PLBOT,80,ML,80.00 ML
64118,ANUSHA CURRY POWDER 100 GM PLPCH,ANUSHA PRODUCTS,ANUSHA,PLPCH,100,GM,100.00 GM
63947,SUNSILK NOURISHING SOFT & SMOOTH SHAMPOO WITH EGG PROTEIN ALMOND OIL & VITAMIN C ACTIV MIX 80 ML PLBOT + FREE LUX BRIGHT GLOW ROSE & VIT C+E SOAP 70 GM EWRPK,UNILEVER SRI LANKA LTD,SUNSILK,PLBOT,80,ML,80.00 ML
64007,BLACK KNIGHT FRESH EXTREME POCKET PERFUME EAU DE TOILETTE 18.5 ML PLBOT,ICL MARKETING,BLACK KNIGHT,PLBOT,18,ML,18.50 ML
64006,BLACK KNIGHT DARK KNIGHT POCKET PERFUME EAU DE TOILETTE 18.5 ML PLBOT,ICL MARKETING,BLACK KNIGHT,PLBOT,18,ML,18.50 ML
63960,GOYA (HEMAS) ROSES RUBY RED SOAP 70 GM CDBOX,HEMAS MARKETING,GOYA,CDBOX,70,GM,70.00 GM
64036,GOYA (HEMAS) ROSES PRETTY PINK SOAP 70 GM CDBOX,HEMAS MARKETING,GOYA,CDBOX,70,GM,70.00 GM
64009,KHOMBA BABY FLORAL - KOHOMBA WITH RATHMAL AND ROSE WATER BABY COLOGNE 30 ML CDBOX,SWADESHI INDUSTRIAL WORKS LTD,KHOMBA,CDBOX,30,ML,30.00 ML
64113,KUMUDU ORIGINAL FRESH FLORAL LAUNDRY SOAP 100 GM EWRPK,KUMUDU PRODUCT,KUMUDU,EWRPK,100,GM,100.00 GM
63953,MAGGI REAL COCONUT MILK POWDER 25 GM PLPCH,NESTLE LANKA,MAGGI COCONUT MILK POWDER,PLPCH,25,GM,25.00 GM
63947,SUNSILK NOURISHING SOFT & SMOOTH SHAMPOO WITH EGG PROTEIN ALMOND OIL & VITAMIN C ACTIV MIX 80 ML PLBOT + FREE LUX BRIGHT GLOW ROSE & VIT C+E SOAP 70 GM EWRPK,UNILEVER SRI LANKA LTD,SUNSILK,PLBOT,80,ML,80.00 ML
63953,MAGGI REAL COCONUT MILK POWDER 25 GM PLPCH,NESTLE LANKA,MAGGI COCONUT MILK POWDER,PLPCH,25,GM,25.00 GM
64120,DEEN TURMERIC POWDER 25 GM PLPCH,DEEN SPICE PRODUCTS (PVT) LTD,DEEN,PLPCH,25,GM,25.00 GM
54057,SURF EXCEL WITH PREMIUM FRAGRANCE OF COMFORT 1000 GM PLPCH,UNILEVER SRI LANKA LTD,SURF EXCEL,PLPCH,1000,GM,1000.00 GM
62705,MR MUSCLE (C.W. MACKIE PLC) FLOOR CLEANER - FLORAL PERFECTION - 500 ML PLBOT,C.W. MACKIE PLC,MR MUSCLE,PLBOT,500,ML,500.00 ML
54060,SURF EXCEL WITH PREMIUM FRAGRANCE OF COMFORT 500 GM PLPCH,UNILEVER SRI LANKA LTD,SURF EXCEL,PLPCH,500,GM,500.00 GM
63947,SUNSILK NOURISHING SOFT & SMOOTH SHAMPOO WITH EGG PROTEIN ALMOND OIL & VITAMIN C ACTIV MIX 80 ML PLBOT + FREE LUX BRIGHT GLOW ROSE & VIT C+E SOAP 70 GM EWRPK,UNILEVER SRI LANKA LTD,SUNSILK,PLBOT,80,ML,80.00 ML
64106,KIST MARIE BISCUITS 50 GM PLPCH,CARGILLS QUALITY DAIRIES (PVT) LTD,KIST MARIE,PLPCH,50,GM,50.00 GM
63955,PELWATTE FULL CREAM MILK POWDER 400 GM PLPCH + SAVE RS 50,PELWATTE DAIRY INDUSTRIES (PVT) LTD,PELWATTE,PLPCH,400,GM,400.00 GM
14612,LEOAN STERILIZED FLAVOURED MILK CHOCOLATE- RGB 180 ML,LEOAN MILK FOODS (PVT) LTD,LEOAN CHOCOLATE,RGB,180,ML,180.00 ML
14626,LEOAN STERILIZED FLAVOURED MILK VANILLA- RGB 180 ML,LEOAN MILK FOODS (PVT) LTD,LEOAN VANILLA,RGB,180,ML,180.00 ML
63975,BELLOSE PERFECT STRAIGHT KERATIN CONDITIONER 210 ML PLBOT,BELLOSE LANKA LTD,BELLOSE,PLBOT,210,ML,210.00 ML
63961,KHOMBA LEMONGRASS SOAP 67 GM EWRPK,SWADESHI INDUSTRIAL WORKS LTD,KHOMBA,EWRPK,67,GM,67.00 GM
64124,PURE BLEND PEPPER POWDER 50 GM PLPCH (PURE BLEND),PURE BLEND (PVT) LTD,PURE BLEND,PLPCH,50,GM,50.00 GM
63929,CALIN KOHOMBA SOAP WITH NEEM AND TURMERIC EXTRACT 70 GM CDBOX,DELMAR LANKA PVT LTD,CALIN,CDBOX,70,GM,70.00 GM
63961,KHOMBA LEMONGRASS SOAP 67 GM EWRPK,SWADESHI INDUSTRIAL WORKS LTD,KHOMBA,EWRPK,67,GM,67.00 GM
47513,VASELINE INTENSIVE CARE (USL) ALOE FRESH 100 ML,UNILEVER SRI LANKA LTD,VASELINE INTENSIVE CARE,PLBOT,100,ML,100.00 ML
64112,DIVA LEMON LAUNDRY DETERGENT SOAP (100*2) 200 GM EWRPK + SAVE RS 30,HEMAS MARKETING,DIVA,EWRPK,200,GM,200.00 GM
63760,WONDERLIGHT KOHOMBA & LIME LAUNDRY BAR (110*2) 220 GM EWRPK + SAVE RS 30,UNILEVER SRI LANKA LTD,WONDERLIGHT,EWRPK,220,GM,220.00 GM
63436,WONDERLIGHT JASMINE LAUNDRY BAR (110*2) 220 GM EWRPK + SAVE RS 30,UNILEVER SRI LANKA LTD,WONDERLIGHT,EWRPK,220,GM,220.00 GM
64117,PRIMA KOTTUMEE HOT 'N' SPICY NAI MIRIS FLAVOUR INSTANT NOODLES (80*2) 160 GM PLPCH + BUY 2 PACK SAVE RS 20,CEYLON AGRO INDUSTRIES,PRIMA KOTTUMEE,PLPCH,160,GM,160.00 GM
37076,RIN REFRESH SCENT OF LEMON & ROSE DETERGENT POWDER 200 GM,UNILEVER SRI LANKA LTD,RIN,PLPCH,200,GM,200.00 GM
63993,NESTOMALT 1 ST CUP MALTED FOOD 400 GM CDBOX + FREE MAGGI PAPARE KOTTU 75 GM PLPCH,NESTLE LANKA,NESTOMALT,CDBOX,400,GM,400.00 GM
63978,MALIBAN CREAM CRACKER 190 GM PLPCH + FREE ASTRA FAT SPREAD MULTI-PURPOSE SPREADING COOKING AND BAKING 18 GM PLPCH,MALIBAN BISCUIT MANUFACTORIES,MALIBAN SMART CREAM CRACKER,PLPCH,190,GM,190.00 GM
64084,AYUSH ANTI MARK & OIL CONTROL FACE CREAM WITH TURMERIC KUMKUMADI TAILAM AND MINT 25 GM CDBOX,UNILEVER SRI LANKA LTD,LEVER AYUSH,CDBOX,25,GM,25.00 GM
14625,NANO BOTTLED DRINKING WATER 1500 ML PLBOT,CHIRAN INDUSTRIES (PVT) LTD,NANO,PLBOT,1500,ML,1500.00 ML
14624,NANO BOTTLED DRINKING WATER 1000 ML PLBOT,CHIRAN INDUSTRIES (PVT) LTD,NANO,PLBOT,1000,ML,1000.00 ML
53886,KHOMBA RATHMAL BABY CREAM 50 ML PLBOT,SWADESHI INDUSTRIAL WORKS LTD,KHOMBA,PLBOT,50,ML,50.00 ML
64016,KARTHIKA CURRY LEAVES AMLA & BRINGARAJ BLACK SHIELD SHAMPOO 40 ML PLBOT,CAVINKARE PRIVATE LIMITED,KARTHIKA,PLBOT,40,ML,40.00 ML
64129,KARTHIKA CURRY LEAVES AMLA & BRINGARAJ BLACK SHIELD SHAMPOO 80 ML PLBOT,CAVINKARE PRIVATE LIMITED,KARTHIKA,PLBOT,80,ML,80.00 ML
64109,LUX SOFT GLOW JASMINE & VITAMIN E 7 BEAUTY INGREDIENTS (70*3) 210 GM EWRPK + SAVE RS 25,UNILEVER SRI LANKA LTD,LUX,EWRPK,210,GM,210.00 GM
53405,WHITE TONE SOFT & SMOOTH FACE CREAM 15 GM CDBOX,IMPORTED,WHITE TONE,CDBOX,15,GM,15.00 GM
64164,BABY CHERAMY GENTLY CLEANS & SOFTENS HAIR BABY SHAMPOO 200 ML PLBOT + FREE BABY CHERAMY BABY SOAP ALMOND OIL-VITAMIN E-MILK 70 GM CDBOX,HEMAS MARKETING,BABY CHERAMY,PLBOT,200,ML,200.00 ML
64126,KARTHIKA SHIKAKAI & HIBISCUS HAIR FALL SHIELD SHAMPOO 180 ML PLBOT,CAVINKARE PRIVATE LIMITED,KARTHIKA,PLBOT,180,ML,180.00 ML
64108,GODREJ CINTHOL (GODREJ) LIME REFRESHING DEO SOAP (100*2) 200 GM CDBOX + BUY 2 SAVE RS 70,GODREJ HOUSEHOLD PRODUCTS (PVT) LTD,CINTHOL,CDBOX,200,GM,200.00 GM
64014,KARTHIKA AMLA HENNA & ALOE VERA DRYNESS SHIELD SHAMPOO 40 ML PLBOT,CAVINKARE PRIVATE LIMITED,KARTHIKA,PLBOT,40,ML,40.00 ML
64089,AYUSH TOTAL ORAL CARE FLUORIDATED TOOTHPASTE WITH CLOVE OIL & DASANAKANTHI CHOORNAM 70 GM CDBOX,UNILEVER SRI LANKA LTD,LEVER AYUSH,CDBOX,70,GM,70.00 GM
64128,KARTHIKA AMLA HENNA & ALOE VERA DRYNESS SHIELD SHAMPOO 80 ML PLBOT,CAVINKARE PRIVATE LIMITED,KARTHIKA,PLBOT,80,ML,80.00 ML
52942,WHITE TONE SOFT & SMOOTH FACE CREAM 25 GM CDBOX,IMPORTED,WHITE TONE,CDBOX,25,GM,25.00 GM
64110,SAFE + GUARD MINT BREEZE SOAP 70 GM EWRPK + SAFE + GUARD MANDARIN TOUCH SOAP 70 GM EWRPK + SAVE RS 30,ICL MARKETING,SAFE + GUARD,EWRPK,140,GM,70.00 GM
64115,SPINZ (IMPORTED) BB PRO BRIGHTENING & BEAUTY ALL-IN-ONE DAILY FACE CREAM 29 GM CDBOX,IMPORTED,SPINZ,CDBOX,29,GM,29.00 GM
64127,KARTHIKA CURRY LEAVES AMLA & BRINGARAJ BLACK SHIELD SHAMPOO 180 ML PLBOT,CAVINKARE PRIVATE LIMITED,KARTHIKA,PLBOT,180,ML,180.00 ML
64114,POND'S (USL) AGE MIRACLE YOUTHFUL GLOW DAY CREAM 35 GM CDBOX,UNILEVER SRI LANKA LTD,POND'S,CDBOX,35,GM,35.00 GM
64125,KARTHIKA AMLA HENNA & ALOE VERA DRYNESS SHIELD SHAMPOO 180 ML PLBOT,CAVINKARE PRIVATE LIMITED,KARTHIKA,PLBOT,180,ML,180.00 ML
64107,DETTOL PROSKIN SKIN CARE (100*2) 200 GM EWRPK + BUY 2 SAVE RS 60,RECKITT BENCKISER (LANKA) LTD,DETTOL,EWRPK,200,GM,200.00 GM
64015,KARTHIKA SHIKAKAI & HIBISCUS HAIR FALL SHIELD SHAMPOO 40 ML PLBOT,CAVINKARE PRIVATE LIMITED,KARTHIKA,PLBOT,40,ML,40.00 ML
64116,COW & GATE STEP_UP3 1-3 YEARS (200*3) 600 GM CDBOX + BUY 2 GET 1 FREE,DARLEY BUTLER,COW & GATE STEP_UP 3,CDBOX,600,GM,600.00 GM
64111,SIGNAL DEEP CLEAN WITH V-BRISTLES MEDIUM ADULT TOOTH BRUSH DOUBLE PACK 2 NO + SAVE RS 40,UNILEVER SRI LANKA LTD,SIGNAL,,2,NO,2.00 NO
63947,SUNSILK NOURISHING SOFT & SMOOTH SHAMPOO WITH EGG PROTEIN ALMOND OIL & VITAMIN C ACTIV MIX 80 ML PLBOT + FREE LUX BRIGHT GLOW ROSE & VIT C+E SOAP 70 GM EWRPK,UNILEVER SRI LANKA LTD,SUNSILK,PLBOT,80,ML,80.00 ML
64017,KARTHIKA SHIKAKAI & HIBISCUS HAIR FALL SHIELD SHAMPOO 80 ML PLBOT,CAVINKARE PRIVATE LIMITED,KARTHIKA,PLBOT,80,ML,80.00 ML
47310,NATURES SECRETS PANDA BABY COLOGNE FLORAL 100 ML,NATURE'S BEAUTY CREATIONS LTD,PANDA BABY,,100,ML,100.00 ML
31088,MALIBAN SNACKERS SAVORY TOMATO 25 GM,MALIBAN BISCUIT MANUFACTORIES,MALIBAN SNACKERS SAVOURY,PLPCH,25,GM,25.00 GM
63964,SENSODYNE - SOFT TOOTHBRUSH 1 NO,GLAXO SMITHKLINE BEECHAM,SENSODYNE,,1,NO,1.00 NO
51410,FEMS COTTON FEEL-WINGS 10 NO,HEMAS MARKETING,FEMS,10NO,10,NO,10.00 NO
64092,MUNCHEE CAROL COOKIES 85 GM PLPCH,CEYLON BISCUITS LIMITED,MUNCHEE CRUNCHEE CAROLS,PLPCH,85,GM,85.00 GM
64095,ARALIYA - POCKET NOTEBOOK (A7) 40 PGS - 1 NO,ARALIYA BOOK INDUSTRIES (PVT) LTD,ARALIYA,,1,NO,1.00 NO
63953,MAGGI REAL COCONUT MILK POWDER 25 GM PLPCH,NESTLE LANKA,MAGGI COCONUT MILK POWDER,PLPCH,25,GM,25.00 GM
64006,BLACK KNIGHT DARK KNIGHT POCKET PERFUME EAU DE TOILETTE 18.5 ML PLBOT,ICL MARKETING,BLACK KNIGHT,PLBOT,18,ML,18.50 ML
64007,BLACK KNIGHT FRESH EXTREME POCKET PERFUME EAU DE TOILETTE 18.5 ML PLBOT,ICL MARKETING,BLACK KNIGHT,PLBOT,18,ML,18.50 ML
63989,LYSOL TRIPLE GERM ACTION ALL IN 1 DISINFECTANT SURFACE CLEANER - CITRUS - 500 ML PLBOT + FREE HARPIC POWER PLUS 10X ADVANCED ORIGINAL 200 ML PLBOT,RECKITT BENCKISER (LANKA) LTD,LYSOL,PLBOT,700,ML,500.00 ML
63971,ENCHANTEUR ROMANTIC VISIBLY RADIANT SKIN VITAMIN A-C-E & NIACINAMIDE PERFUMED BODY LOTION 100 ML PLBOT,UTN TRADING,ENCHANTEUR,PLBOT,100,ML,100.00 ML
64096,PELWATTE STRAWBERRY FLAVOURED SET YOGHURT 80 GM PLCUP,PELWATTE DAIRY INDUSTRIES (PVT) LTD,PELWATTE,PLCUP,80,GM,80.00 GM
63981,BONITA ELEGANT BEAUTY EL GERANIO SOAP 65 GM CDBOX,MULTI CHEMI INTERNATIONAL LTD,BONITA,CDBOX,65,GM,65.00 GM
63960,GOYA (HEMAS) ROSES RUBY RED SOAP 70 GM CDBOX,HEMAS MARKETING,GOYA,CDBOX,70,GM,70.00 GM
64036,GOYA (HEMAS) ROSES PRETTY PINK SOAP 70 GM CDBOX,HEMAS MARKETING,GOYA,CDBOX,70,GM,70.00 GM
64098,NILAN PRODUCTS CHILLI PIECES 1000 GM PLPCH,NILAN PRODUCTS,NILAN PRODUCTS,PLPCH,1000,GM,1000.00 GM
64100,NILAN PRODUCTS CURRY POWDER 100 GM PLPCH,NILAN PRODUCTS,NILAN PRODUCTS,PLPCH,100,GM,100.00 GM
64097,NILAN PRODUCTS CHILLI PIECES 100 GM PLPCH,NILAN PRODUCTS,NILAN PRODUCTS,PLPCH,100,GM,100.00 GM
64101,NILAN PRODUCTS CURRY POWDER 50 GM PLPCH,NILAN PRODUCTS,NILAN PRODUCTS,PLPCH,50,GM,50.00 GM
64104,HERBAL BLOOMS LIMEE GODAPARA HAIR CONDITIONER 100 ML CDBOX,MEDICHEMY PHARMACEUTICAL,HERBAL BLOOMS,CDBOX,100,ML,100.00 ML
64105,GOOD LOOK EXPRESS BLACK HAIR COLOUR CREAM 80 GM CDBOX + GOOD LOOK 1 ADVANCED FORMULA KERATIN NOURISHING 3 IN 1 SHAMPOO 100 ML PLBOT,HESPERUS MARKETING,GOOD LOOK,CDBOX,80,GM,80.00 GM
64094,ARALIYA - JAFFNA RULED BOOK (A5) 120 PGS - 1 NO,ARALIYA BOOK INDUSTRIES (PVT) LTD,ARALIYA,,1,NO,1.00 NO
61502,LUX SOFT GLOW JASMINE & VITAMIN E 7 BEAUTY INGREDIENTS EWRPK 100 GM + SAVE RS 25,UNILEVER SRI LANKA LTD,LUX,EWRPK,100,GM,100.00 GM
63944,KHOMBA BABY SOAP WITH COCONUT MILK AND ALOEVERA 70 GM CDBOX + SAVE RS 15,SWADESHI INDUSTRIAL WORKS LTD,KHOMBA BABY,CDBOX,70,GM,70.00 GM
13317,TOP BEV COLA 330 ML-PET,TOP BEVERAGES PVT LTD,TOP BEV COLA,PET,330,ML,330.00 ML
13291,TOP BEV ORANGE 330 ML-PET,TOP BEVERAGES PVT LTD,TOP BEV ORANGE,PET,330,ML,330.00 ML
13319,TOP BEV ORANGE 1500 ML-PET,TOP BEVERAGES PVT LTD,TOP BEV ORANGE,PET,1500,ML,1500.00 ML
13268,TOP BEV ORANGE 750 ML-PET,TOP BEVERAGES PVT LTD,TOP BEV ORANGE,PET,750,ML,750.00 ML
13745,TOP BEV GINGER-PET 330 ML,TOP BEVERAGES PVT LTD,TOP BEV GINGER,PET,330,ML,330.00 ML
14622,TOP TOP-UP - PET 750 ML,TOP BEVERAGES PVT LTD,TOP TOP-UP,PET,750,ML,750.00 ML
13269,TOP BEV COLA 750 ML-PET,TOP BEVERAGES PVT LTD,TOP BEV COLA,PET,750,ML,750.00 ML
64092,MUNCHEE CAROL COOKIES 85 GM PLPCH,CEYLON BISCUITS LIMITED,MUNCHEE CRUNCHEE CAROLS,PLPCH,85,GM,85.00 GM
39660,VASELINE INTENSIVE CARE (USL) DEEP RESTORE 100 ML,UNILEVER SRI LANKA LTD,VASELINE INTENSIVE CARE,PLBOT,100,ML,100.00 ML
47513,VASELINE INTENSIVE CARE (USL) ALOE FRESH 100 ML,UNILEVER SRI LANKA LTD,VASELINE INTENSIVE CARE,PLBOT,100,ML,100.00 ML
63760,WONDERLIGHT KOHOMBA & LIME LAUNDRY BAR (110*2) 220 GM EWRPK + SAVE RS 30,UNILEVER SRI LANKA LTD,WONDERLIGHT,EWRPK,220,GM,220.00 GM
63595,WONDERLIGHT LEMON LAUNDRY BAR (110*2) 220 GM EWRPK + SAVE RS 30,UNILEVER SRI LANKA LTD,WONDERLIGHT,EWRPK,220,GM,220.00 GM
63973,SUNSILK STUNNING BLACK SHINE-GO SHINE-WITH AMLA OIL PEARL PROTEIN & VITAMIN E ACTIVE MIX SHAMPOO 80 ML PLBOT + FREE LIFEBUOY MILD CARE WITH MILK PROTEIN SOAP 75 GM EWRPK,UNILEVER SRI LANKA LTD,SUNSILK,PLBOT,80,ML,80.00 ML
63436,WONDERLIGHT JASMINE LAUNDRY BAR (110*2) 220 GM EWRPK + SAVE RS 30,UNILEVER SRI LANKA LTD,WONDERLIGHT,EWRPK,220,GM,220.00 GM
64103,CLEROX 60 ML PLBOT,KANDY MAX,CLEROX,PLBOT,60,ML,60.00 ML
42522,NESTOMALT 1 ST CUP MALTED FOOD 400 GM PLPCH,NESTLE LANKA,NESTOMALT,PLPCH,400,GM,400.00 GM
63961,KHOMBA LEMONGRASS SOAP 67 GM EWRPK,SWADESHI INDUSTRIAL WORKS LTD,KHOMBA,EWRPK,67,GM,67.00 GM
63955,PELWATTE FULL CREAM MILK POWDER 400 GM PLPCH + SAVE RS 50,PELWATTE DAIRY INDUSTRIES (PVT) LTD,PELWATTE,PLPCH,400,GM,400.00 GM
64092,MUNCHEE CAROL COOKIES 85 GM PLPCH,CEYLON BISCUITS LIMITED,MUNCHEE CRUNCHEE CAROLS,PLPCH,85,GM,85.00 GM
14624,NANO BOTTLED DRINKING WATER 1000 ML PLBOT,CHIRAN INDUSTRIES (PVT) LTD,NANO,PLBOT,1000,ML,1000.00 ML
14623,NANO BOTTLED DRINKING WATER 500 ML PLBOT,CHIRAN INDUSTRIES (PVT) LTD,NANO,PLBOT,500,ML,500.00 ML
64085,WINCO LANKA SPECIAL NOODLES 500 GM PLPCH,WINCO LANKA FOOD PRODUCTS,WINCO LANKA,PLPCH,500,GM,500.00 GM
64086,GOLD QUEEN TOMATO SAUCE 200 GM PLPCH,ASIAN TRADEMADE (PVT) LTD,GOLD QUEEN,PLPCH,200,GM,200.00 GM
64047,MACLEE CHOCOLATE CREAM BISCUITS 90 GM PLPCH (SRI NUTRIFOODS),SRI NUTRIFOODS (PVT) LTD,MACLEE CHOCOLATE CREAM,PLPCH,90,GM,90.00 GM
63759,DIVA FRESH 3 IN 1 GARDENIA & ROSE DETERGENT POWDER 1000 GM PLPCH,HEMAS MARKETING,DIVA FRESH,PLPCH,1000,GM,1000.00 GM
64092,MUNCHEE CAROL COOKIES 85 GM PLPCH,CEYLON BISCUITS LIMITED,MUNCHEE CRUNCHEE CAROLS,PLPCH,85,GM,85.00 GM
63993,NESTOMALT 1 ST CUP MALTED FOOD 400 GM CDBOX + FREE MAGGI PAPARE KOTTU 75 GM PLPCH,NESTLE LANKA,NESTOMALT,CDBOX,400,GM,400.00 GM
63943,KEKULU (SIDDHALEPA) THAMBILI THEL SUDU HADUN AROODHA SAMAN PICHCHA KOKUM POTHU BABY SOAP 70 GM CDBOX + SAVE RS 15,SIDDHALEPA AYURVEDA EXPORTS,KEKULU,CDBOX,70,GM,70.00 GM
64082,AYUSH PURIFYING WELLNESS SOAP WITH KOHOMBA PANCHAVALKADI TAILAM AND MINT 70 GM CDBOX,UNILEVER SRI LANKA LTD,LEVER AYUSH,CDBOX,70,GM,70.00 GM
64081,AYUSH GLOWING RADIANCE SOAP WITH SANDALWOOD KUMKUMADI TAILAM AND SAFFRON 70 GM CDBOX,UNILEVER SRI LANKA LTD,LEVER AYUSH,CDBOX,70,GM,70.00 GM
64092,MUNCHEE CAROL COOKIES 85 GM PLPCH,CEYLON BISCUITS LIMITED,MUNCHEE CRUNCHEE CAROLS,PLPCH,85,GM,85.00 GM
64089,AYUSH TOTAL ORAL CARE FLUORIDATED TOOTHPASTE WITH CLOVE OIL & DASANAKANTHI CHOORNAM 70 GM CDBOX,UNILEVER SRI LANKA LTD,LEVER AYUSH,CDBOX,70,GM,70.00 GM
47513,VASELINE INTENSIVE CARE (USL) ALOE FRESH 100 ML,UNILEVER SRI LANKA LTD,VASELINE INTENSIVE CARE,PLBOT,100,ML,100.00 ML
64091,AJ TURMERIC POWDER 25 GM PLPCH,AJ FOODS (PVT) LTD,AJ,PLPCH,25,GM,25.00 GM
40351,HARPIC POWER PLUS ORIGINAL 10X 500 ML,RECKITT BENCKISER (LANKA) LTD,HARPIC,,500,ML,500.00 ML
64051,MAAM (MACLIMUM FMCG) MILKY BISCUITS 45 GM PLPCH,MACLIMUM FMCG (PVT) LTD,MAAM MILKY,PLPCH,45,GM,45.00 GM
63953,MAGGI REAL COCONUT MILK POWDER 25 GM PLPCH,NESTLE LANKA,MAGGI COCONUT MILK POWDER,PLPCH,25,GM,25.00 GM
64001,COMFORT DESIRE PERFUME DELUXE FABRIC CONDITIONER 850 ML PLBOT,UNILEVER LIPTON CEYLON LTD,COMFORT,PLBOT,850,ML,850.00 ML
63964,SENSODYNE - SOFT TOOTHBRUSH 1 NO,GLAXO SMITHKLINE BEECHAM,SENSODYNE,,1,NO,1.00 NO
14627,REAL BOTTLED DRINKING WATER 1500 ML PLBOT,TSPL TECHNOLOGIES (PVT) LTD,REAL,PLBOT,1500,ML,1500.00 ML
64083,DAYLIGHT PURE LEMON FRESH LAUNDRY SOAP 110 GM EWRPK,DAYLIGHT DK,DAYLIGHT,EWRPK,110,GM,110.00 GM
64082,AYUSH PURIFYING WELLNESS SOAP WITH KOHOMBA PANCHAVALKADI TAILAM AND MINT 70 GM CDBOX,UNILEVER SRI LANKA LTD,LEVER AYUSH,CDBOX,70,GM,70.00 GM
64081,AYUSH GLOWING RADIANCE SOAP WITH SANDALWOOD KUMKUMADI TAILAM AND SAFFRON 70 GM CDBOX,UNILEVER SRI LANKA LTD,LEVER AYUSH,CDBOX,70,GM,70.00 GM
61843,VASELINE (USL) HEALTHY BRIGHT IN 2 WEEKS NIACINAMIDE-VITAMIN B3 SERUM IN BODY LOTION 100 ML PLBOT,UNILEVER SRI LANKA LTD,VASELINE,PLBOT,100,ML,100.00 ML
64007,BLACK KNIGHT FRESH EXTREME POCKET PERFUME EAU DE TOILETTE 18.5 ML PLBOT,ICL MARKETING,BLACK KNIGHT,PLBOT,18,ML,18.50 ML
63436,WONDERLIGHT JASMINE LAUNDRY BAR (110*2) 220 GM EWRPK + SAVE RS 30,UNILEVER SRI LANKA LTD,WONDERLIGHT,EWRPK,220,GM,220.00 GM
64027,SAMMANEE - BINDER GLUE 40 GM PLBOT,SAMMANA STATIONER (PVT) LTD,SAMMANEE,PLBOT,40,GM,40.00 GM
63993,NESTOMALT 1 ST CUP MALTED FOOD 400 GM CDBOX + FREE MAGGI PAPARE KOTTU 75 GM PLPCH,NESTLE LANKA,NESTOMALT,CDBOX,400,GM,400.00 GM
14621,BULUWALA SPRING BOTTLED DRINKING WATER 5000 ML PLBOT,MIHIKATHA LANKA NATURALS (PVT) LTD,BULUWALA SPRING,PLBOT,5000,ML,5000.00 ML
37076,RIN REFRESH SCENT OF LEMON & ROSE DETERGENT POWDER 200 GM,UNILEVER SRI LANKA LTD,RIN,PLPCH,200,GM,200.00 GM
63961,KHOMBA LEMONGRASS SOAP 67 GM EWRPK,SWADESHI INDUSTRIAL WORKS LTD,KHOMBA,EWRPK,67,GM,67.00 GM
63993,NESTOMALT 1 ST CUP MALTED FOOD 400 GM CDBOX + FREE MAGGI PAPARE KOTTU 75 GM PLPCH,NESTLE LANKA,NESTOMALT,CDBOX,400,GM,400.00 GM
64068,JEEWAKA GAMBOGE (GORAKA) PASTE 250 GM PLCUP,JEEWAKA FOOD (PVT) LTD,JEEWAKA,PLCUP,250,GM,250.00 GM
64082,AYUSH PURIFYING WELLNESS SOAP WITH KOHOMBA PANCHAVALKADI TAILAM AND MINT 70 GM CDBOX,UNILEVER SRI LANKA LTD,LEVER AYUSH,CDBOX,70,GM,70.00 GM
64081,AYUSH GLOWING RADIANCE SOAP WITH SANDALWOOD KUMKUMADI TAILAM AND SAFFRON 70 GM CDBOX,UNILEVER SRI LANKA LTD,LEVER AYUSH,CDBOX,70,GM,70.00 GM
51575,VASELINE HEALTHY BRIGHT (USL) SUN + POLLUTION SPF 30 MULTI VITAMIN UV LOTION 100 ML PLBOT,UNILEVER SRI LANKA LTD,VASELINE,PLBOT,100,ML,100.00 ML
47310,NATURES SECRETS PANDA BABY COLOGNE FLORAL 100 ML,NATURE'S BEAUTY CREATIONS LTD,PANDA BABY,,100,ML,100.00 ML
62006,LIFEBUOY STRONG & LONG MILK PROTEIN & MULTI VITAMIN HEALTH SHAMPOO 175 ML PLBOT + SAVE RS 50,UNILEVER SRI LANKA LTD,LIFEBUOY,PLBOT,175,ML,175.00 ML
63984,VELVET GLOW PERFECT SHEA BUTTER & SAFFRON EXTRACT BODY LOTION 200 ML PLBOT,HEMAS MARKETING,VELVET,PLBOT,200,ML,200.00 ML
64053,LIFEBUOY STRONG & LONG HERBAL SHAMPOO WITH MILK PROTEIN & HERBAL EXTRACTS 80 ML PLBOT,UNILEVER SRI LANKA LTD,LIFEBUOY,PLBOT,80,ML,80.00 ML
64075,MIHIKATHA ROASTED CHILLI POWDER 50 GM PLPCH,THE CEYLON SPICE HOUSE HOLDINGS,MIHIKATHA,PLPCH,50,GM,50.00 GM
64072,MIHIKATHA PEPPER POWDER 100 GM PLPCH,THE CEYLON SPICE HOUSE HOLDINGS,MIHIKATHA,PLPCH,100,GM,100.00 GM
64070,MIHIKATHA CHILLI PIECES 50 GM PLPCH,THE CEYLON SPICE HOUSE HOLDINGS,MIHIKATHA,PLPCH,50,GM,50.00 GM
64069,MIHIKATHA CHILLI PIECES 250 GM PLPCH,THE CEYLON SPICE HOUSE HOLDINGS,MIHIKATHA,PLPCH,250,GM,250.00 GM
64076,MIHIKATHA ROASTED CURRY POWDER 50 GM PLPCH,THE CEYLON SPICE HOUSE HOLDINGS,MIHIKATHA,PLPCH,50,GM,50.00 GM
64071,MIHIKATHA CURRY POWDER 100 GM PLPCH,THE CEYLON SPICE HOUSE HOLDINGS,MIHIKATHA,PLPCH,100,GM,100.00 GM
64074,MIHIKATHA PEPPER POWDER 50 GM PLPCH,THE CEYLON SPICE HOUSE HOLDINGS,MIHIKATHA,PLPCH,50,GM,50.00 GM
64073,MIHIKATHA PEPPER POWDER 25 GM PLPCH,THE CEYLON SPICE HOUSE HOLDINGS,MIHIKATHA,PLPCH,25,GM,25.00 GM
63964,SENSODYNE - SOFT TOOTHBRUSH 1 NO,GLAXO SMITHKLINE BEECHAM,SENSODYNE,,1,NO,1.00 NO
64056,ZESTA PREMIUM BOPF 100 TEA BAGS 180 GM CDBOX,SUNSHINE COUNSUMER LANKA LTD,ZESTA,CDBOX,180,GM,180.00 GM
63953,MAGGI REAL COCONUT MILK POWDER 25 GM PLPCH,NESTLE LANKA,MAGGI COCONUT MILK POWDER,PLPCH,25,GM,25.00 GM
12975,SUN CRUSH-SPINNER CAFFEINATED DRINK 250 ML CAN,CEYLON BEVRAGE INTERNATIONAL PVT LTD,SUN CRUSH SPINNER,CAN,250,ML,250.00 ML
62569,KITCHI SOYA MEAT POLOS FLAVOURED 70 GM PLPCH,KITCHI HOLDING LANKA PVT LTD,KITCHI,PLPCH,70,GM,70.00 GM
64078,SAMPATH (SAMPATH PRODUCTS) GAMBOGE CREAM (GORAKA) 100 GM PLCUP,SAMPATH PRODUCTS,SAMPATH,PLCUP,100,GM,100.00 GM
64055,MIC MAC STRAWBERRY CREAM BISCUITS 90 GM PLPCH,MICMAC FOOD (PVT) LTD,MIC MAC STRAWBERRY CREAM,PLPCH,90,GM,90.00 GM
63943,KEKULU (SIDDHALEPA) THAMBILI THEL SUDU HADUN AROODHA SAMAN PICHCHA KOKUM POTHU BABY SOAP 70 GM CDBOX + SAVE RS 15,SIDDHALEPA AYURVEDA EXPORTS,KEKULU,CDBOX,70,GM,70.00 GM
58497,LUX SOFT GLOW JASMINE & VITAMIN E 7 BEAUTY INGREDIENTS 70 GM EWRPK + SAVE RS 15,UNILEVER SRI LANKA LTD,LUX,EWRPK,70,GM,70.00 GM
63949,MIRICH CHILLI POWDER 1000 GM PLPCH,COLOMBO COMMODITIES,MIRICH,PLPCH,1000,GM,1000.00 GM
30623,MUNCHEE CHOCOLATE MARIE 200 GM,CEYLON BISCUITS LIMITED,MUNCHEE CHOCOLATE MARIE,PLPCH,200,GM,200.00 GM
63953,MAGGI REAL COCONUT MILK POWDER 25 GM PLPCH,NESTLE LANKA,MAGGI COCONUT MILK POWDER,PLPCH,25,GM,25.00 GM
63955,PELWATTE FULL CREAM MILK POWDER 400 GM PLPCH + SAVE RS 50,PELWATTE DAIRY INDUSTRIES (PVT) LTD,PELWATTE,PLPCH,400,GM,400.00 GM
64079,SHINE CHILLI PIECES 1000 GM PLPCH,SHINE FOOD PRODUCTS,SHINE,PLPCH,1000,GM,1000.00 GM
64080,SHINE CHILLI POWDER 1000 GM PLPCH,SHINE FOOD PRODUCTS,SHINE,PLPCH,1000,GM,1000.00 GM
63961,KHOMBA LEMONGRASS SOAP 67 GM EWRPK,SWADESHI INDUSTRIAL WORKS LTD,KHOMBA,EWRPK,67,GM,67.00 GM
63595,WONDERLIGHT LEMON LAUNDRY BAR (110*2) 220 GM EWRPK + SAVE RS 30,UNILEVER SRI LANKA LTD,WONDERLIGHT,EWRPK,220,GM,220.00 GM
63341,SUNLIGHT WITH REAL LEMON POWER LAUNDRY BAR (110*3) 330 GM EWRPK + FREE SUNLIGHT ROYAL LAVENDER FRAGRANCE LAUNDRY BAR 110 GM EWRPK,UNILEVER SRI LANKA LTD,SUNLIGHT,EWRPK,440,GM,330.00 GM
64062,SHINE MAX PINOL DISINFECTANT 1000 ML PLBOT,LELAN MARKETING,SHINE MAX,PLBOT,1000,ML,1000.00 ML
64061,SHINE MAX CLOREX 500 ML PLBOT,LELAN MARKETING,SHINE MAX CLOREX,PLBOT,500,ML,500.00 ML
64060,SHINE MAX WIN DISH WASH LIQUID PURE LIME FRAGRANCE 500 ML PLBOT,LELAN MARKETING,SHINE MAX WIN,PLBOT,500,ML,500.00 ML
63436,WONDERLIGHT JASMINE LAUNDRY BAR (110*2) 220 GM EWRPK + SAVE RS 30,UNILEVER SRI LANKA LTD,WONDERLIGHT,EWRPK,220,GM,220.00 GM
64009,KHOMBA BABY FLORAL - KOHOMBA WITH RATHMAL AND ROSE WATER BABY COLOGNE 30 ML CDBOX,SWADESHI INDUSTRIAL WORKS LTD,KHOMBA,CDBOX,30,ML,30.00 ML
63436,WONDERLIGHT JASMINE LAUNDRY BAR (110*2) 220 GM EWRPK + SAVE RS 30,UNILEVER SRI LANKA LTD,WONDERLIGHT,EWRPK,220,GM,220.00 GM
64049,MAAM MILKY BISCUITS 85 GM PLPCH (ORIENT LANKA),ORIENT LANKA CONFECTIONERY,MAAM MILKY,PLPCH,85,GM,85.00 GM
64047,MACLEE CHOCOLATE CREAM BISCUITS 90 GM PLPCH (SRI NUTRIFOODS),SRI NUTRIFOODS (PVT) LTD,MACLEE CHOCOLATE CREAM,PLPCH,90,GM,90.00 GM
64048,SIRREXTAR (NC) THINNER - 4 L PLCAN,SIRREXTAR PAINT'S,SIRREXTAR NC THINNERS,PLCAN,4000,ML,4000.00 ML
64065,STAR KING CLORAX 100 ML PLBOT,STAR KING,STAR KING,PLBOT,100,ML,100.00 ML
64058,KEKULU (SIDDHALEPA) KING COCONUT OIL - LOTHSUBULU - ALOEVERA 70 GM CDBOX + SAVE RS 15,SIDDHALEPA AYURVEDA EXPORTS,KEKULU,CDBOX,70,GM,70.00 GM
39662,VASELINE INTENSIVE CARE (USL) DEEP RESTORE 40 ML,UNILEVER SRI LANKA LTD,VASELINE INTENSIVE CARE,PLBOT,40,ML,40.00 ML
64018,SUNSILK DAMAGE RESTORE SHAMPOO WITH KING COCONUT OIL KERATIN PROTEIN & VITAMIN C ACTIV-MIX 80 ML PLBOT + FREE LIFEBUOY MILD CARE WITH MILK PROTEIN 75 GM EWRPK,UNILEVER SRI LANKA LTD,SUNSILK,PLBOT,80,ML,80.00 ML
63973,SUNSILK STUNNING BLACK SHINE-GO SHINE-WITH AMLA OIL PEARL PROTEIN & VITAMIN E ACTIVE MIX SHAMPOO 80 ML PLBOT + FREE LIFEBUOY MILD CARE WITH MILK PROTEIN SOAP 75 GM EWRPK,UNILEVER SRI LANKA LTD,SUNSILK,PLBOT,80,ML,80.00 ML
64059,LYSOL TRIPLE GERM ACTION ALL IN 1 DISINFECTANT SURFACE CLEANER - FLORAL - 500 ML PLBOT + FREE HARPIC POWER PLUS 10X ADVANCED ORIGINAL 200 ML PLBOT,RECKITT BENCKISER (LANKA) LTD,LYSOL,PLBOT,700,ML,500.00 ML
64092,MUNCHEE CAROL COOKIES 85 GM PLPCH,CEYLON BISCUITS LIMITED,MUNCHEE CRUNCHEE CAROLS,PLPCH,85,GM,85.00 GM
64064,GAJAMUTHU CHILLI POWDER 50 GM PLPCH,GAJAMUTHU FOOD PRODUCTS PVT LTD,GAJAMUTHU,PLPCH,50,GM,50.00 GM
64067,MILLENIUM - (PENTIUM 2000 STATIONERIES) - CR BOOK (A4) 160 PGS - 1 NO,PENTIUM 2000 STATIONERIES (PVT) LTD,MILLENIUM,,1,NO,1.00 NO
64066,GAJAMUTHU PEPPER POWDER 25 GM PLPCH,GAJAMUTHU FOOD PRODUCTS PVT LTD,GAJAMUTHU,PLPCH,25,GM,25.00 GM
63978,MALIBAN CREAM CRACKER 190 GM PLPCH + FREE ASTRA FAT SPREAD MULTI-PURPOSE SPREADING COOKING AND BAKING 18 GM PLPCH,MALIBAN BISCUIT MANUFACTORIES,MALIBAN SMART CREAM CRACKER,PLPCH,190,GM,190.00 GM
63943,KEKULU (SIDDHALEPA) THAMBILI THEL SUDU HADUN AROODHA SAMAN PICHCHA KOKUM POTHU BABY SOAP 70 GM CDBOX + SAVE RS 15,SIDDHALEPA AYURVEDA EXPORTS,KEKULU,CDBOX,70,GM,70.00 GM
63993,NESTOMALT 1 ST CUP MALTED FOOD 400 GM CDBOX + FREE MAGGI PAPARE KOTTU 75 GM PLPCH,NESTLE LANKA,NESTOMALT,CDBOX,400,GM,400.00 GM
51411,FEMS DRYTEX-WINGS 10 NO,HEMAS MARKETING,FEMS,10NO,10,NO,10.00 NO
64042,MAGGI PROFESSIONAL SEASONING POWDER CHICKEN FLAVOUR 500 GM PLPCH,NESTLE LANKA,MAGGI,PLPCH,500,GM,500.00 GM
63820,SUNSILK KERATIN STRAIGHT SHAMPOO WITH KERATIN AND ARGAN OIL ACTIV MIX 180 ML PLBOT,UNILEVER SRI LANKA LTD,SUNSILK,PLBOT,180,ML,180.00 ML
64084,AYUSH ANTI MARK & OIL CONTROL FACE CREAM WITH TURMERIC KUMKUMADI TAILAM AND MINT 25 GM CDBOX,UNILEVER SRI LANKA LTD,LEVER AYUSH,CDBOX,25,GM,25.00 GM
63964,SENSODYNE - SOFT TOOTHBRUSH 1 NO,GLAXO SMITHKLINE BEECHAM,SENSODYNE,,1,NO,1.00 NO
58775,HIMADI GORAKA CREAM 100 GM PLCUP,HIMADI PRODUCT,HIMADI,PLCUP,100,GM,100.00 GM
36196,LAOJEE BROOKE BOND 50 GM,UNILEVER LIPTON CEYLON LTD,LIPTON LAOJEE,PLPCH,50,GM,50.00 GM
64092,MUNCHEE CAROL COOKIES 85 GM PLPCH,CEYLON BISCUITS LIMITED,MUNCHEE CRUNCHEE CAROLS,PLPCH,85,GM,85.00 GM
63953,MAGGI REAL COCONUT MILK POWDER 25 GM PLPCH,NESTLE LANKA,MAGGI COCONUT MILK POWDER,PLPCH,25,GM,25.00 GM
63989,LYSOL TRIPLE GERM ACTION ALL IN 1 DISINFECTANT SURFACE CLEANER - CITRUS - 500 ML PLBOT + FREE HARPIC POWER PLUS 10X ADVANCED ORIGINAL 200 ML PLBOT,RECKITT BENCKISER (LANKA) LTD,LYSOL,PLBOT,700,ML,500.00 ML
51410,FEMS COTTON FEEL-WINGS 10 NO,HEMAS MARKETING,FEMS,10NO,10,NO,10.00 NO
51411,FEMS DRYTEX-WINGS 10 NO,HEMAS MARKETING,FEMS,10NO,10,NO,10.00 NO
63960,GOYA (HEMAS) ROSES RUBY RED SOAP 70 GM CDBOX,HEMAS MARKETING,GOYA,CDBOX,70,GM,70.00 GM
64046,RICHARD COLOURAY - DRAWING BOOK (A4) 80 PGS - 1 NO,RICHARD TRADING CO (PVT) LTD,RICHARD COLOURAY,,1,NO,1.00 NO
64036,GOYA (HEMAS) ROSES PRETTY PINK SOAP 70 GM CDBOX,HEMAS MARKETING,GOYA,CDBOX,70,GM,70.00 GM
63943,KEKULU (SIDDHALEPA) THAMBILI THEL SUDU HADUN AROODHA SAMAN PICHCHA KOKUM POTHU BABY SOAP 70 GM CDBOX + SAVE RS 15,SIDDHALEPA AYURVEDA EXPORTS,KEKULU,CDBOX,70,GM,70.00 GM
40350,HARPIC POWER PLUS ORIGINAL 10X 200 ML,RECKITT BENCKISER (LANKA) LTD,HARPIC,,200,ML,200.00 ML
40351,HARPIC POWER PLUS ORIGINAL 10X 500 ML,RECKITT BENCKISER (LANKA) LTD,HARPIC,,500,ML,500.00 ML
21128,CAP DAIRIES PANI KAJU WITH KITHUL TREACLE ICE CREAM 250 ML PLTUB,CAP FOODS,CAP PANI KAJU,PLTUB,250,ML,250.00 ML
63972,SUNSILK NOURISHING SOFT & SMOOTH SHAMPOO 5 NATURAL OILS EGG PROTEIN & VITAMIN C ACTIVE MIX 80 ML PLBOT + FREE LIFEBUOY GLOWING SKIN SAKURA AND PINK CLAY SOAP 75 GM EWRPK,UNILEVER SRI LANKA LTD,SUNSILK,PLBOT,80,ML,80.00 ML
64037,VASELINE (USL) HEALTHY BRIGHT IN 2 WEEKS NIACINAMIDE-VITAMIN B3 SERUM IN BODY LOTION 400 ML PLBOT,UNILEVER SRI LANKA LTD,VASELINE,PLBOT,400,ML,400.00 ML
14620,SEA LION WOODAPPLE DRINK-RGB 190 ML,SARA FRUIT PRODUCTS,SEA LION WOODAPPLE,RGB,190,ML,190.00 ML
64184,MENAKE CHILLI POWDER 50 GM PLPCH,MENAKE FOOD PRODUCTS,MENAKE,PLPCH,50,GM,50.00 GM
63978,MALIBAN CREAM CRACKER 190 GM PLPCH + FREE ASTRA FAT SPREAD MULTI-PURPOSE SPREADING COOKING AND BAKING 18 GM PLPCH,MALIBAN BISCUIT MANUFACTORIES,MALIBAN SMART CREAM CRACKER,PLPCH,190,GM,190.00 GM
63941,DELZIAS CENTER FILL STRAWBERRY FLAVOUR BUBBLE GUM (3.2 GM) 1 NO,FRESHVILLE SWEET (PVT) LTD,DELZIAS,,1,NO,1.00 NO
64092,MUNCHEE CAROL COOKIES 85 GM PLPCH,CEYLON BISCUITS LIMITED,MUNCHEE CRUNCHEE CAROLS,PLPCH,85,GM,85.00 GM
54443,LUX SOFT GLOW JASMINE & VITAMIN E 7 BEAUTY INGREDIANTS 70 GM EWRPK,UNILEVER SRI LANKA LTD,LUX,EWRPK,70,GM,70.00 GM
64035,CAUSEWAY AQUA SAFE 6 IN 1 PREMIUM EXTERIOR WATERPROOFING PAINT- BRILLIANT WHITE 20 L - EXTERIOR,ASIAN CAUSEWAY PAINTS,CAUSEWAY AQUA SAFE,PL-CANISTER,20000,ML,20000.00 ML
54278,PEARS BABY ALOE VERA & NEEM CHOOTY PACK BABY SOAP 70 GM CDBOX,UNILEVER SRI LANKA LTD,PEARS BABY,CDBOX,70,GM,70.00 GM
64092,MUNCHEE CAROL COOKIES 85 GM PLPCH,CEYLON BISCUITS LIMITED,MUNCHEE CRUNCHEE CAROLS,PLPCH,85,GM,85.00 GM
63341,SUNLIGHT WITH REAL LEMON POWER LAUNDRY BAR (110*3) 330 GM EWRPK + FREE SUNLIGHT ROYAL LAVENDER FRAGRANCE LAUNDRY BAR 110 GM EWRPK,UNILEVER SRI LANKA LTD,SUNLIGHT,EWRPK,440,GM,330.00 GM
64034,ENFAMAMA (HEMAS) A+ VANILLA FLAVOUR NUTRITIONAL SUPPLEMENT 400 GM TIN + SAVE RS 500,HEMAS PHARMACEUTICALS (PVT) LTD,ENFAMAMA,TIN,400,GM,400.00 GM
63964,SENSODYNE - SOFT TOOTHBRUSH 1 NO,GLAXO SMITHKLINE BEECHAM,SENSODYNE,,1,NO,1.00 NO
64028,MAGGI REAL COCONUT MILK POWDER (300+36) 336 GM CDBOX + FREE 36 GM,NESTLE LANKA,MAGGI COCONUT MILK POWDER,CDBOX,336,GM,336.00 GM
64092,MUNCHEE CAROL COOKIES 85 GM PLPCH,CEYLON BISCUITS LIMITED,MUNCHEE CRUNCHEE CAROLS,PLPCH,85,GM,85.00 GM
63953,MAGGI REAL COCONUT MILK POWDER 25 GM PLPCH,NESTLE LANKA,MAGGI COCONUT MILK POWDER,PLPCH,25,GM,25.00 GM
64090,AYUSH TOTAL ORAL CARE FLUORIDATED TOOTHPASTE WITH CLOVE OIL & DASANAKANTHI CHOORNAM 30 GM CDBOX,UNILEVER SRI LANKA LTD,LEVER AYUSH,CDBOX,30,GM,30.00 GM
12543,NATURE FRESH 1000 ML PLBOT,NATURE FRESH BEVERAGES (PVT) LTD,NATURE FRESH,PLBOT,1000,ML,1000.00 ML
63964,SENSODYNE - SOFT TOOTHBRUSH 1 NO,GLAXO SMITHKLINE BEECHAM,SENSODYNE,,1,NO,1.00 NO
64018,SUNSILK DAMAGE RESTORE SHAMPOO WITH KING COCONUT OIL KERATIN PROTEIN & VITAMIN C ACTIV-MIX 80 ML PLBOT + FREE LIFEBUOY MILD CARE WITH MILK PROTEIN 75 GM EWRPK,UNILEVER SRI LANKA LTD,SUNSILK,PLBOT,80,ML,80.00 ML
63739,BN - ROYAL MARRIAGE EAU DE PARFUM NATURAL SPRAY VAPORISATEUR 120 ML CDBOX (C.B COSMETICS),C.B COSMETICS,BN,CDBOX,120,ML,120.00 ML
64012,CIC PEDIA SURE GOLD CLASSIC VANILLA FLAVOUR NUTRITIONAL SUPPLEMENT FOR CHILDREN 1-10 YEARS 380 GM TIN,CIC HOLDINGS (PVT) LTD,PEADIA SURE,TIN,380,GM,380.00 GM
51411,FEMS DRYTEX-WINGS 10 NO,HEMAS MARKETING,FEMS,10NO,10,NO,10.00 NO
51410,FEMS COTTON FEEL-WINGS 10 NO,HEMAS MARKETING,FEMS,10NO,10,NO,10.00 NO
63910,MAGGI REAL COCONUT MILK POWDER 25 GM PLPCH + SAVE RS 15,NESTLE LANKA,MAGGI COCONUT MILK POWDER,PLPCH,25,GM,25.00 GM
64016,KARTHIKA CURRY LEAVES AMLA & BRINGARAJ BLACK SHIELD SHAMPOO 40 ML PLBOT,CAVINKARE PRIVATE LIMITED,KARTHIKA,PLBOT,40,ML,40.00 ML
64014,KARTHIKA AMLA HENNA & ALOE VERA DRYNESS SHIELD SHAMPOO 40 ML PLBOT,CAVINKARE PRIVATE LIMITED,KARTHIKA,PLBOT,40,ML,40.00 ML
64015,KARTHIKA SHIKAKAI & HIBISCUS HAIR FALL SHIELD SHAMPOO 40 ML PLBOT,CAVINKARE PRIVATE LIMITED,KARTHIKA,PLBOT,40,ML,40.00 ML
64013,DEVI DAILY MOISTURIZING ANTI DANDRUFF HAIR FALL PROTECTION SHAMPOO 100 ML PLBOT,MEDI FIT CARE,DEVI,PLBOT,100,ML,100.00 ML
64017,KARTHIKA SHIKAKAI & HIBISCUS HAIR FALL SHIELD SHAMPOO 80 ML PLBOT,CAVINKARE PRIVATE LIMITED,KARTHIKA,PLBOT,80,ML,80.00 ML
64030,THENNAKOON PEPPER POWDER 30 GM PLPCH,THENNAKOON FOOD PRODUCTS,THENNAKOON,PLPCH,30,GM,30.00 GM
64029,THENNAKOON TURMERIC POWDER 30 GM PLPCH,THENNAKOON FOOD PRODUCTS,THENNAKOON,PLPCH,30,GM,30.00 GM
64090,AYUSH TOTAL ORAL CARE FLUORIDATED TOOTHPASTE WITH CLOVE OIL & DASANAKANTHI CHOORNAM 30 GM CDBOX,UNILEVER SRI LANKA LTD,LEVER AYUSH,CDBOX,30,GM,30.00 GM
64089,AYUSH TOTAL ORAL CARE FLUORIDATED TOOTHPASTE WITH CLOVE OIL & DASANAKANTHI CHOORNAM 70 GM CDBOX,UNILEVER SRI LANKA LTD,LEVER AYUSH,CDBOX,70,GM,70.00 GM
14617,PAZA MIXED FRUITS NECTAR-PET 200 ML,EDWA HOLDINGS (PVT) LTD,PAZA MIXED FRUIT,PET,200,ML,200.00 ML
14616,PAZA MANGO NECTAR-PET 200 ML,EDWA HOLDINGS (PVT) LTD,PAZA MANGO,PET,200,ML,200.00 ML
14619,PAZA WOOD APPLE NECTAR-PET 200 ML,EDWA HOLDINGS (PVT) LTD,PAZA WOODAPPLE,PET,200,ML,200.00 ML
63978,MALIBAN CREAM CRACKER 190 GM PLPCH + FREE ASTRA FAT SPREAD MULTI-PURPOSE SPREADING COOKING AND BAKING 18 GM PLPCH,MALIBAN BISCUIT MANUFACTORIES,MALIBAN SMART CREAM CRACKER,PLPCH,190,GM,190.00 GM
64011,CLEAN DAY WITH REAL LEMON LAUNDRY BAR 120 GM EWRPK,CEYLONLIGHT PRODUCTS,CLEAN DAY,EWRPK,120,GM,120.00 GM
64092,MUNCHEE CAROL COOKIES 85 GM PLPCH,CEYLON BISCUITS LIMITED,MUNCHEE CRUNCHEE CAROLS,PLPCH,85,GM,85.00 GM
20769,MAGIC DAIRY ICE CREAM VANILLA AND CHOCOLATE 1 L PLTUB,CARGILLS PRODUCTS,MAGIC,PLTUB,1000,ML,1000.00 ML
14615,OLE CREAM SODA-PET 400 ML,PEPSICO INTERNATIONAL,OLE CREAM SODA,PET,400,ML,400.00 ML
64092,MUNCHEE CAROL COOKIES 85 GM PLPCH,CEYLON BISCUITS LIMITED,MUNCHEE CRUNCHEE CAROLS,PLPCH,85,GM,85.00 GM
63929,CALIN KOHOMBA SOAP WITH NEEM AND TURMERIC EXTRACT 70 GM CDBOX,DELMAR LANKA PVT LTD,CALIN,CDBOX,70,GM,70.00 GM
48509,WATAWALA PURE CEYLON TEA 50 GM PLPCH,SUNSHINE COUNSUMER LANKA LTD,WATAWALA TEA,PLPCH,50,GM,50.00 GM
63955,PELWATTE FULL CREAM MILK POWDER 400 GM PLPCH + SAVE RS 50,PELWATTE DAIRY INDUSTRIES (PVT) LTD,PELWATTE,PLPCH,400,GM,400.00 GM
64092,MUNCHEE CAROL COOKIES 85 GM PLPCH,CEYLON BISCUITS LIMITED,MUNCHEE CRUNCHEE CAROLS,PLPCH,85,GM,85.00 GM
63993,NESTOMALT 1 ST CUP MALTED FOOD 400 GM CDBOX + FREE MAGGI PAPARE KOTTU 75 GM PLPCH,NESTLE LANKA,NESTOMALT,CDBOX,400,GM,400.00 GM
63979,SIRIGAMA SOYA MEAT 200 GM PLPCH,SIRIGAMA PRODUCT,SIRIGAMA,PLPCH,200,GM,200.00 GM
63974,CHERISH WAFERS CHOCO FLAVOURED CREAM 310 GM PLPCH,CHERISH BISCUIT (PVT) LTD,CHERISH WAFERS,PLPCH,310,GM,310.00 GM
64092,MUNCHEE CAROL COOKIES 85 GM PLPCH,CEYLON BISCUITS LIMITED,MUNCHEE CRUNCHEE CAROLS,PLPCH,85,GM,85.00 GM
64019,AGGRA - COLOUR SPARX COLOUR PENCIL - 12 COLOUR PACK - 1 NO CDBOX,AGGRA,AGGRA,CDBOX,1,NO,1.00 NO
63983,PELWATTE VANILLA FLAVOUR DRINKING YOGHURT 180 ML PLBOT,PELWATTE DAIRY INDUSTRIES (PVT) LTD,PELWATTE,PLBOT,180,ML,180.00 ML
63980,DANDEX ANTI DANDRUFF COOLING + RELIEF COOL MINT & ALOE SHAMPOO 80 ML PLBOT + SAVE RS 50,HEMAS MARKETING,DANDEX,PLBOT,80,ML,80.00 ML
64093,MUNCHEE CAROL COOKIES 340 GM PLPCH,CEYLON BISCUITS LIMITED,MUNCHEE CRUNCHEE CAROLS,PLPCH,340,GM,340.00 GM
64089,AYUSH TOTAL ORAL CARE FLUORIDATED TOOTHPASTE WITH CLOVE OIL & DASANAKANTHI CHOORNAM 70 GM CDBOX,UNILEVER SRI LANKA LTD,LEVER AYUSH,CDBOX,70,GM,70.00 GM
58482,LUX BRIGHT GLOW ROSE & VIT C + E 70 GM EWRPK,UNILEVER SRI LANKA LTD,LUX,EWRPK,70,GM,70.00 GM
64032,KIWI - EX BOOK 1/2 INCH SQUARE RULED (A5) 120 PGS - 1 NO,RIO MARKETING (PVT) LTD,KIWI,,1,NO,1.00 NO
64021,HOMERUN - 1/2 INCH SQUARE RULE BOOK (A5) 200 PGS - 1 NO,ATLAS AXILLIA CO. (PVT) LTD,HOMERUN,,1,NO,1.00 NO
64020,HOMERUN - 1/2 INCH SQUARE RULE BOOK (A5) 160 PGS - 1 NO,ATLAS AXILLIA CO. (PVT) LTD,HOMERUN,,1,NO,1.00 NO
63978,MALIBAN CREAM CRACKER 190 GM PLPCH + FREE ASTRA FAT SPREAD MULTI-PURPOSE SPREADING COOKING AND BAKING 18 GM PLPCH,MALIBAN BISCUIT MANUFACTORIES,MALIBAN SMART CREAM CRACKER,PLPCH,190,GM,190.00 GM
58131,RASA KAHATA PURE CEYLON BLACK TEA 50 GM PLPCH,UNILEVER LIPTON CEYLON LTD,RASA KAHATA,PLPCH,50,GM,50.00 GM
64043,PURE BLEND CHILLI PIECES 50 GM PLPCH (PURE BLEND),PURE BLEND (PVT) LTD,PURE BLEND,PLPCH,50,GM,50.00 GM
63947,SUNSILK NOURISHING SOFT & SMOOTH SHAMPOO WITH EGG PROTEIN ALMOND OIL & VITAMIN C ACTIV MIX 80 ML PLBOT + FREE LUX BRIGHT GLOW ROSE & VIT C+E SOAP 70 GM EWRPK,UNILEVER SRI LANKA LTD,SUNSILK,PLBOT,80,ML,80.00 ML
14614,MY TAMARIND - PET 750 ML,MY COLA BEVERAGE LANKA - (PET PACKAGING (PVT) LTD),MY TAMARIND,PET,750,ML,750.00 ML
63981,BONITA ELEGANT BEAUTY EL GERANIO SOAP 65 GM CDBOX,MULTI CHEMI INTERNATIONAL LTD,BONITA,CDBOX,65,GM,65.00 GM
63982,BONITA ELEGANT BEAUTY EL JACINTO SOAP 65 GM CDBOX,MULTI CHEMI INTERNATIONAL LTD,BONITA,CDBOX,65,GM,65.00 GM
63947,SUNSILK NOURISHING SOFT & SMOOTH SHAMPOO WITH EGG PROTEIN ALMOND OIL & VITAMIN C ACTIV MIX 80 ML PLBOT + FREE LUX BRIGHT GLOW ROSE & VIT C+E SOAP 70 GM EWRPK,UNILEVER SRI LANKA LTD,SUNSILK,PLBOT,80,ML,80.00 ML
64025,LEAVES - CR BOOK (A4) 200 PGS - 1 NO,GALGEDARA MARKETING (PVT) LTD,LEAVES,,1,NO,1.00 NO
64024,LEAVES - CR BOOK (A4) 120 PGS - 1 NO,GALGEDARA MARKETING (PVT) LTD,LEAVES,,1,NO,1.00 NO
64022,LEAVES - DRAWING BOOK (A4) 40 PGS - 1 NO,GALGEDARA MARKETING (PVT) LTD,LEAVES,,1,NO,1.00 NO
64023,LEAVES - BLANK BOOK (A5) 80 PGS - 1 NO,GALGEDARA MARKETING (PVT) LTD,LEAVES,,1,NO,1.00 NO
63436,WONDERLIGHT JASMINE LAUNDRY BAR (110*2) 220 GM EWRPK + SAVE RS 30,UNILEVER SRI LANKA LTD,WONDERLIGHT,EWRPK,220,GM,220.00 GM
63999,NADITH TURMERIC POWDER 50 GM PLPCH,NADITH SPECIAL PRODUCTS,NADITH,PLPCH,50,GM,50.00 GM
64031,ATLAS - PRACTICAL BOOK 1/2 INCH SQUARE RULE (B5) 80 PGS - 1 NO,ATLAS AXILLIA CO. (PVT) LTD,ATLAS,,1,NO,1.00 NO
63991,ONE SHOT (NEW WASANA PRODUCTS) MAGIC CLEANER CLOROX 100 ML PLBOT,NEW WASANA PRODUCTS,ONE SHOT,PLBOT,100,ML,100.00 ML
63955,PELWATTE FULL CREAM MILK POWDER 400 GM PLPCH + SAVE RS 50,PELWATTE DAIRY INDUSTRIES (PVT) LTD,PELWATTE,PLPCH,400,GM,400.00 GM
63953,MAGGI REAL COCONUT MILK POWDER 25 GM PLPCH,NESTLE LANKA,MAGGI COCONUT MILK POWDER,PLPCH,25,GM,25.00 GM
64006,BLACK KNIGHT DARK KNIGHT POCKET PERFUME EAU DE TOILETTE 18.5 ML PLBOT,ICL MARKETING,BLACK KNIGHT,PLBOT,18,ML,18.50 ML
63955,PELWATTE FULL CREAM MILK POWDER 400 GM PLPCH + SAVE RS 50,PELWATTE DAIRY INDUSTRIES (PVT) LTD,PELWATTE,PLPCH,400,GM,400.00 GM
64002,OATEO JUMBO ROLLED OATS 500 GM PLPCH,AUSSEE OATS MILLING PVT LTD,OATEO,PLPCH,500,GM,500.00 GM
64007,BLACK KNIGHT FRESH EXTREME POCKET PERFUME EAU DE TOILETTE 18.5 ML PLBOT,ICL MARKETING,BLACK KNIGHT,PLBOT,18,ML,18.50 ML
64010,PEARS BABY ACTIVE FLORAL BABY COLOGNE 100 ML CDBOX + FREE PEARS RATHMAL & KOKUM BABY SOAP 90 GM CDBOX,UNILEVER SRI LANKA LTD,PEARS BABY,CDBOX,100,ML,100.00 ML
63953,MAGGI REAL COCONUT MILK POWDER 25 GM PLPCH,NESTLE LANKA,MAGGI COCONUT MILK POWDER,PLPCH,25,GM,25.00 GM
64092,MUNCHEE CAROL COOKIES 85 GM PLPCH,CEYLON BISCUITS LIMITED,MUNCHEE CRUNCHEE CAROLS,PLPCH,85,GM,85.00 GM
63943,KEKULU (SIDDHALEPA) THAMBILI THEL SUDU HADUN AROODHA SAMAN PICHCHA KOKUM POTHU BABY SOAP 70 GM CDBOX + SAVE RS 15,SIDDHALEPA AYURVEDA EXPORTS,KEKULU,CDBOX,70,GM,70.00 GM
63992,VIM LIME FRESH DISHWASH LIQUID 500 ML PLBOT + SAVE RS 50,UNILEVER SRI LANKA LTD,VIM,PLBOT,500,ML,500.00 ML
63961,KHOMBA LEMONGRASS SOAP 67 GM EWRPK,SWADESHI INDUSTRIAL WORKS LTD,KHOMBA,EWRPK,67,GM,67.00 GM
63759,DIVA FRESH 3 IN 1 GARDENIA & ROSE DETERGENT POWDER 1000 GM PLPCH,HEMAS MARKETING,DIVA FRESH,PLPCH,1000,GM,1000.00 GM
64057,MAGGI REAL COCONUT MILK POWDER 125 GM CDBOX,NESTLE LANKA,MAGGI COCONUT MILK POWDER,CDBOX,125,GM,125.00 GM
63829,RED COW - SUGAR ADDED MILK MIX 18 GM PLPCH,FONTERRA BRANDS LANKA (PVT)LTD,RED COW,PLPCH,18,GM,18.00 GM
64004,BLACK EAGLE MUSK COLOGNE SPRAY 100 ML CDBOX,SWADESHI INDUSTRIAL WORKS LTD,BLACK EAGLE,CDBOX,100,ML,100.00 ML
63976,BELLOSE HAIR LOSS CONTROL KERATIN CONDITIONER 210 ML PLBOT,BELLOSE LANKA LTD,BELLOSE,PLBOT,210,ML,210.00 ML
63975,BELLOSE PERFECT STRAIGHT KERATIN CONDITIONER 210 ML PLBOT,BELLOSE LANKA LTD,BELLOSE,PLBOT,210,ML,210.00 ML
63964,SENSODYNE - SOFT TOOTHBRUSH 1 NO,GLAXO SMITHKLINE BEECHAM,SENSODYNE,,1,NO,1.00 NO
63984,VELVET GLOW PERFECT SHEA BUTTER & SAFFRON EXTRACT BODY LOTION 200 ML PLBOT,HEMAS MARKETING,VELVET,PLBOT,200,ML,200.00 ML
63967,BODY DOO - ALOE HYDRATION - BODY LOTION 200 ML PLBOT,BELLOSE LANKA LTD,BODY DOO,PLBOT,200,ML,200.00 ML
63968,BODY DOO - RESTORING CARE - BODY LOTION 200 ML PLBOT,BELLOSE LANKA LTD,BODY DOO,PLBOT,200,ML,200.00 ML
64008,CHICHI (IMPORTED) EAU DE TOILETTE NATURAL SPRAY VAPORISATEUR 100 ML CDBOX,IMPORTED,CHICHI,CDBOX,100,ML,100.00 ML
63961,KHOMBA LEMONGRASS SOAP 67 GM EWRPK,SWADESHI INDUSTRIAL WORKS LTD,KHOMBA,EWRPK,67,GM,67.00 GM
14605,DUMBARA FRUIT PUNCH MANGO DRINK- PET 200 ML,DUMBARA NATURAL FOOD (PVT) LTD,DUMBARA FRUIT PUNCH MANGO,PET,200,ML,200.00 ML
53462,WIJAYA PURE CEYLON TEA 50 GM PLPCH,WIJAYA PRODUCTS (PVT) LTD,WIJAYA,PLPCH,50,GM,50.00 GM
63953,MAGGI REAL COCONUT MILK POWDER 25 GM PLPCH,NESTLE LANKA,MAGGI COCONUT MILK POWDER,PLPCH,25,GM,25.00 GM
64009,KHOMBA BABY FLORAL - KOHOMBA WITH RATHMAL AND ROSE WATER BABY COLOGNE 30 ML CDBOX,SWADESHI INDUSTRIAL WORKS LTD,KHOMBA,CDBOX,30,ML,30.00 ML
64058,KEKULU (SIDDHALEPA) KING COCONUT OIL - LOTHSUBULU - ALOEVERA 70 GM CDBOX + SAVE RS 15,SIDDHALEPA AYURVEDA EXPORTS,KEKULU,CDBOX,70,GM,70.00 GM
63943,KEKULU (SIDDHALEPA) THAMBILI THEL SUDU HADUN AROODHA SAMAN PICHCHA KOKUM POTHU BABY SOAP 70 GM CDBOX + SAVE RS 15,SIDDHALEPA AYURVEDA EXPORTS,KEKULU,CDBOX,70,GM,70.00 GM
64033,LITTLE LION SOFT LOG SPONGE ROLL CHOCOLATE FLAVOURED 200 GM CDBOX,LITTLE LION ASSOCIATES,LITTLE LION,CDBOX,200,GM,200.00 GM
63953,MAGGI REAL COCONUT MILK POWDER 25 GM PLPCH,NESTLE LANKA,MAGGI COCONUT MILK POWDER,PLPCH,25,GM,25.00 GM
63986,SILVERMILL COCONUT MILK 180 ML TPK,SILVERMILL NATURAL BEVERAGE (PVT) LTD,SILVERMILL COCONUT MILK,TPK,180,ML,180.00 ML
64027,SAMMANEE - BINDER GLUE 40 GM PLBOT,SAMMANA STATIONER (PVT) LTD,SAMMANEE,PLBOT,40,GM,40.00 GM
14611,KINLEY SODA-PET 750 ML,COCA-COLA BEVERAGES,KINLEY SODA,PET,750,ML,750.00 ML
63436,WONDERLIGHT JASMINE LAUNDRY BAR (110*2) 220 GM EWRPK + SAVE RS 30,UNILEVER SRI LANKA LTD,WONDERLIGHT,EWRPK,220,GM,220.00 GM
64182,VENDOL VENIVAL TURMERIC-VENIVAL-MARGOSA-SANDALWOOD WITH ALOEVERA 90 GM CDBOX,GODAKANDA HERBALS (PVT) LTD - (VENDOL LANKA),VENDOL VENIVAL,CDBOX,90,GM,90.00 GM
35661,TEA JAR THADA KAHATA TEA 50 GM PLPCH,KDU EXPORTS (PVT) LTD,TEA JAR,PLPCH,50,GM,50.00 GM
63981,BONITA ELEGANT BEAUTY EL GERANIO SOAP 65 GM CDBOX,MULTI CHEMI INTERNATIONAL LTD,BONITA,CDBOX,65,GM,65.00 GM
63982,BONITA ELEGANT BEAUTY EL JACINTO SOAP 65 GM CDBOX,MULTI CHEMI INTERNATIONAL LTD,BONITA,CDBOX,65,GM,65.00 GM
61146,POND'S (USL)BRIGHT BEAUTY SPOT-LESS GLOW SERUM CREAM 15 GM CDBOX,UNILEVER SRI LANKA LTD,POND'S,CDBOX,15,GM,15.00 GM
63970,ENCHANTEUR CHARMING VISIBLY RADIANT SKIN VITAMIN A-C-E & NIACINAMIDE PERFUMED BODY LOTION 100 ML PLBOT,UTN TRADING,ENCHANTEUR,PLBOT,100,ML,100.00 ML
39660,VASELINE INTENSIVE CARE (USL) DEEP RESTORE 100 ML,UNILEVER SRI LANKA LTD,VASELINE INTENSIVE CARE,PLBOT,100,ML,100.00 ML
48192,SWABHA CEYLON NATURAL BRIGHTENING BODY LOTION 200 ML PBT,ACE HEALTHCARE PVT LTD,SWABHA CEYLON,PLBOT,200,ML,200.00 ML
63972,SUNSILK NOURISHING SOFT & SMOOTH SHAMPOO 5 NATURAL OILS EGG PROTEIN & VITAMIN C ACTIVE MIX 80 ML PLBOT + FREE LIFEBUOY GLOWING SKIN SAKURA AND PINK CLAY SOAP 75 GM EWRPK,UNILEVER SRI LANKA LTD,SUNSILK,PLBOT,80,ML,80.00 ML
63993,NESTOMALT 1 ST CUP MALTED FOOD 400 GM CDBOX + FREE MAGGI PAPARE KOTTU 75 GM PLPCH,NESTLE LANKA,NESTOMALT,CDBOX,400,GM,400.00 GM
63971,ENCHANTEUR ROMANTIC VISIBLY RADIANT SKIN VITAMIN A-C-E & NIACINAMIDE PERFUMED BODY LOTION 100 ML PLBOT,UTN TRADING,ENCHANTEUR,PLBOT,100,ML,100.00 ML
51838,SWABHA CEYLON LONG & STRONG CONDITIONER ENRICHED WITH HERBAL EXTRACTS 180 ML PLBOT,ACE HEALTHCARE PVT LTD,SWABHA CEYLON,PLBOT,180,ML,180.00 ML
47512,VASELINE INTENSIVE CARE (USL) COCOA GLOW WITH PURE COCOA & SHEA BUTTER BODY LOTION 100 ML,UNILEVER SRI LANKA LTD,VASELINE INTENSIVE CARE,PLBOT,100,ML,100.00 ML
63961,KHOMBA LEMONGRASS SOAP 67 GM EWRPK,SWADESHI INDUSTRIAL WORKS LTD,KHOMBA,EWRPK,67,GM,67.00 GM
63985,ENFAGROW (HEMAS) A+ PRO STAGE 3 VANILLA FOR 1-3 YEARS 400 GM TIN-NUTRITIONAL SUPPLEMENT + SAVE RS 300,HEMAS PHARMACEUTICALS (PVT) LTD,ENFAGROW A + 3,TIN,400,GM,400.00 GM
14608,ISRAA LEMON FLAVOURED DRINK- PET 200 ML,KR ENTERPRISES,ISRAA LEMON,PET,200,ML,200.00 ML
14609,ISRAA MANGO MIX DRINK- PET 200 ML,KR ENTERPRISES,ISRAA MANGO,PET,200,ML,200.00 ML
14607,ISRAA GREEN APPLE JUICE-PET 200 ML,KR ENTERPRISES,ISRAA GREEN APPLE,PET,200,ML,200.00 ML
14613,ISRAA SELFIE STRAWBERRY AND APPLE FLAVOURED DRINK-PET 200 ML,KR ENTERPRISES,ISRAA SELFIE STRAWB. & APPLE,PET,200,ML,200.00 ML
14610,ISRAA GREEN APPLE JUICE-PET 500 ML,KR ENTERPRISES,ISRAA GREEN APPLE,PET,500,ML,500.00 ML
63953,MAGGI REAL COCONUT MILK POWDER 25 GM PLPCH,NESTLE LANKA,MAGGI COCONUT MILK POWDER,PLPCH,25,GM,25.00 GM
64093,MUNCHEE CAROL COOKIES 340 GM PLPCH,CEYLON BISCUITS LIMITED,MUNCHEE CRUNCHEE CAROLS,PLPCH,340,GM,340.00 GM
62268,SAFE + GUARD MINT BREEZE SOAP 70 GM EWRPK + SAFE + GUARD MANDARIN TOUCH SOAP 70 GM EWRPK + SAVE RS 20,ICL MARKETING,SAFE + GUARD,EWRPK,140,GM,70.00 GM
36315,WIJAYA TEA 20 GM,WIJAYA PRODUCTS (PVT) LTD,WIJAYA,PLPCH,20,GM,20.00 GM
20206,ELEPHANT HOUSE CHOCO VANILLA NUT PLCUP 80 ML,CEYLON COLD STORES,EH CHOCO VANILLA,PLCUP,80,ML,80.00 ML
63985,ENFAGROW (HEMAS) A+ PRO STAGE 3 VANILLA FOR 1-3 YEARS 400 GM TIN-NUTRITIONAL SUPPLEMENT + SAVE RS 300,HEMAS PHARMACEUTICALS (PVT) LTD,ENFAGROW A + 3,TIN,400,GM,400.00 GM
63961,KHOMBA LEMONGRASS SOAP 67 GM EWRPK,SWADESHI INDUSTRIAL WORKS LTD,KHOMBA,EWRPK,67,GM,67.00 GM
64065,STAR KING CLORAX 100 ML PLBOT,STAR KING,STAR KING,PLBOT,100,ML,100.00 ML
63969,SUPERLUX EXTERIOR EMULSION - BRILLIANT WHITE 4 L - EXTERIOR,UNIVERSAL PAINT,SUPERLUX,PL-CANISTER,4000,ML,4000.00 ML
14612,LEOAN STERILIZED FLAVOURED MILK CHOCOLATE- RGB 180 ML,LEOAN MILK FOODS (PVT) LTD,LEOAN CHOCOLATE,RGB,180,ML,180.00 ML
64057,MAGGI REAL COCONUT MILK POWDER 125 GM CDBOX,NESTLE LANKA,MAGGI COCONUT MILK POWDER,CDBOX,125,GM,125.00 GM
63961,KHOMBA LEMONGRASS SOAP 67 GM EWRPK,SWADESHI INDUSTRIAL WORKS LTD,KHOMBA,EWRPK,67,GM,67.00 GM
63972,SUNSILK NOURISHING SOFT & SMOOTH SHAMPOO 5 NATURAL OILS EGG PROTEIN & VITAMIN C ACTIVE MIX 80 ML PLBOT + FREE LIFEBUOY GLOWING SKIN SAKURA AND PINK CLAY SOAP 75 GM EWRPK,UNILEVER SRI LANKA LTD,SUNSILK,PLBOT,80,ML,80.00 ML
35660,TEA JAR THADA KAHATA TEA 100 GM PLPCH,KDU EXPORTS (PVT) LTD,TEA JAR,PLPCH,100,GM,100.00 GM
64092,MUNCHEE CAROL COOKIES 85 GM PLPCH,CEYLON BISCUITS LIMITED,MUNCHEE CRUNCHEE CAROLS,PLPCH,85,GM,85.00 GM
35661,TEA JAR THADA KAHATA TEA 50 GM PLPCH,KDU EXPORTS (PVT) LTD,TEA JAR,PLPCH,50,GM,50.00 GM
63837,SUNLIGHT ROYAL LAVENDER FRAGRANCE LAUNDRY BAR (110*3) 330 GM EWRPK + BUY 2 GET 1 FREE,UNILEVER SRI LANKA LTD,SUNLIGHT,EWRPK,330,GM,330.00 GM
63436,WONDERLIGHT JASMINE LAUNDRY BAR (110*2) 220 GM EWRPK + SAVE RS 30,UNILEVER SRI LANKA LTD,WONDERLIGHT,EWRPK,220,GM,220.00 GM
63942,RAJAGALA KAHATA TEA 50 GM PLPCH,RAJAGALA LANKA HOLDINGS (PVT) LTD,RAJAGALA,PLPCH,50,GM,50.00 GM
63997,LAKMINI CHILLI PIECES 500 GM PLPCH,LAKMINI PRODUCTS,LAKMINI,PLPCH,500,GM,500.00 GM
64007,BLACK KNIGHT FRESH EXTREME POCKET PERFUME EAU DE TOILETTE 18.5 ML PLBOT,ICL MARKETING,BLACK KNIGHT,PLBOT,18,ML,18.50 ML
63996,LAKMINI CHILLI POWDER 500 GM PLPCH,LAKMINI PRODUCTS,LAKMINI,PLPCH,500,GM,500.00 GM
64006,BLACK KNIGHT DARK KNIGHT POCKET PERFUME EAU DE TOILETTE 18.5 ML PLBOT,ICL MARKETING,BLACK KNIGHT,PLBOT,18,ML,18.50 ML
63959,HIMALI FACTORY FRESH TEA 50 GM PLPCH,HIMALI STORES,HIMALI,PLPCH,50,GM,50.00 GM
63995,HIMALI PEPPER POWDER 50 GM PLPCH,HIMALI STORES,HIMALI,PLPCH,50,GM,50.00 GM
64087,SOFTOUCH OCEAN BREEZE FABRIC CONDITIONER 210 ML PLBOT + SAVE RS 100,C.W. MACKIE PLC,SOFTOUCH,PLBOT,210,ML,210.00 ML
39168,NYLE (CAVINKARE) HEAL&REPAIR TUMERIC OIL &PURE MILK BODY LOTION 200 ML,CAVINKARE PRIVATE LIMITED,NYLE,PLBOT,200,ML,200.00 ML
64001,COMFORT DESIRE PERFUME DELUXE FABRIC CONDITIONER 850 ML PLBOT,UNILEVER LIPTON CEYLON LTD,COMFORT,PLBOT,850,ML,850.00 ML
14603,MY BLUEBERRY-PET 750 ML,MY COLA BEVERAGE LANKA - (PET PACKAGING (PVT) LTD),MY BLUEBERRY,PET,750,ML,750.00 ML
14604,MY GUAVA - PET 750 ML,MY COLA BEVERAGE LANKA - (PET PACKAGING (PVT) LTD),MY GUAVA,PET,750,ML,750.00 ML
63964,SENSODYNE - SOFT TOOTHBRUSH 1 NO,GLAXO SMITHKLINE BEECHAM,SENSODYNE,,1,NO,1.00 NO
64044,KASUN CURRY POWDER 1000 GM PLPCH,KASUN FOOD PRODUCTS,KASUN,PLPCH,1000,GM,1000.00 GM
63988,LYSOL 10X SURFACE CLEANING & GERM KILL PINE 500 ML PLBOT + FREE HARPIC POWER PLUS 10X ADVANCED ORIGINAL 200 ML PLBOT,RECKITT BENCKISER (LANKA) LTD,LYSOL,PLBOT,700,ML,500.00 ML
63990,LYSOL TRIPLE GERM ACTION ALL IN 1 DISINFECTANT SURFACE CLEANER - JASMINE - 500 ML PLBOT + FREE HARPIC POWER PLUS 10X ADVANCED ORIGINAL 200 ML PLBOT,RECKITT BENCKISER (LANKA) LTD,LYSOL,PLBOT,700,ML,500.00 ML
63989,LYSOL TRIPLE GERM ACTION ALL IN 1 DISINFECTANT SURFACE CLEANER - CITRUS - 500 ML PLBOT + FREE HARPIC POWER PLUS 10X ADVANCED ORIGINAL 200 ML PLBOT,RECKITT BENCKISER (LANKA) LTD,LYSOL,PLBOT,700,ML,500.00 ML
63973,SUNSILK STUNNING BLACK SHINE-GO SHINE-WITH AMLA OIL PEARL PROTEIN & VITAMIN E ACTIVE MIX SHAMPOO 80 ML PLBOT + FREE LIFEBUOY MILD CARE WITH MILK PROTEIN SOAP 75 GM EWRPK,UNILEVER SRI LANKA LTD,SUNSILK,PLBOT,80,ML,80.00 ML
63960,GOYA (HEMAS) ROSES RUBY RED SOAP 70 GM CDBOX,HEMAS MARKETING,GOYA,CDBOX,70,GM,70.00 GM
57270,RAJARATA CURRY FLAVOUR 40 GM PLPCH,RAJARATA LANKA (PVT) LTD,RAJARATA,PLPCH,40,GM,40.00 GM
63956,LAKSHI CHICKEN CURRY FLAVOURED SOYA MEAT 70 GM PLPCH,LAKSHI PRODUCTS,LAKSHI,PLPCH,70,GM,70.00 GM
64092,MUNCHEE CAROL COOKIES 85 GM PLPCH,CEYLON BISCUITS LIMITED,MUNCHEE CRUNCHEE CAROLS,PLPCH,85,GM,85.00 GM
63966,DECOLITE ACRYLIC WALL FILLER 4 L - INTERIOR & EXTERIOR,DECOLITE PAINT CO,DECOLITE,PL-CANISTER,4000,ML,4000.00 ML
14606,DUMBARA FRUIT PUNCH PAPAYA DRINK-PET 200 ML,DUMBARA NATURAL FOOD (PVT) LTD,DUMBARA FRUIT PUNCH PAPAYA,PET,200,ML,200.00 ML
40181,STR KING TRIPAL ACTION GLASS CLEANER 550 ML,R.F.MARKETING SERVICES,STR KING,,550,ML,550.00 ML
64009,KHOMBA BABY FLORAL - KOHOMBA WITH RATHMAL AND ROSE WATER BABY COLOGNE 30 ML CDBOX,SWADESHI INDUSTRIAL WORKS LTD,KHOMBA,CDBOX,30,ML,30.00 ML
63436,WONDERLIGHT JASMINE LAUNDRY BAR (110*2) 220 GM EWRPK + SAVE RS 30,UNILEVER SRI LANKA LTD,WONDERLIGHT,EWRPK,220,GM,220.00 GM
63998,M.D.L CHILLI POWDER 500 GM PLPCH,MITHUDANA LANKA PRODUCTS,M.D.L,PLPCH,500,GM,500.00 GM
63797,PEARS BABY PURE & GENTLE BABY SOAP WITH OLIVE OIL & MOISTURE CREAM (70*2) 140 GM CDBOX + SAVE RS 90,UNILEVER SRI LANKA LTD,PEARS BABY,CDBOX,140,GM,140.00 GM
63961,KHOMBA LEMONGRASS SOAP 67 GM EWRPK,SWADESHI INDUSTRIAL WORKS LTD,KHOMBA,EWRPK,67,GM,67.00 GM
63994,CENTURY TOMATO SAUCE 20 GM SACHET,COLMANS LANKA (PVT) LTD,CENTURY,SACHET,20,GM,20.00 GM
64026,MACARON - (IMPORTED) - 2B PENCIL - 1 NO,IMPORTED,MACARON,,1,NO,1.00 NO
63961,KHOMBA LEMONGRASS SOAP 67 GM EWRPK,SWADESHI INDUSTRIAL WORKS LTD,KHOMBA,EWRPK,67,GM,67.00 GM
63955,PELWATTE FULL CREAM MILK POWDER 400 GM PLPCH + SAVE RS 50,PELWATTE DAIRY INDUSTRIES (PVT) LTD,PELWATTE,PLPCH,400,GM,400.00 GM
59296,KOTHMALE KAHATA TEA 50 GM PLPCH (NEW DIAMOND LANKA),NEW DIAMOND LANKA (PVT)LTD,KOTHMALE KAHATA,PLPCH,50,GM,50.00 GM
14603,MY BLUEBERRY-PET 750 ML,MY COLA BEVERAGE LANKA - (PET PACKAGING (PVT) LTD),MY BLUEBERRY,PET,750,ML,750.00 ML
63943,KEKULU (SIDDHALEPA) THAMBILI THEL SUDU HADUN AROODHA SAMAN PICHCHA KOKUM POTHU BABY SOAP 70 GM CDBOX + SAVE RS 15,SIDDHALEPA AYURVEDA EXPORTS,KEKULU,CDBOX,70,GM,70.00 GM
63953,MAGGI REAL COCONUT MILK POWDER 25 GM PLPCH,NESTLE LANKA,MAGGI COCONUT MILK POWDER,PLPCH,25,GM,25.00 GM
63987,HATTRICK DETERGENT PHYNOL 1000 ML PLBOT,CEYLON LEISURE WERE PRODUCTS,HATTRICK,PLBOT,1000,ML,1000.00 ML
14616,PAZA MANGO NECTAR-PET 200 ML,EDWA HOLDINGS (PVT) LTD,PAZA MANGO,PET,200,ML,200.00 ML
63953,MAGGI REAL COCONUT MILK POWDER 25 GM PLPCH,NESTLE LANKA,MAGGI COCONUT MILK POWDER,PLPCH,25,GM,25.00 GM
51722,SWABHA CEYLON LONG & STRONG CONDITIONER ENRICHED WITH HERBAL EXTRACTS 80 ML PLBOT,ACE HEALTHCARE PVT LTD,SWABHA CEYLON,PLBOT,80,ML,80.00 ML
50779,RATHNA - EXERCISE BOOKS (A5) 120 PG - 1 NO,PRINT EXCEL PVT LTD,RATHNA,,1,NO,1.00 NO
39660,VASELINE INTENSIVE CARE (USL) DEEP RESTORE 100 ML,UNILEVER SRI LANKA LTD,VASELINE INTENSIVE CARE,PLBOT,100,ML,100.00 ML
63947,SUNSILK NOURISHING SOFT & SMOOTH SHAMPOO WITH EGG PROTEIN ALMOND OIL & VITAMIN C ACTIV MIX 80 ML PLBOT + FREE LUX BRIGHT GLOW ROSE & VIT C+E SOAP 70 GM EWRPK,UNILEVER SRI LANKA LTD,SUNSILK,PLBOT,80,ML,80.00 ML
63965,CAUSEWAY AQUA SAFE 6 IN 1 PREMIUM EXTERIOR WATERPROOFING PAINT- BRILLIANT WHITE 10 L - EXTERIOR,ASIAN CAUSEWAY PAINTS,CAUSEWAY AQUA SAFE,PL-CANISTER,10000,ML,10000.00 ML
63963,CAUSEWAY AQUA SAFE 6 IN 1 PREMIUM EXTERIOR WATERPROOFING PAINT- BRILLIANT WHITE 4 L - EXTERIOR,ASIAN CAUSEWAY PAINTS,CAUSEWAY AQUA SAFE,PL-CANISTER,4000,ML,4000.00 ML
63961,KHOMBA LEMONGRASS SOAP 67 GM EWRPK,SWADESHI INDUSTRIAL WORKS LTD,KHOMBA,EWRPK,67,GM,67.00 GM
54278,PEARS BABY ALOE VERA & NEEM CHOOTY PACK BABY SOAP 70 GM CDBOX,UNILEVER SRI LANKA LTD,PEARS BABY,CDBOX,70,GM,70.00 GM
63944,KHOMBA BABY SOAP WITH COCONUT MILK AND ALOEVERA 70 GM CDBOX + SAVE RS 15,SWADESHI INDUSTRIAL WORKS LTD,KHOMBA BABY,CDBOX,70,GM,70.00 GM
58866,PEARS BABY ACTIVE FLORAL BABY SOAP WITH MOISTURE CREAM CHOOTY PACK 70 GM CDBOX,UNILEVER SRI LANKA LTD,PEARS BABY,CDBOX,70,GM,70.00 GM
58875,PEARS BED TIME BABY SOAP CHOOTY PACK 70 GM CDBOX,UNILEVER SRI LANKA LTD,PEARS BABY,CDBOX,70,GM,70.00 GM
40181,STR KING TRIPAL ACTION GLASS CLEANER 550 ML,R.F.MARKETING SERVICES,STR KING,,550,ML,550.00 ML
63950,SANDALUWA CURRY POWDER 50 GM PLPCH,SANDALUWA PRODUCTS,SANDALUWA,PLPCH,50,GM,50.00 GM
63953,MAGGI REAL COCONUT MILK POWDER 25 GM PLPCH,NESTLE LANKA,MAGGI COCONUT MILK POWDER,PLPCH,25,GM,25.00 GM
63958,SUJEEWA SOYA MEAT 40 GM PLPCH,SUJEEWA PRODUCTS,SUJEEWA,PLPCH,40,GM,40.00 GM
14611,KINLEY SODA-PET 750 ML,COCA-COLA BEVERAGES,KINLEY SODA,PET,750,ML,750.00 ML
63954,SERA REAL COCONUT MILK 1000 ML TPK,CONVENIENCE FOODS (LANKA) PLC,SERA COCONUT MILK,TPK,1000,ML,1000.00 ML
63944,KHOMBA BABY SOAP WITH COCONUT MILK AND ALOEVERA 70 GM CDBOX + SAVE RS 15,SWADESHI INDUSTRIAL WORKS LTD,KHOMBA BABY,CDBOX,70,GM,70.00 GM
63957,RAJAMUTHU KUUNISSO (SHRIMP) FLAVOUR TIKIRI SOYA MEAT 50 GM PLPCH,RAJAMUTHU PRODUCT,RAJAMUTHU,PLPCH,50,GM,50.00 GM
63948,JANARASA BIRIYANI MASALA 25 GM PLPCH,SRILAK BEST FOOD COMPANY (PVT) LTD,JANARASA,PLPCH,25,GM,25.00 GM
63939,WILLIAMS TRENDY CRISPY CRACKER BISCUITS 80 GM PLPCH,CEYLON BISCUITS LIMITED,WILLIAMS TRENDY CRISPY CRACKER,PLPCH,80,GM,80.00 GM
63949,MIRICH CHILLI POWDER 1000 GM PLPCH,COLOMBO COMMODITIES,MIRICH,PLPCH,1000,GM,1000.00 GM
41118,SEVENA SPECIAL NOODLES 400 GM,SEVENA INDUSTRIES,SEVENA,PLPCH,400,GM,400.00 GM
50530,ROBBIALAC WATER BASED WOOD CARE ACQUASHIELD STAIN - 1 L,LANKEM CEYLON PLC,ROBBIALAC STAINS,PLCAN,1000,ML,1000.00 ML
50529,ROBBIALAC WATER BASED WOOD CARE ACQUASHIELD STAIN - 500 ML,LANKEM CEYLON PLC,ROBBIALAC STAINS,PLCAN,500,ML,500.00 ML
34569,MAGAM (MAGAM LIFE) COUNTRY CHICKEN FLAVOUR 60 GM,MAGAM LIFE (PVT) LTD,MAGAM,PLPCH,60,GM,60.00 GM
63946,VIM LIME FRESH DISHWASH LIQUID 500 ML PLBOT + SAVE RS 85,UNILEVER SRI LANKA LTD,VIM,PLBOT,500,ML,500.00 ML
14594,MY COOL WOODAPPLE FRUIT DRINK-PET 200 ML,MY COOL FOOD PRODUCTION,MY COOL WOODAPPLE,PET,200,ML,200.00 ML
63953,MAGGI REAL COCONUT MILK POWDER 25 GM PLPCH,NESTLE LANKA,MAGGI COCONUT MILK POWDER,PLPCH,25,GM,25.00 GM
53942,WST TEA TALAWAKELLE 50 GM PLPCH,WEERASINGHE TEA,WST,PLPCH,50,GM,50.00 GM
63942,RAJAGALA KAHATA TEA 50 GM PLPCH,RAJAGALA LANKA HOLDINGS (PVT) LTD,RAJAGALA,PLPCH,50,GM,50.00 GM
58875,PEARS BED TIME BABY SOAP CHOOTY PACK 70 GM CDBOX,UNILEVER SRI LANKA LTD,PEARS BABY,CDBOX,70,GM,70.00 GM
54279,PEARS BABY PURE & GENTLE CHOOTY PACK BABY SOAP WITH OLIVE OIL & MOIST. CREAM 70 GM CDBOX,UNILEVER SRI LANKA LTD,PEARS BABY,CDBOX,70,GM,70.00 GM
48507,THALAWAKELE TEA 100 GM PLPCH,WEERASINGHE TEA,THALAWAKELE TEA,PLPCH,100,GM,100.00 GM
63760,WONDERLIGHT KOHOMBA & LIME LAUNDRY BAR (110*2) 220 GM EWRPK + SAVE RS 30,UNILEVER SRI LANKA LTD,WONDERLIGHT,EWRPK,220,GM,220.00 GM
63595,WONDERLIGHT LEMON LAUNDRY BAR (110*2) 220 GM EWRPK + SAVE RS 30,UNILEVER SRI LANKA LTD,WONDERLIGHT,EWRPK,220,GM,220.00 GM
63436,WONDERLIGHT JASMINE LAUNDRY BAR (110*2) 220 GM EWRPK + SAVE RS 30,UNILEVER SRI LANKA LTD,WONDERLIGHT,EWRPK,220,GM,220.00 GM
63940,DELZIAS CENTER FILL FRESH MINT FLAVOUR BUBBLE GUM (3.2 GM) 1 NO,FRESHVILLE SWEET (PVT) LTD,DELZIAS,,1,NO,1.00 NO
63945,KRIS (IMPORTED) I MISS YOU ELEGANT PERFUMED BODY LOTION 200 ML PLBOT,IMPORTED,KRIS,PLBOT,200,ML,200.00 ML
64000,RASAMUSU TURMERIC POWDER 50 GM PLPCH (CW FOODS CEYLON),CW FOODS CEYLON (PVT) LTD,RASAMUSU,PLPCH,50,GM,50.00 GM
63937,LAKLIGHTS MANGO FLAVOURED JELLY 100 GM CDBOX + FREE MANGO DRINK 20 GM PLPCH,LAKLIGHTS PRODUCTS,LAKLIGHTS,CDBOX,100,GM,100.00 GM
63938,LAKLIGHTS MIXED FRUIT FLAVOURED JELLY 100 GM CDBOX + FREE MANGO DRINK 20 GM PLPCH,LAKLIGHTS PRODUCTS,LAKLIGHTS,CDBOX,100,GM,100.00 GM
60794,SUNLIGHT CLEAN & ROSE DELIGHT 2 IN 1 DOUBLE PERFUME LOCK - DOUBLE CLEANING CRYSTALS DETERGENT POWDER 1000 GM PLPCH,UNILEVER SRI LANKA LTD,SUNLIGHT DETERGENT,PLPCH,1000,GM,1000.00 GM
47775,MOTHA CUSTARD POWDER STRAWBERRY FL.100 GM CDBOX,DELMEGE FORSYTH & CO.LTD,MOTHA,CDBOX,100,GM,100.00 GM
63928,CROWN PINEAPPLE FLAVOUR LOLLYPOP (7 GM) - 1 NO,CROWN SWEETY PRODUCTS PVT LTD,CROWN,,1,NO,1.00 NO
13291,TOP BEV ORANGE 330 ML-PET,TOP BEVERAGES PVT LTD,TOP BEV ORANGE,PET,330,ML,330.00 ML
63952,TIANBOWEN - (IMPORTED) - MEGA SOFT - 6 COLORED PENCILS PACK - 1 NO CDBOX,IMPORTED,TIANBOWEN,CDBOX,1,NO,1.00 NO
63951,RICHARD COLOURAY - B5 BOOK 80 PGS - 1 NO,RICHARD TRADING CO (PVT) LTD,RICHARD COLOURAY,,1,NO,1.00 NO
14595,SANJU PRODUCTS - NECTA ALOEVERA DRINK-PET 200 ML,SANJU PRODUCTS,SANJU PRODUCTS ALOEVERA,PET,200,ML,200.00 ML
41981,LIFEBUOY STRONG & LONG HERBAL SHAMPOO WITH HERBAL EXTRACTS 80 ML PLBOT,UNILEVER SRI LANKA LTD,LIFEBUOY,PLBOT,80,ML,80.00 ML
63930,MASTER CLEANER DISH WASH LIQUID SMART CLEAN 500 ML PLBOT,OWEN LANKA CHEMICALS,MASTER CLEANER,PLBOT,500,ML,500.00 ML
60513,LAKMEE SOY - BUDDY CUTTLE FISH SOYA MEAT WITH CUTTLE FISH TASTE CURRY MIX SACHET 50 GM PLPCH,LAKMEE EXPORTS,LAKMEE,PLPCH,50,GM,50.00 GM
64184,MENAKE CHILLI POWDER 50 GM PLPCH,MENAKE FOOD PRODUCTS,MENAKE,PLPCH,50,GM,50.00 GM
63927,LAKLIGHTS MUTTON FLAVOUR SOYA MEAT 50 GM PLPCH,LAKLIGHTS PRODUCTS,LAKLIGHTS,PLPCH,50,GM,50.00 GM
63331,RAIGAM ELU MAS (MUTTON) KARIYA SOYA MEAT 90 GM PLPCH,RAIGAM MARKETING SERVICE,RAIGAM SOYA,PLPCH,90,GM,90.00 GM
64092,MUNCHEE CAROL COOKIES 85 GM PLPCH,CEYLON BISCUITS LIMITED,MUNCHEE CRUNCHEE CAROLS,PLPCH,85,GM,85.00 GM
63931,DELIGHT CHILLI POWDER 500 GM PLPCH,DREAM GARDEN SPICY PVT LTD,DELIGHT,PLPCH,500,GM,500.00 GM
63935,IMPACT - EAU DE PARFUM NATURAL SPRAY VAPORISATEUR 22 ML CDBOX,LANKA DISTRIBUTOR,IMPACT,CDBOX,22,ML,22.00 ML
63936,SPORTS OF PARIS - EAU DE PARFUM NATURAL SPRAY VAPORISATEUR 22 ML CDBOX,LANKA DISTRIBUTOR,SPORTS OF PARIS,CDBOX,22,ML,22.00 ML
63929,CALIN KOHOMBA SOAP WITH NEEM AND TURMERIC EXTRACT 70 GM CDBOX,DELMAR LANKA PVT LTD,CALIN,CDBOX,70,GM,70.00 GM
63932,WICKRAMA GORAKA PASTE (GAMBOGE) 250 GM PLCUP,WICKRAMA PRODUCTS,WICKRAMA,PLCUP,250,GM,250.00 GM
63934,WICKRAMA GORAKA PASTE (GAMBOGE) 500 GM PLCUP,WICKRAMA PRODUCTS,WICKRAMA,PLCUP,500,GM,500.00 GM
63933,WICKRAMA GORAKA PASTE (GAMBOGE) 100 GM PLCUP,WICKRAMA PRODUCTS,WICKRAMA,PLCUP,100,GM,100.00 GM
63941,DELZIAS CENTER FILL STRAWBERRY FLAVOUR BUBBLE GUM (3.2 GM) 1 NO,FRESHVILLE SWEET (PVT) LTD,DELZIAS,,1,NO,1.00 NO
14611,KINLEY SODA-PET 750 ML,COCA-COLA BEVERAGES,KINLEY SODA,PET,750,ML,750.00 ML
14596,SUN COLA - PET 350 ML,SUNRO LANKA,SUN COLA,PET,350,ML,350.00 ML
14600,SUN ORANGE - PET 750 ML,SUNRO LANKA,SUN ORANGE,PET,750,ML,750.00 ML
14597,SUN NESTA - PET 350 ML,SUNRO LANKA,SUN NESTA,PET,350,ML,350.00 ML
14599,SUN ORANGE - PET 350 ML,SUNRO LANKA,SUN ORANGE,PET,350,ML,350.00 ML
14598,SUN NESTA - PET 750 ML,SUNRO LANKA,SUN NESTA,PET,750,ML,750.00 ML
14601,SUN PRITE - PET 350 ML,SUNRO LANKA,SUN PRITE,PET,350,ML,350.00 ML
14602,SUN PRITE - PET 750 ML,SUNRO LANKA,SUN PRITE,PET,750,ML,750.00 ML
